product_id,category,product_name,brand,price,description,features,stock,delivery_days
1,Sports,Product 1,Brand 8,65.39,"Compact yoga mat from Brand 8. Features non-slip surface, extra thick cushioning, portable for travel and home workouts. Excellent gift option, great value for quality.","durable, travel-ready, adjustable, portable, impact protection, high-performance, travel-friendly, home-friendly",82,2
2,Sports,Product 2,Brand 18,106.32,"High-performance foam roller from Brand 18. Features high-density foam, muscle recovery, portable for post-workout use. Promotes better sleep, great value for quality.","portable, impact protection, high-performance, sweat-resistant, lightweight, home workout friendly, ergonomic grip",15,3
3,Electronics,Product 3,Brand 14,226.75,"Space-saving smart LED bulb from Brand 14. Features color changing, voice control, energy efficient, app scheduling. Designed for active lifestyles, mid-range with solid features.","compact, wireless, smart connectivity, Bluetooth, long battery life",4,4
4,Clothing,Product 4,Brand 6,287.96,"Stylish linen summer shirt from Brand 6. Features lightweight breathable fabric, casual style, perfect for warm weather. Supports healthy living, mid-range with solid features.","stretch fabric, moisture-wicking, temperature regulating, all-season, comfortable fit, versatile layering",95,5
5,Home,Product 5,Brand 28,310.9,"Comfortable memory foam pillow from Brand 28. Features ergonomic support, cooling cover, improved sleep quality. Perfect for home and travel, premium quality investment.","modern design, energy efficient, everyday convenience, multi-functional, quiet operation, easy to clean, eco-friendly, travel-friendly",36,1
6,Books,Product 6,Brand 20,96.44,"Lightweight self-care journal from Brand 20. Features guided prompts, reflection exercises, mental wellness daily practice. Built for long-lasting performance, great value for quality.","page-turner, beginner-friendly, engaging narrative, gift-worthy, inspirational",32,2
7,Books,Product 7,Brand 14,44.23,"Ergonomic culinary travel guide from Brand 14. Features regional recipes, food culture stories, inspiration for home cooks. Encourages outdoor exploration, affordable everyday option.","gift-worthy, inspirational, practical tips, self-improvement, well-researched, illustrated, travel-friendly, home-friendly",29,3
8,Electronics,Product 8,Brand 22,113.24,"Travel-friendly wireless earbuds from Brand 22. Features active noise cancellation, long battery life, comfortable fit for daily commute. Suitable for small spaces, great value for quality.","high resolution, noise cancellation, fast charging, user-friendly app, waterproof, compact, wireless, travel-friendly",18,4
9,Home,Product 9,Brand 13,318.78,"Reliable storage ottoman from Brand 13. Features multi-functional seating, hidden compartment, living room organization. Enhances productivity, premium quality investment.","everyday convenience, multi-functional, quiet operation, easy to clean, eco-friendly",95,5
10,Sports,Product 10,Brand 11,420.52,"Innovative resistance bands from Brand 11. Features multi-level resistance, portable, great for travel and rehabilitation. Great for beginners and experts, premium quality investment.","lightweight, home workout friendly, ergonomic grip, durable, travel-ready, adjustable, travel-friendly",14,2
11,Sports,Product 11,Brand 20,218.02,"Durable running shoes from Brand 20. Features lightweight breathable mesh, cushioned sole, ideal for long-distance running. Optimized for convenience, mid-range with solid features.","durable, travel-ready, adjustable, portable, impact protection, high-performance, sweat-resistant",87,2
12,Clothing,Product 12,Brand 29,327.39,"Versatile denim jeans from Brand 29. Features stretch comfort, classic fit, versatile for casual and smart-casual looks. Ideal for daily use, premium quality investment.","comfortable fit, versatile layering, easy care, packable, breathable",95,3
13,Sports,Product 13,Brand 24,208.77,"Everyday tennis racket from Brand 24. Features lightweight graphite frame, comfortable grip, intermediate to advanced players. Excellent gift option, mid-range with solid features.","sweat-resistant, lightweight, home workout friendly, ergonomic grip, durable, travel-ready",0,4
14,Electronics,Product 14,Brand 15,251.12,"User-friendly noise-cancelling headphones from Brand 15. Features over-ear comfort, 30-hour battery, premium audio quality. Promotes better sleep, mid-range with solid features.","Bluetooth, long battery life, high resolution, noise cancellation, fast charging, user-friendly app, waterproof",70,5
15,Clothing,Product 15,Brand 10,168.0,"Practical denim jeans from Brand 10. Features stretch comfort, classic fit, versatile for casual and smart-casual looks. Designed for active lifestyles, mid-range with solid features.","all-season, comfortable fit, versatile layering, easy care, packable",12,1
16,Clothing,Product 16,Brand 7,208.38,"Premium fleece hoodie from Brand 7. Features soft warmth, kangaroo pocket, casual layering for cool evenings. Supports healthy living, mid-range with solid features.","easy care, packable, breathable, stylish design, stretch fabric, moisture-wicking",76,2
17,Sports,Product 17,Brand 20,142.67,"Compact foam roller from Brand 20. Features high-density foam, muscle recovery, portable for post-workout use. Perfect for home and travel, great value for quality.","home workout friendly, ergonomic grip, durable, travel-ready, adjustable, portable, impact protection, travel-friendly",55,3
18,Sports,Product 18,Brand 10,27.9,"High-performance foam roller from Brand 10. Features high-density foam, muscle recovery, portable for post-workout use. Built for long-lasting performance, affordable everyday option.","travel-ready, adjustable, portable, impact protection, high-performance",5,4
19,Electronics,Product 19,Brand 9,33.19,"Space-saving smart LED bulb from Brand 9. Features color changing, voice control, energy efficient, app scheduling. Encourages outdoor exploration, affordable everyday option.","user-friendly app, waterproof, compact, wireless, smart connectivity, Bluetooth",4,5
20,Electronics,Product 20,Brand 6,320.85,"Stylish wireless earbuds from Brand 6. Features active noise cancellation, long battery life, comfortable fit for daily commute. Suitable for small spaces, premium quality investment.","wireless, smart connectivity, Bluetooth, long battery life, high resolution, noise cancellation, fast charging",12,1
21,Sports,Product 21,Brand 15,354.63,"Comfortable foam roller from Brand 15. Features high-density foam, muscle recovery, portable for post-workout use. Enhances productivity, premium quality investment.","durable, travel-ready, adjustable, portable, impact protection",28,3
22,Clothing,Product 22,Brand 30,287.09,"Lightweight merino wool sweater from Brand 30. Features soft temperature-regulating fabric, itch-free, ideal for travel layering. Great for beginners and experts, mid-range with solid features.","comfortable fit, versatile layering, easy care, packable, breathable, stylish design, travel-friendly",30,3
23,Electronics,Product 23,Brand 5,236.92,"Ergonomic webcam from Brand 5. Features 1080p HD, auto-focus, built-in microphone, video calls and streaming. Optimized for convenience, mid-range with solid features.","compact, wireless, smart connectivity, Bluetooth, long battery life, high resolution, noise cancellation",65,4
24,Home,Product 24,Brand 17,248.96,"Travel-friendly stainless steel cookware set from Brand 17. Features induction compatible, durable, multi-piece kitchen essential. Ideal for daily use, mid-range with solid features.","durable materials, space-saving, adjustable settings, modern design, energy efficient, travel-friendly",78,5
25,Books,Product 25,Brand 29,149.42,"Reliable travel adventure memoir from Brand 29. Features inspiring journeys, cultural insights, perfect for wanderlust readers. Excellent gift option, great value for quality.","well-researched, illustrated, immersive reading, page-turner, beginner-friendly, engaging narrative, travel-friendly",4,1
26,Books,Product 26,Brand 5,49.06,"Innovative mindfulness meditation guide from Brand 5. Features practical exercises, stress reduction, daily practice for beginners. Promotes better sleep, affordable everyday option.","page-turner, beginner-friendly, engaging narrative, gift-worthy, inspirational, practical tips, self-improvement",0,2
27,Sports,Product 27,Brand 8,344.08,"Durable hiking backpack from Brand 8. Features ergonomic straps, multiple compartments, water-resistant, outdoor adventures. Designed for active lifestyles, premium quality investment.","home workout friendly, ergonomic grip, durable, travel-ready, adjustable",72,3
28,Electronics,Product 28,Brand 19,216.85,"Versatile wireless earbuds from Brand 19. Features active noise cancellation, long battery life, comfortable fit for daily commute. Supports healthy living, mid-range with solid features.","high resolution, noise cancellation, fast charging, user-friendly app, waterproof, compact",26,4
29,Home,Product 29,Brand 18,363.0,"Everyday stainless steel cookware set from Brand 18. Features induction compatible, durable, multi-piece kitchen essential. Perfect for home and travel, premium quality investment.","everyday convenience, multi-functional, quiet operation, easy to clean, eco-friendly, durable materials, space-saving, travel-friendly",92,6
30,Electronics,Product 30,Brand 23,262.73,"User-friendly noise-cancelling headphones from Brand 23. Features over-ear comfort, 30-hour battery, premium audio quality. Built for long-lasting performance, mid-range with solid features.","wireless, smart connectivity, Bluetooth, long battery life, high resolution",84,1
31,Electronics,Product 31,Brand 12,105.99,"Practical USB-C hub from Brand 12. Features multi-port adapter, 4K HDMI support, compact for laptop productivity. Encourages outdoor exploration, great value for quality.","long battery life, high resolution, noise cancellation, fast charging, user-friendly app, waterproof",90,2
32,Sports,Product 32,Brand 17,122.62,"Premium sports water bottle from Brand 17. Features insulated stainless steel, leak-proof, keeps drinks cold for hours. Suitable for small spaces, great value for quality.","portable, impact protection, high-performance, sweat-resistant, lightweight, home workout friendly, ergonomic grip",70,3
33,Sports,Product 33,Brand 14,326.58,"Compact fitness tracker from Brand 14. Features heart rate monitor, step counter, long battery life, waterproof. Enhances productivity, premium quality investment.","sweat-resistant, lightweight, home workout friendly, ergonomic grip, durable",54,4
34,Clothing,Product 34,Brand 1,86.78,"High-performance waterproof hiking jacket from Brand 1. Features breathable membrane, packable, weather protection for outdoor activities. Great for beginners and experts, great value for quality.","stretch fabric, moisture-wicking, temperature regulating, all-season, comfortable fit, versatile layering",29,5
35,Sports,Product 35,Brand 18,113.72,"Space-saving dumbbell set from Brand 18. Features adjustable weights, compact design, perfect for home gym strength training. Optimized for convenience, great value for quality.","adjustable, portable, impact protection, high-performance, sweat-resistant, lightweight, home workout friendly, home-friendly",58,1
36,Clothing,Product 36,Brand 28,482.02,"Stylish wool blend socks from Brand 28. Features cushioned sole, moisture control, durable for hiking and daily use. Ideal for daily use, premium quality investment.","easy care, packable, breathable, stylish design, stretch fabric",76,3
37,Electronics,Product 37,Brand 5,276.62,"Comfortable portable Bluetooth speaker from Brand 5. Features waterproof, deep bass, 20-hour playtime, outdoor and travel use. Excellent gift option, mid-range with solid features.","smart connectivity, Bluetooth, long battery life, high resolution, noise cancellation, fast charging, travel-friendly",36,3
38,Clothing,Product 38,Brand 12,274.58,"Lightweight fleece hoodie from Brand 12. Features soft warmth, kangaroo pocket, casual layering for cool evenings. Promotes better sleep, mid-range with solid features.","temperature regulating, all-season, comfortable fit, versatile layering, easy care, packable, breathable",1,4
39,Clothing,Product 39,Brand 4,169.63,"Ergonomic waterproof hiking jacket from Brand 4. Features breathable membrane, packable, weather protection for outdoor activities. Designed for active lifestyles, mid-range with solid features.","versatile layering, easy care, packable, breathable, stylish design",0,5
40,Books,Product 40,Brand 12,131.64,"Travel-friendly mindfulness meditation guide from Brand 12. Features practical exercises, stress reduction, daily practice for beginners. Supports healthy living, great value for quality.","engaging narrative, gift-worthy, inspirational, practical tips, self-improvement, well-researched, travel-friendly",98,1
41,Electronics,Product 41,Brand 18,298.94,"Reliable wireless earbuds from Brand 18. Features active noise cancellation, long battery life, comfortable fit for daily commute. Perfect for home and travel, mid-range with solid features.","long battery life, high resolution, noise cancellation, fast charging, user-friendly app, waterproof, compact, travel-friendly",21,2
42,Books,Product 42,Brand 2,35.76,"Innovative plant-based cookbook from Brand 2. Features easy recipes, nutritional tips, healthy everyday cooking. Built for long-lasting performance, affordable everyday option.","illustrated, immersive reading, page-turner, beginner-friendly, engaging narrative",90,3
43,Home,Product 43,Brand 10,366.86,"Durable blackout curtains from Brand 10. Features thermal insulation, room darkening, better sleep and energy savings. Encourages outdoor exploration, premium quality investment.","quiet operation, easy to clean, eco-friendly, durable materials, space-saving, adjustable settings",55,5
44,Books,Product 44,Brand 10,465.17,"Versatile plant-based cookbook from Brand 10. Features easy recipes, nutritional tips, healthy everyday cooking. Suitable for small spaces, premium quality investment.","inspirational, practical tips, self-improvement, well-researched, illustrated, immersive reading, page-turner",44,6
45,Books,Product 45,Brand 10,397.53,"Everyday historical fiction epic from Brand 10. Features rich period detail, emotional storytelling, immersive reading experience. Enhances productivity, premium quality investment.","well-researched, illustrated, immersive reading, page-turner, beginner-friendly",36,2
46,Sports,Product 46,Brand 22,337.79,"User-friendly resistance bands from Brand 22. Features multi-level resistance, portable, great for travel and rehabilitation. Great for beginners and experts, premium quality investment.","high-performance, sweat-resistant, lightweight, home workout friendly, ergonomic grip, durable, travel-friendly",20,2
47,Electronics,Product 47,Brand 14,327.18,"Practical wireless earbuds from Brand 14. Features active noise cancellation, long battery life, comfortable fit for daily commute. Optimized for convenience, premium quality investment.","smart connectivity, Bluetooth, long battery life, high resolution, noise cancellation, fast charging, user-friendly app",28,3
48,Electronics,Product 48,Brand 21,41.44,"Premium action camera from Brand 21. Features 4K video, waterproof housing, image stabilization for adventure sports. Ideal for daily use, affordable everyday option.","high resolution, noise cancellation, fast charging, user-friendly app, waterproof",98,4
49,Books,Product 49,Brand 30,9.66,"Compact productivity systems book from Brand 30. Features time management, habit building, focus techniques for professionals. Excellent gift option, affordable everyday option.","immersive reading, page-turner, beginner-friendly, engaging narrative, gift-worthy, inspirational",44,5
50,Clothing,Product 50,Brand 11,40.08,"High-performance travel scarf from Brand 11. Features versatile multi-use, soft fabric, compact packing for trips. Promotes better sleep, affordable everyday option.","breathable, stylish design, stretch fabric, moisture-wicking, temperature regulating, all-season, comfortable fit, travel-friendly",14,1
51,Home,Product 51,Brand 10,111.35,"Space-saving LED desk lamp from Brand 10. Features adjustable brightness, USB charging port, eye-care for study and work. Designed for active lifestyles, great value for quality.","space-saving, adjustable settings, modern design, energy efficient, everyday convenience",12,2
52,Books,Product 52,Brand 23,431.88,"Stylish home workout handbook from Brand 23. Features bodyweight exercises, no-equipment routines, fitness at home. Supports healthy living, premium quality investment.","illustrated, immersive reading, page-turner, beginner-friendly, engaging narrative, gift-worthy, home-friendly",0,4
53,Sports,Product 53,Brand 7,281.36,"Comfortable fitness tracker from Brand 7. Features heart rate monitor, step counter, long battery life, waterproof. Perfect for home and travel, mid-range with solid features.","sweat-resistant, lightweight, home workout friendly, ergonomic grip, durable, travel-ready, adjustable, travel-friendly",49,4
54,Books,Product 54,Brand 3,349.31,"Lightweight productivity systems book from Brand 3. Features time management, habit building, focus techniques for professionals. Built for long-lasting performance, premium quality investment.","inspirational, practical tips, self-improvement, well-researched, illustrated",13,5
55,Electronics,Product 55,Brand 10,368.28,"Ergonomic e-reader from Brand 10. Features glare-free screen, weeks of battery, lightweight for reading on the go. Encourages outdoor exploration, premium quality investment.","noise cancellation, fast charging, user-friendly app, waterproof, compact, wireless",46,2
56,Sports,Product 56,Brand 15,362.43,"Travel-friendly jump rope from Brand 15. Features adjustable length, ball bearings, ideal for cardio and HIIT workouts. Suitable for small spaces, premium quality investment.","high-performance, sweat-resistant, lightweight, home workout friendly, ergonomic grip, durable, travel-ready, travel-friendly",45,3
57,Home,Product 57,Brand 27,106.4,"Reliable smart thermostat from Brand 27. Features energy saving, app control, learning schedule for home climate. Enhances productivity, great value for quality.","eco-friendly, durable materials, space-saving, adjustable settings, modern design",78,3
58,Clothing,Product 58,Brand 21,460.21,"Innovative insulated winter coat from Brand 21. Features down-filled, water-resistant shell, warm for cold climate travel. Great for beginners and experts, premium quality investment.","temperature regulating, all-season, comfortable fit, versatile layering, easy care, packable, travel-friendly",34,5
59,Books,Product 59,Brand 13,305.32,"Durable self-care journal from Brand 13. Features guided prompts, reflection exercises, mental wellness daily practice. Optimized for convenience, premium quality investment.","immersive reading, page-turner, beginner-friendly, engaging narrative, gift-worthy, inspirational, practical tips",6,5
60,Books,Product 60,Brand 8,422.67,"Versatile home workout handbook from Brand 8. Features bodyweight exercises, no-equipment routines, fitness at home. Ideal for daily use, premium quality investment.","engaging narrative, gift-worthy, inspirational, practical tips, self-improvement, home-friendly",94,2
61,Books,Product 61,Brand 1,127.1,"Everyday historical fiction epic from Brand 1. Features rich period detail, emotional storytelling, immersive reading experience. Excellent gift option, great value for quality.","practical tips, self-improvement, well-researched, illustrated, immersive reading, page-turner",59,2
62,Books,Product 62,Brand 16,149.84,"User-friendly mindfulness meditation guide from Brand 16. Features practical exercises, stress reduction, daily practice for beginners. Promotes better sleep, great value for quality.","illustrated, immersive reading, page-turner, beginner-friendly, engaging narrative, gift-worthy, inspirational",69,3
63,Home,Product 63,Brand 25,448.1,"Practical essential oil diffuser from Brand 25. Features ultrasonic mist, timer settings, calming aromatherapy for home. Designed for active lifestyles, premium quality investment.","quiet operation, easy to clean, eco-friendly, durable materials, space-saving",16,5
64,Electronics,Product 64,Brand 7,59.17,"Premium portable power bank from Brand 7. Features high capacity, fast charging, lightweight for travel emergencies. Supports healthy living, great value for quality.","Bluetooth, long battery life, high resolution, noise cancellation, fast charging, user-friendly app, travel-friendly",49,5
65,Books,Product 65,Brand 7,346.11,"Compact personal finance primer from Brand 7. Features budgeting strategies, investing basics, financial independence. Perfect for home and travel, premium quality investment.","well-researched, illustrated, immersive reading, page-turner, beginner-friendly, engaging narrative, gift-worthy, travel-friendly",0,1
66,Clothing,Product 66,Brand 25,213.44,"High-performance insulated winter coat from Brand 25. Features down-filled, water-resistant shell, warm for cold climate travel. Built for long-lasting performance, mid-range with solid features.","easy care, packable, breathable, stylish design, stretch fabric, travel-friendly",11,2
67,Books,Product 67,Brand 14,352.54,"Space-saving self-care journal from Brand 14. Features guided prompts, reflection exercises, mental wellness daily practice. Encourages outdoor exploration, premium quality investment.","gift-worthy, inspirational, practical tips, self-improvement, well-researched, illustrated",71,4
68,Clothing,Product 68,Brand 26,189.91,"Stylish fleece hoodie from Brand 26. Features soft warmth, kangaroo pocket, casual layering for cool evenings. Suitable for small spaces, mid-range with solid features.","temperature regulating, all-season, comfortable fit, versatile layering, easy care, packable, breathable",38,4
69,Sports,Product 69,Brand 23,38.65,"Comfortable hiking backpack from Brand 23. Features ergonomic straps, multiple compartments, water-resistant, outdoor adventures. Enhances productivity, affordable everyday option.","impact protection, high-performance, sweat-resistant, lightweight, home workout friendly",81,5
70,Sports,Product 70,Brand 25,84.08,"Lightweight sports water bottle from Brand 25. Features insulated stainless steel, leak-proof, keeps drinks cold for hours. Great for beginners and experts, great value for quality.","lightweight, home workout friendly, ergonomic grip, durable, travel-ready, adjustable",80,1
71,Sports,Product 71,Brand 18,110.0,"Ergonomic running shoes from Brand 18. Features lightweight breathable mesh, cushioned sole, ideal for long-distance running. Optimized for convenience, great value for quality.","durable, travel-ready, adjustable, portable, impact protection, high-performance, sweat-resistant",47,2
72,Books,Product 72,Brand 21,449.54,"Travel-friendly productivity systems book from Brand 21. Features time management, habit building, focus techniques for professionals. Ideal for daily use, premium quality investment.","illustrated, immersive reading, page-turner, beginner-friendly, engaging narrative, travel-friendly",74,4
73,Home,Product 73,Brand 16,462.67,"Reliable ceramic non-stick pan from Brand 16. Features even heat distribution, easy clean, healthy everyday cooking. Excellent gift option, premium quality investment.","quiet operation, easy to clean, eco-friendly, durable materials, space-saving, adjustable settings",25,5
74,Books,Product 74,Brand 14,71.71,"Innovative culinary travel guide from Brand 14. Features regional recipes, food culture stories, inspiration for home cooks. Promotes better sleep, great value for quality.","inspirational, practical tips, self-improvement, well-researched, illustrated, immersive reading, page-turner, travel-friendly",91,5
75,Sports,Product 75,Brand 12,495.4,"Durable cycling helmet from Brand 12. Features ventilated design, adjustable fit, impact protection for road cycling. Designed for active lifestyles, premium quality investment.","adjustable, portable, impact protection, high-performance, sweat-resistant",9,2
76,Home,Product 76,Brand 28,220.69,"Versatile essential oil diffuser from Brand 28. Features ultrasonic mist, timer settings, calming aromatherapy for home. Supports healthy living, mid-range with solid features.","multi-functional, quiet operation, easy to clean, eco-friendly, durable materials, space-saving",6,2
77,Home,Product 77,Brand 7,112.84,"Everyday smart thermostat from Brand 7. Features energy saving, app control, learning schedule for home climate. Perfect for home and travel, great value for quality.","eco-friendly, durable materials, space-saving, adjustable settings, modern design, energy efficient, everyday convenience, travel-friendly",85,3
78,Sports,Product 78,Brand 29,335.93,"User-friendly hiking backpack from Brand 29. Features ergonomic straps, multiple compartments, water-resistant, outdoor adventures. Built for long-lasting performance, premium quality investment.","travel-ready, adjustable, portable, impact protection, high-performance",0,4
79,Home,Product 79,Brand 22,239.54,"Practical bamboo cutting board from Brand 22. Features knife-friendly surface, antimicrobial, sustainable kitchen tool. Encourages outdoor exploration, mid-range with solid features.","everyday convenience, multi-functional, quiet operation, easy to clean, eco-friendly, durable materials",30,5
80,Home,Product 80,Brand 9,313.6,"Premium memory foam pillow from Brand 9. Features ergonomic support, cooling cover, improved sleep quality. Suitable for small spaces, premium quality investment.","easy to clean, eco-friendly, durable materials, space-saving, adjustable settings, modern design, energy efficient",99,1
81,Electronics,Product 81,Brand 4,434.68,"Compact noise-cancelling headphones from Brand 4. Features over-ear comfort, 30-hour battery, premium audio quality. Enhances productivity, premium quality investment.","long battery life, high resolution, noise cancellation, fast charging, user-friendly app",38,3
82,Books,Product 82,Brand 30,471.46,"High-performance nature photography collection from Brand 30. Features stunning visuals, outdoor inspiration, coffee-table quality. Great for beginners and experts, premium quality investment.","illustrated, immersive reading, page-turner, beginner-friendly, engaging narrative, gift-worthy",11,4
83,Home,Product 83,Brand 17,342.58,"Space-saving storage ottoman from Brand 17. Features multi-functional seating, hidden compartment, living room organization. Optimized for convenience, premium quality investment.","quiet operation, easy to clean, eco-friendly, durable materials, space-saving, adjustable settings, modern design",30,4
84,Clothing,Product 84,Brand 17,496.4,"Stylish wool blend socks from Brand 17. Features cushioned sole, moisture control, durable for hiking and daily use. Ideal for daily use, premium quality investment.","stretch fabric, moisture-wicking, temperature regulating, all-season, comfortable fit",13,6
85,Home,Product 85,Brand 8,452.59,"Comfortable bamboo cutting board from Brand 8. Features knife-friendly surface, antimicrobial, sustainable kitchen tool. Excellent gift option, premium quality investment.","modern design, energy efficient, everyday convenience, multi-functional, quiet operation, easy to clean",49,2
86,Home,Product 86,Brand 23,81.77,"Lightweight robot vacuum from Brand 23. Features smart mapping, app control, pet hair cleaning, hands-free floor care. Promotes better sleep, great value for quality.","multi-functional, quiet operation, easy to clean, eco-friendly, durable materials, space-saving, adjustable settings",36,2
87,Clothing,Product 87,Brand 14,445.58,"Ergonomic merino wool sweater from Brand 14. Features soft temperature-regulating fabric, itch-free, ideal for travel layering. Designed for active lifestyles, premium quality investment.","stylish design, stretch fabric, moisture-wicking, temperature regulating, all-season, travel-friendly",59,4
88,Books,Product 88,Brand 13,422.55,"Travel-friendly sci-fi space opera novel from Brand 13. Features epic world-building, compelling characters, page-turning adventure. Supports healthy living, premium quality investment.","self-improvement, well-researched, illustrated, immersive reading, page-turner, beginner-friendly, travel-friendly",82,5
89,Electronics,Product 89,Brand 3,116.55,"Reliable wireless earbuds from Brand 3. Features active noise cancellation, long battery life, comfortable fit for daily commute. Perfect for home and travel, great value for quality.","user-friendly app, waterproof, compact, wireless, smart connectivity, Bluetooth, long battery life, travel-friendly",47,5
90,Sports,Product 90,Brand 24,86.79,"Innovative foam roller from Brand 24. Features high-density foam, muscle recovery, portable for post-workout use. Built for long-lasting performance, great value for quality.","lightweight, home workout friendly, ergonomic grip, durable, travel-ready",21,1
91,Clothing,Product 91,Brand 10,192.85,"Durable denim jeans from Brand 10. Features stretch comfort, classic fit, versatile for casual and smart-casual looks. Encourages outdoor exploration, mid-range with solid features.","moisture-wicking, temperature regulating, all-season, comfortable fit, versatile layering, easy care",0,2
92,Home,Product 92,Brand 1,303.89,"Versatile storage ottoman from Brand 1. Features multi-functional seating, hidden compartment, living room organization. Suitable for small spaces, premium quality investment.","energy efficient, everyday convenience, multi-functional, quiet operation, easy to clean, eco-friendly, durable materials",48,3
93,Clothing,Product 93,Brand 4,145.49,"Everyday athletic shorts from Brand 4. Features quick-dry fabric, side pockets, comfortable for workouts and casual wear. Enhances productivity, great value for quality.","packable, breathable, stylish design, stretch fabric, moisture-wicking",46,4
94,Home,Product 94,Brand 24,372.31,"User-friendly ceramic non-stick pan from Brand 24. Features even heat distribution, easy clean, healthy everyday cooking. Great for beginners and experts, premium quality investment.","durable materials, space-saving, adjustable settings, modern design, energy efficient, everyday convenience",27,6
95,Books,Product 95,Brand 18,336.93,"Practical home workout handbook from Brand 18. Features bodyweight exercises, no-equipment routines, fitness at home. Optimized for convenience, premium quality investment.","well-researched, illustrated, immersive reading, page-turner, beginner-friendly, engaging narrative, gift-worthy, home-friendly",86,1
96,Clothing,Product 96,Brand 4,35.29,"Premium insulated winter coat from Brand 4. Features down-filled, water-resistant shell, warm for cold climate travel. Ideal for daily use, affordable everyday option.","easy care, packable, breathable, stylish design, stretch fabric, travel-friendly",35,2
97,Clothing,Product 97,Brand 17,448.58,"Compact insulated winter coat from Brand 17. Features down-filled, water-resistant shell, warm for cold climate travel. Excellent gift option, premium quality investment.","stylish design, stretch fabric, moisture-wicking, temperature regulating, all-season, comfortable fit, travel-friendly",90,4
98,Books,Product 98,Brand 4,246.29,"High-performance personal finance primer from Brand 4. Features budgeting strategies, investing basics, financial independence. Promotes better sleep, mid-range with solid features.","self-improvement, well-researched, illustrated, immersive reading, page-turner, beginner-friendly, engaging narrative",88,4
99,Home,Product 99,Brand 21,463.31,"Space-saving storage ottoman from Brand 21. Features multi-functional seating, hidden compartment, living room organization. Designed for active lifestyles, premium quality investment.","everyday convenience, multi-functional, quiet operation, easy to clean, eco-friendly",83,6
100,Electronics,Product 100,Brand 10,162.51,"Stylish wireless keyboard from Brand 10. Features slim design, long battery, quiet keys, office and remote work. Supports healthy living, mid-range with solid features.","wireless, smart connectivity, Bluetooth, long battery life, high resolution, noise cancellation",10,1
101,Electronics,Product 101,Brand 12,401.92,"Comfortable webcam from Brand 12. Features 1080p HD, auto-focus, built-in microphone, video calls and streaming. Perfect for home and travel, premium quality investment.","long battery life, high resolution, noise cancellation, fast charging, user-friendly app, waterproof, compact, travel-friendly",78,3
102,Clothing,Product 102,Brand 9,145.79,"Lightweight fleece hoodie from Brand 9. Features soft warmth, kangaroo pocket, casual layering for cool evenings. Built for long-lasting performance, great value for quality.","comfortable fit, versatile layering, easy care, packable, breathable",82,3
103,Home,Product 103,Brand 6,480.38,"Ergonomic weighted blanket from Brand 6. Features deep pressure comfort, soft cover, better sleep and anxiety relief. Encourages outdoor exploration, premium quality investment.","quiet operation, easy to clean, eco-friendly, durable materials, space-saving, adjustable settings",22,5
104,Sports,Product 104,Brand 11,460.15,"Travel-friendly running shoes from Brand 11. Features lightweight breathable mesh, cushioned sole, ideal for long-distance running. Suitable for small spaces, premium quality investment.","ergonomic grip, durable, travel-ready, adjustable, portable, impact protection, high-performance, travel-friendly",0,6
105,Electronics,Product 105,Brand 29,279.91,"Reliable action camera from Brand 29. Features 4K video, waterproof housing, image stabilization for adventure sports. Enhances productivity, mid-range with solid features.","noise cancellation, fast charging, user-friendly app, waterproof, compact",69,1
106,Clothing,Product 106,Brand 5,349.24,"Innovative sun protection hat from Brand 5. Features UPF rated, wide brim, packable, outdoor activities and travel. Great for beginners and experts, premium quality investment.","easy care, packable, breathable, stylish design, stretch fabric, moisture-wicking, travel-friendly",94,2
107,Home,Product 107,Brand 27,194.93,"Durable storage ottoman from Brand 27. Features multi-functional seating, hidden compartment, living room organization. Optimized for convenience, mid-range with solid features.","eco-friendly, durable materials, space-saving, adjustable settings, modern design, energy efficient, everyday convenience",32,3
108,Clothing,Product 108,Brand 10,402.68,"Versatile travel scarf from Brand 10. Features versatile multi-use, soft fabric, compact packing for trips. Ideal for daily use, premium quality investment.","temperature regulating, all-season, comfortable fit, versatile layering, easy care, travel-friendly",21,5
109,Home,Product 109,Brand 1,18.52,"Everyday memory foam pillow from Brand 1. Features ergonomic support, cooling cover, improved sleep quality. Excellent gift option, affordable everyday option.","everyday convenience, multi-functional, quiet operation, easy to clean, eco-friendly, durable materials",60,5
110,Sports,Product 110,Brand 19,273.98,"User-friendly hiking backpack from Brand 19. Features ergonomic straps, multiple compartments, water-resistant, outdoor adventures. Promotes better sleep, mid-range with solid features.","lightweight, home workout friendly, ergonomic grip, durable, travel-ready, adjustable, portable",49,1
111,Sports,Product 111,Brand 27,16.44,"Practical hiking backpack from Brand 27. Features ergonomic straps, multiple compartments, water-resistant, outdoor adventures. Designed for active lifestyles, affordable everyday option.","durable, travel-ready, adjustable, portable, impact protection",35,2
112,Electronics,Product 112,Brand 26,234.63,"Premium webcam from Brand 26. Features 1080p HD, auto-focus, built-in microphone, video calls and streaming. Supports healthy living, mid-range with solid features.","fast charging, user-friendly app, waterproof, compact, wireless, smart connectivity",82,3
113,Books,Product 113,Brand 4,310.96,"Compact mindfulness meditation guide from Brand 4. Features practical exercises, stress reduction, daily practice for beginners. Perfect for home and travel, premium quality investment.","beginner-friendly, engaging narrative, gift-worthy, inspirational, practical tips, self-improvement, well-researched, travel-friendly",89,4
114,Sports,Product 114,Brand 19,66.63,"High-performance yoga mat from Brand 19. Features non-slip surface, extra thick cushioning, portable for travel and home workouts. Built for long-lasting performance, great value for quality.","ergonomic grip, durable, travel-ready, adjustable, portable, travel-friendly, home-friendly",72,5
115,Books,Product 115,Brand 3,13.16,"Space-saving mindfulness meditation guide from Brand 3. Features practical exercises, stress reduction, daily practice for beginners. Encourages outdoor exploration, affordable everyday option.","well-researched, illustrated, immersive reading, page-turner, beginner-friendly, engaging narrative",29,1
116,Clothing,Product 116,Brand 12,252.15,"Stylish denim jeans from Brand 12. Features stretch comfort, classic fit, versatile for casual and smart-casual looks. Suitable for small spaces, mid-range with solid features.","easy care, packable, breathable, stylish design, stretch fabric, moisture-wicking, temperature regulating",88,2
117,Books,Product 117,Brand 16,294.8,"Comfortable culinary travel guide from Brand 16. Features regional recipes, food culture stories, inspiration for home cooks. Enhances productivity, mid-range with solid features.","gift-worthy, inspirational, practical tips, self-improvement, well-researched, travel-friendly, home-friendly",0,3
118,Home,Product 118,Brand 7,434.72,"Lightweight ceramic non-stick pan from Brand 7. Features even heat distribution, easy clean, healthy everyday cooking. Great for beginners and experts, premium quality investment.","adjustable settings, modern design, energy efficient, everyday convenience, multi-functional, quiet operation",42,5
119,Clothing,Product 119,Brand 16,490.01,"Ergonomic denim jeans from Brand 16. Features stretch comfort, classic fit, versatile for casual and smart-casual looks. Optimized for convenience, premium quality investment.","versatile layering, easy care, packable, breathable, stylish design, stretch fabric, moisture-wicking",99,6
120,Books,Product 120,Brand 21,238.05,"Travel-friendly personal finance primer from Brand 21. Features budgeting strategies, investing basics, financial independence. Ideal for daily use, mid-range with solid features.","engaging narrative, gift-worthy, inspirational, practical tips, self-improvement, travel-friendly",100,1
121,Books,Product 121,Brand 15,259.95,"Reliable home workout handbook from Brand 15. Features bodyweight exercises, no-equipment routines, fitness at home. Excellent gift option, mid-range with solid features.","practical tips, self-improvement, well-researched, illustrated, immersive reading, page-turner, home-friendly",8,2
122,Home,Product 122,Brand 26,277.93,"Innovative blackout curtains from Brand 26. Features thermal insulation, room darkening, better sleep and energy savings. Promotes better sleep, mid-range with solid features.","energy efficient, everyday convenience, multi-functional, quiet operation, easy to clean, eco-friendly, durable materials",30,3
123,Books,Product 123,Brand 5,51.1,"Durable personal finance primer from Brand 5. Features budgeting strategies, investing basics, financial independence. Designed for active lifestyles, great value for quality.","beginner-friendly, engaging narrative, gift-worthy, inspirational, practical tips",5,4
124,Home,Product 124,Brand 26,455.56,"Versatile smart thermostat from Brand 26. Features energy saving, app control, learning schedule for home climate. Supports healthy living, premium quality investment.","durable materials, space-saving, adjustable settings, modern design, energy efficient, everyday convenience",41,6
125,Clothing,Product 125,Brand 3,389.21,"Everyday linen summer shirt from Brand 3. Features lightweight breathable fabric, casual style, perfect for warm weather. Perfect for home and travel, premium quality investment.","all-season, comfortable fit, versatile layering, easy care, packable, breathable, stylish design, travel-friendly",52,2
126,Electronics,Product 126,Brand 19,230.92,"User-friendly e-reader from Brand 19. Features glare-free screen, weeks of battery, lightweight for reading on the go. Built for long-lasting performance, mid-range with solid features.","waterproof, compact, wireless, smart connectivity, Bluetooth",35,2
127,Electronics,Product 127,Brand 28,304.96,"Practical smartwatch from Brand 28. Features fitness tracking, heart rate sensor, notifications, multi-day battery. Encourages outdoor exploration, premium quality investment.","smart connectivity, Bluetooth, long battery life, high resolution, noise cancellation, fast charging",9,3
128,Sports,Product 128,Brand 11,471.36,"Premium hiking backpack from Brand 11. Features ergonomic straps, multiple compartments, water-resistant, outdoor adventures. Suitable for small spaces, premium quality investment.","travel-ready, adjustable, portable, impact protection, high-performance, sweat-resistant, lightweight",28,5
129,Clothing,Product 129,Brand 11,83.54,"Compact sun protection hat from Brand 11. Features UPF rated, wide brim, packable, outdoor activities and travel. Enhances productivity, great value for quality.","versatile layering, easy care, packable, breathable, stylish design, travel-friendly",73,5
130,Clothing,Product 130,Brand 24,386.66,"High-performance merino wool sweater from Brand 24. Features soft temperature-regulating fabric, itch-free, ideal for travel layering. Great for beginners and experts, premium quality investment.","breathable, stylish design, stretch fabric, moisture-wicking, temperature regulating, all-season, travel-friendly",0,2
131,Sports,Product 131,Brand 19,397.29,"Space-saving hiking backpack from Brand 19. Features ergonomic straps, multiple compartments, water-resistant, outdoor adventures. Optimized for convenience, premium quality investment.","durable, travel-ready, adjustable, portable, impact protection, high-performance, sweat-resistant",92,3
132,Books,Product 132,Brand 19,476.67,"Stylish home workout handbook from Brand 19. Features bodyweight exercises, no-equipment routines, fitness at home. Ideal for daily use, premium quality investment.","illustrated, immersive reading, page-turner, beginner-friendly, engaging narrative, home-friendly",41,4
133,Sports,Product 133,Brand 15,233.32,"Comfortable yoga mat from Brand 15. Features non-slip surface, extra thick cushioning, portable for travel and home workouts. Excellent gift option, mid-range with solid features.","sweat-resistant, lightweight, home workout friendly, ergonomic grip, durable, travel-ready, travel-friendly, home-friendly",28,4
134,Sports,Product 134,Brand 25,196.14,"Lightweight cycling helmet from Brand 25. Features ventilated design, adjustable fit, impact protection for road cycling. Promotes better sleep, mid-range with solid features.","ergonomic grip, durable, travel-ready, adjustable, portable, impact protection, high-performance",84,5
135,Books,Product 135,Brand 26,320.54,"Ergonomic self-care journal from Brand 26. Features guided prompts, reflection exercises, mental wellness daily practice. Designed for active lifestyles, premium quality investment.","well-researched, illustrated, immersive reading, page-turner, beginner-friendly",64,1
136,Clothing,Product 136,Brand 1,91.3,"Travel-friendly athletic shorts from Brand 1. Features quick-dry fabric, side pockets, comfortable for workouts and casual wear. Supports healthy living, great value for quality.","easy care, packable, breathable, stylish design, stretch fabric, moisture-wicking, travel-friendly",51,2
137,Clothing,Product 137,Brand 21,91.7,"Reliable insulated winter coat from Brand 21. Features down-filled, water-resistant shell, warm for cold climate travel. Perfect for home and travel, great value for quality.","stylish design, stretch fabric, moisture-wicking, temperature regulating, all-season, comfortable fit, versatile layering, travel-friendly",83,3
138,Clothing,Product 138,Brand 28,321.52,"Innovative athletic shorts from Brand 28. Features quick-dry fabric, side pockets, comfortable for workouts and casual wear. Built for long-lasting performance, premium quality investment.","temperature regulating, all-season, comfortable fit, versatile layering, easy care",59,4
139,Clothing,Product 139,Brand 30,388.61,"Durable fleece hoodie from Brand 30. Features soft warmth, kangaroo pocket, casual layering for cool evenings. Encourages outdoor exploration, premium quality investment.","versatile layering, easy care, packable, breathable, stylish design, stretch fabric",19,6
140,Clothing,Product 140,Brand 3,231.44,"Versatile travel scarf from Brand 3. Features versatile multi-use, soft fabric, compact packing for trips. Suitable for small spaces, mid-range with solid features.","breathable, stylish design, stretch fabric, moisture-wicking, temperature regulating, all-season, comfortable fit, travel-friendly",34,1
141,Sports,Product 141,Brand 18,453.26,"Everyday knee support brace from Brand 18. Features breathable neoprene, adjustable straps, joint stability during activity. Enhances productivity, premium quality investment.","durable, travel-ready, adjustable, portable, impact protection",18,3
142,Sports,Product 142,Brand 21,197.84,"User-friendly jump rope from Brand 21. Features adjustable length, ball bearings, ideal for cardio and HIIT workouts. Great for beginners and experts, mid-range with solid features.","portable, impact protection, high-performance, sweat-resistant, lightweight, home workout friendly",32,3
143,Sports,Product 143,Brand 21,374.96,"Practical sports water bottle from Brand 21. Features insulated stainless steel, leak-proof, keeps drinks cold for hours. Optimized for convenience, premium quality investment.","sweat-resistant, lightweight, home workout friendly, ergonomic grip, durable, travel-ready, adjustable",0,5
144,Books,Product 144,Brand 16,254.48,"Premium mindfulness meditation guide from Brand 16. Features practical exercises, stress reduction, daily practice for beginners. Ideal for daily use, mid-range with solid features.","inspirational, practical tips, self-improvement, well-researched, illustrated",96,5
145,Clothing,Product 145,Brand 22,143.66,"Compact linen summer shirt from Brand 22. Features lightweight breathable fabric, casual style, perfect for warm weather. Excellent gift option, great value for quality.","all-season, comfortable fit, versatile layering, easy care, packable, breathable",72,1
146,Books,Product 146,Brand 2,333.04,"High-performance nature photography collection from Brand 2. Features stunning visuals, outdoor inspiration, coffee-table quality. Promotes better sleep, premium quality investment.","page-turner, beginner-friendly, engaging narrative, gift-worthy, inspirational, practical tips, self-improvement",69,2
147,Home,Product 147,Brand 20,476.93,"Space-saving essential oil diffuser from Brand 20. Features ultrasonic mist, timer settings, calming aromatherapy for home. Designed for active lifestyles, premium quality investment.","eco-friendly, durable materials, space-saving, adjustable settings, modern design",34,4
148,Books,Product 148,Brand 7,392.4,"Stylish personal finance primer from Brand 7. Features budgeting strategies, investing basics, financial independence. Supports healthy living, premium quality investment.","self-improvement, well-researched, illustrated, immersive reading, page-turner, beginner-friendly",96,5
149,Books,Product 149,Brand 15,81.79,"Comfortable mindfulness meditation guide from Brand 15. Features practical exercises, stress reduction, daily practice for beginners. Perfect for home and travel, great value for quality.","immersive reading, page-turner, beginner-friendly, engaging narrative, gift-worthy, inspirational, practical tips, travel-friendly",75,5
150,Electronics,Product 150,Brand 12,315.7,"Lightweight portable power bank from Brand 12. Features high capacity, fast charging, lightweight for travel emergencies. Built for long-lasting performance, premium quality investment.","wireless, smart connectivity, Bluetooth, long battery life, high resolution, travel-friendly",55,1
151,Clothing,Product 151,Brand 10,355.49,"Ergonomic linen summer shirt from Brand 10. Features lightweight breathable fabric, casual style, perfect for warm weather. Encourages outdoor exploration, premium quality investment.","moisture-wicking, temperature regulating, all-season, comfortable fit, versatile layering, easy care",75,3
152,Sports,Product 152,Brand 29,298.41,"Travel-friendly fitness tracker from Brand 29. Features heart rate monitor, step counter, long battery life, waterproof. Suitable for small spaces, mid-range with solid features.","portable, impact protection, high-performance, sweat-resistant, lightweight, home workout friendly, ergonomic grip, travel-friendly",52,3
153,Home,Product 153,Brand 5,389.43,"Reliable blackout curtains from Brand 5. Features thermal insulation, room darkening, better sleep and energy savings. Enhances productivity, premium quality investment.","quiet operation, easy to clean, eco-friendly, durable materials, space-saving",47,5
154,Electronics,Product 154,Brand 22,400.37,"Innovative noise-cancelling headphones from Brand 22. Features over-ear comfort, 30-hour battery, premium audio quality. Great for beginners and experts, premium quality investment.","Bluetooth, long battery life, high resolution, noise cancellation, fast charging, user-friendly app",29,6
155,Books,Product 155,Brand 29,412.55,"Durable home workout handbook from Brand 29. Features bodyweight exercises, no-equipment routines, fitness at home. Optimized for convenience, premium quality investment.","well-researched, illustrated, immersive reading, page-turner, beginner-friendly, engaging narrative, gift-worthy, home-friendly",18,2
156,Electronics,Product 156,Brand 3,336.98,"Versatile wireless keyboard from Brand 3. Features slim design, long battery, quiet keys, office and remote work. Ideal for daily use, premium quality investment.","waterproof, compact, wireless, smart connectivity, Bluetooth",0,2
157,Electronics,Product 157,Brand 22,5.11,"Everyday webcam from Brand 22. Features 1080p HD, auto-focus, built-in microphone, video calls and streaming. Excellent gift option, affordable everyday option.","smart connectivity, Bluetooth, long battery life, high resolution, noise cancellation, fast charging",66,3
158,Electronics,Product 158,Brand 29,42.15,"User-friendly wireless charger from Brand 29. Features fast charging, compatible with multiple devices, sleek minimalist design. Promotes better sleep, affordable everyday option.","high resolution, noise cancellation, fast charging, user-friendly app, waterproof, compact, wireless",64,4
159,Sports,Product 159,Brand 9,431.33,"Practical dumbbell set from Brand 9. Features adjustable weights, compact design, perfect for home gym strength training. Designed for active lifestyles, premium quality investment.","impact protection, high-performance, sweat-resistant, lightweight, home workout friendly, home-friendly",12,6
160,Books,Product 160,Brand 11,35.43,"Premium self-care journal from Brand 11. Features guided prompts, reflection exercises, mental wellness daily practice. Supports healthy living, affordable everyday option.","engaging narrative, gift-worthy, inspirational, practical tips, self-improvement, well-researched",97,1
161,Home,Product 161,Brand 7,342.56,"Compact weighted blanket from Brand 7. Features deep pressure comfort, soft cover, better sleep and anxiety relief. Perfect for home and travel, premium quality investment.","space-saving, adjustable settings, modern design, energy efficient, everyday convenience, multi-functional, quiet operation, travel-friendly",7,2
162,Clothing,Product 162,Brand 14,413.72,"High-performance linen summer shirt from Brand 14. Features lightweight breathable fabric, casual style, perfect for warm weather. Built for long-lasting performance, premium quality investment.","comfortable fit, versatile layering, easy care, packable, breathable",15,4
163,Electronics,Product 163,Brand 14,44.67,"Space-saving wireless charger from Brand 14. Features fast charging, compatible with multiple devices, sleek minimalist design. Encourages outdoor exploration, affordable everyday option.","compact, wireless, smart connectivity, Bluetooth, long battery life, high resolution",20,4
164,Home,Product 164,Brand 17,228.11,"Stylish blackout curtains from Brand 17. Features thermal insulation, room darkening, better sleep and energy savings. Suitable for small spaces, mid-range with solid features.","durable materials, space-saving, adjustable settings, modern design, energy efficient, everyday convenience, multi-functional",81,5
165,Electronics,Product 165,Brand 29,461.8,"Comfortable portable Bluetooth speaker from Brand 29. Features waterproof, deep bass, 20-hour playtime, outdoor and travel use. Enhances productivity, premium quality investment.","noise cancellation, fast charging, user-friendly app, waterproof, compact, travel-friendly",21,2
166,Clothing,Product 166,Brand 14,332.24,"Lightweight wool blend socks from Brand 14. Features cushioned sole, moisture control, durable for hiking and daily use. Great for beginners and experts, premium quality investment.","easy care, packable, breathable, stylish design, stretch fabric, moisture-wicking",88,2
167,Sports,Product 167,Brand 23,384.54,"Ergonomic sports water bottle from Brand 23. Features insulated stainless steel, leak-proof, keeps drinks cold for hours. Optimized for convenience, premium quality investment.","home workout friendly, ergonomic grip, durable, travel-ready, adjustable, portable, impact protection",55,4
168,Electronics,Product 168,Brand 28,109.5,"Travel-friendly wireless charger from Brand 28. Features fast charging, compatible with multiple devices, sleek minimalist design. Ideal for daily use, great value for quality.","high resolution, noise cancellation, fast charging, user-friendly app, waterproof, travel-friendly",77,4
169,Clothing,Product 169,Brand 15,336.5,"Reliable merino wool sweater from Brand 15. Features soft temperature-regulating fabric, itch-free, ideal for travel layering. Excellent gift option, premium quality investment.","versatile layering, easy care, packable, breathable, stylish design, stretch fabric, travel-friendly",0,5
170,Sports,Product 170,Brand 1,490.5,"Innovative knee support brace from Brand 1. Features breathable neoprene, adjustable straps, joint stability during activity. Promotes better sleep, premium quality investment.","lightweight, home workout friendly, ergonomic grip, durable, travel-ready, adjustable, portable",9,2
171,Sports,Product 171,Brand 10,166.89,"Durable foam roller from Brand 10. Features high-density foam, muscle recovery, portable for post-workout use. Designed for active lifestyles, mid-range with solid features.","durable, travel-ready, adjustable, portable, impact protection",50,2
172,Clothing,Product 172,Brand 15,331.03,"Versatile compression leggings from Brand 15. Features moisture-wicking, four-way stretch, supportive for running and gym. Supports healthy living, premium quality investment.","comfortable fit, versatile layering, easy care, packable, breathable, stylish design",49,3
173,Home,Product 173,Brand 6,30.91,"Everyday bamboo cutting board from Brand 6. Features knife-friendly surface, antimicrobial, sustainable kitchen tool. Perfect for home and travel, affordable everyday option.","quiet operation, easy to clean, eco-friendly, durable materials, space-saving, adjustable settings, modern design, travel-friendly",77,4
174,Electronics,Product 174,Brand 20,383.4,"User-friendly wireless earbuds from Brand 20. Features active noise cancellation, long battery life, comfortable fit for daily commute. Built for long-lasting performance, premium quality investment.","Bluetooth, long battery life, high resolution, noise cancellation, fast charging",60,6
175,Clothing,Product 175,Brand 9,161.29,"Practical athletic shorts from Brand 9. Features quick-dry fabric, side pockets, comfortable for workouts and casual wear. Encourages outdoor exploration, mid-range with solid features.","all-season, comfortable fit, versatile layering, easy care, packable, breathable",68,1
176,Home,Product 176,Brand 26,57.8,"Premium storage ottoman from Brand 26. Features multi-functional seating, hidden compartment, living room organization. Suitable for small spaces, great value for quality.","multi-functional, quiet operation, easy to clean, eco-friendly, durable materials, space-saving, adjustable settings",33,2
177,Sports,Product 177,Brand 16,328.83,"Compact resistance bands from Brand 16. Features multi-level resistance, portable, great for travel and rehabilitation. Enhances productivity, premium quality investment.","home workout friendly, ergonomic grip, durable, travel-ready, adjustable, travel-friendly",71,3
178,Electronics,Product 178,Brand 5,252.04,"High-performance webcam from Brand 5. Features 1080p HD, auto-focus, built-in microphone, video calls and streaming. Great for beginners and experts, mid-range with solid features.","high resolution, noise cancellation, fast charging, user-friendly app, waterproof, compact",2,4
179,Electronics,Product 179,Brand 21,146.37,"Space-saving USB-C hub from Brand 21. Features multi-port adapter, 4K HDMI support, compact for laptop productivity. Optimized for convenience, great value for quality.","user-friendly app, waterproof, compact, wireless, smart connectivity, Bluetooth, long battery life",88,5
180,Clothing,Product 180,Brand 25,422.57,"Stylish waterproof hiking jacket from Brand 25. Features breathable membrane, packable, weather protection for outdoor activities. Ideal for daily use, premium quality investment.","breathable, stylish design, stretch fabric, moisture-wicking, temperature regulating",93,2
181,Clothing,Product 181,Brand 19,341.18,"Comfortable sun protection hat from Brand 19. Features UPF rated, wide brim, packable, outdoor activities and travel. Excellent gift option, premium quality investment.","moisture-wicking, temperature regulating, all-season, comfortable fit, versatile layering, easy care, travel-friendly",15,2
182,Electronics,Product 182,Brand 1,310.38,"Lightweight wireless keyboard from Brand 1. Features slim design, long battery, quiet keys, office and remote work. Promotes better sleep, premium quality investment.","fast charging, user-friendly app, waterproof, compact, wireless, smart connectivity, Bluetooth",0,3
183,Clothing,Product 183,Brand 19,468.91,"Ergonomic travel scarf from Brand 19. Features versatile multi-use, soft fabric, compact packing for trips. Designed for active lifestyles, premium quality investment.","packable, breathable, stylish design, stretch fabric, moisture-wicking, travel-friendly",88,5
184,Clothing,Product 184,Brand 9,185.97,"Travel-friendly linen summer shirt from Brand 9. Features lightweight breathable fabric, casual style, perfect for warm weather. Supports healthy living, mid-range with solid features.","stretch fabric, moisture-wicking, temperature regulating, all-season, comfortable fit, versatile layering, travel-friendly",69,5
185,Electronics,Product 185,Brand 10,408.83,"Reliable portable power bank from Brand 10. Features high capacity, fast charging, lightweight for travel emergencies. Perfect for home and travel, premium quality investment.","noise cancellation, fast charging, user-friendly app, waterproof, compact, wireless, smart connectivity, travel-friendly",97,2
186,Home,Product 186,Brand 18,119.85,"Innovative weighted blanket from Brand 18. Features deep pressure comfort, soft cover, better sleep and anxiety relief. Built for long-lasting performance, great value for quality.","multi-functional, quiet operation, easy to clean, eco-friendly, durable materials",35,2
187,Home,Product 187,Brand 5,72.18,"Durable essential oil diffuser from Brand 5. Features ultrasonic mist, timer settings, calming aromatherapy for home. Encourages outdoor exploration, great value for quality.","eco-friendly, durable materials, space-saving, adjustable settings, modern design, energy efficient",99,3
188,Sports,Product 188,Brand 4,152.37,"Versatile cycling helmet from Brand 4. Features ventilated design, adjustable fit, impact protection for road cycling. Suitable for small spaces, mid-range with solid features.","travel-ready, adjustable, portable, impact protection, high-performance, sweat-resistant, lightweight",83,4
189,Electronics,Product 189,Brand 25,153.19,"Everyday webcam from Brand 25. Features 1080p HD, auto-focus, built-in microphone, video calls and streaming. Enhances productivity, mid-range with solid features.","user-friendly app, waterproof, compact, wireless, smart connectivity",44,5
190,Books,Product 190,Brand 13,383.2,"User-friendly home workout handbook from Brand 13. Features bodyweight exercises, no-equipment routines, fitness at home. Great for beginners and experts, premium quality investment.","engaging narrative, gift-worthy, inspirational, practical tips, self-improvement, well-researched, home-friendly",15,2
191,Electronics,Product 191,Brand 1,321.8,"Practical portable power bank from Brand 1. Features high capacity, fast charging, lightweight for travel emergencies. Optimized for convenience, premium quality investment.","long battery life, high resolution, noise cancellation, fast charging, user-friendly app, waterproof, compact, travel-friendly",38,2
192,Books,Product 192,Brand 16,482.22,"Premium self-care journal from Brand 16. Features guided prompts, reflection exercises, mental wellness daily practice. Ideal for daily use, premium quality investment.","illustrated, immersive reading, page-turner, beginner-friendly, engaging narrative",56,4
193,Electronics,Product 193,Brand 29,482.94,"Compact wireless earbuds from Brand 29. Features active noise cancellation, long battery life, comfortable fit for daily commute. Excellent gift option, premium quality investment.","compact, wireless, smart connectivity, Bluetooth, long battery life, high resolution",21,5
194,Books,Product 194,Brand 16,150.47,"High-performance historical fiction epic from Brand 16. Features rich period detail, emotional storytelling, immersive reading experience. Promotes better sleep, mid-range with solid features.","inspirational, practical tips, self-improvement, well-researched, illustrated, immersive reading, page-turner",59,5
195,Clothing,Product 195,Brand 16,187.68,"Space-saving waterproof hiking jacket from Brand 16. Features breathable membrane, packable, weather protection for outdoor activities. Designed for active lifestyles, mid-range with solid features.","all-season, comfortable fit, versatile layering, easy care, packable",0,1
196,Sports,Product 196,Brand 28,490.24,"Stylish sports water bottle from Brand 28. Features insulated stainless steel, leak-proof, keeps drinks cold for hours. Supports healthy living, premium quality investment.","high-performance, sweat-resistant, lightweight, home workout friendly, ergonomic grip, durable",1,3
197,Sports,Product 197,Brand 24,468.69,"Comfortable hiking backpack from Brand 24. Features ergonomic straps, multiple compartments, water-resistant, outdoor adventures. Perfect for home and travel, premium quality investment.","home workout friendly, ergonomic grip, durable, travel-ready, adjustable, portable, impact protection, travel-friendly",93,4
198,Clothing,Product 198,Brand 5,394.17,"Lightweight fleece hoodie from Brand 5. Features soft warmth, kangaroo pocket, casual layering for cool evenings. Built for long-lasting performance, premium quality investment.","temperature regulating, all-season, comfortable fit, versatile layering, easy care",93,5
199,Clothing,Product 199,Brand 23,219.17,"Ergonomic wool blend socks from Brand 23. Features cushioned sole, moisture control, durable for hiking and daily use. Encourages outdoor exploration, mid-range with solid features.","versatile layering, easy care, packable, breathable, stylish design, stretch fabric",34,5
200,Clothing,Product 200,Brand 2,185.51,"Travel-friendly linen summer shirt from Brand 2. Features lightweight breathable fabric, casual style, perfect for warm weather. Suitable for small spaces, mid-range with solid features.","breathable, stylish design, stretch fabric, moisture-wicking, temperature regulating, all-season, comfortable fit, travel-friendly",65,1
201,Electronics,Product 201,Brand 12,126.59,"Reliable smart LED bulb from Brand 12. Features color changing, voice control, energy efficient, app scheduling. Enhances productivity, great value for quality.","long battery life, high resolution, noise cancellation, fast charging, user-friendly app",98,2
202,Electronics,Product 202,Brand 7,38.03,"Innovative action camera from Brand 7. Features 4K video, waterproof housing, image stabilization for adventure sports. Great for beginners and experts, affordable everyday option.","fast charging, user-friendly app, waterproof, compact, wireless, smart connectivity",23,3
203,Books,Product 203,Brand 15,218.81,"Durable beginner coding handbook from Brand 15. Features practical projects, clear explanations, learning programming from scratch. Optimized for convenience, mid-range with solid features.","beginner-friendly, engaging narrative, gift-worthy, inspirational, practical tips, self-improvement, well-researched",65,4
204,Books,Product 204,Brand 29,223.67,"Versatile personal finance primer from Brand 29. Features budgeting strategies, investing basics, financial independence. Ideal for daily use, mid-range with solid features.","inspirational, practical tips, self-improvement, well-researched, illustrated",14,5
205,Sports,Product 205,Brand 21,330.27,"Everyday foam roller from Brand 21. Features high-density foam, muscle recovery, portable for post-workout use. Excellent gift option, premium quality investment.","adjustable, portable, impact protection, high-performance, sweat-resistant, lightweight",81,1
206,Home,Product 206,Brand 2,323.77,"User-friendly smart thermostat from Brand 2. Features energy saving, app control, learning schedule for home climate. Promotes better sleep, premium quality investment.","multi-functional, quiet operation, easy to clean, eco-friendly, durable materials, space-saving, adjustable settings",39,2
207,Home,Product 207,Brand 5,105.77,"Practical storage ottoman from Brand 5. Features multi-functional seating, hidden compartment, living room organization. Designed for active lifestyles, great value for quality.","eco-friendly, durable materials, space-saving, adjustable settings, modern design",82,3
208,Sports,Product 208,Brand 25,414.14,"Premium hiking backpack from Brand 25. Features ergonomic straps, multiple compartments, water-resistant, outdoor adventures. Supports healthy living, premium quality investment.","travel-ready, adjustable, portable, impact protection, high-performance, sweat-resistant",0,5
209,Books,Product 209,Brand 27,371.0,"Compact travel adventure memoir from Brand 27. Features inspiring journeys, cultural insights, perfect for wanderlust readers. Perfect for home and travel, premium quality investment.","immersive reading, page-turner, beginner-friendly, engaging narrative, gift-worthy, inspirational, practical tips, travel-friendly",65,6
210,Electronics,Product 210,Brand 27,103.99,"High-performance portable Bluetooth speaker from Brand 27. Features waterproof, deep bass, 20-hour playtime, outdoor and travel use. Built for long-lasting performance, great value for quality.","wireless, smart connectivity, Bluetooth, long battery life, high resolution, travel-friendly",78,1
211,Clothing,Product 211,Brand 7,7.59,"Space-saving insulated winter coat from Brand 7. Features down-filled, water-resistant shell, warm for cold climate travel. Encourages outdoor exploration, affordable everyday option.","moisture-wicking, temperature regulating, all-season, comfortable fit, versatile layering, easy care, travel-friendly",26,2
212,Books,Product 212,Brand 7,470.79,"Stylish culinary travel guide from Brand 7. Features regional recipes, food culture stories, inspiration for home cooks. Suitable for small spaces, premium quality investment.","illustrated, immersive reading, page-turner, beginner-friendly, engaging narrative, gift-worthy, inspirational, travel-friendly",20,4
213,Home,Product 213,Brand 22,154.99,"Comfortable weighted blanket from Brand 22. Features deep pressure comfort, soft cover, better sleep and anxiety relief. Enhances productivity, mid-range with solid features.","quiet operation, easy to clean, eco-friendly, durable materials, space-saving",48,4
214,Clothing,Product 214,Brand 1,390.7,"Lightweight athletic shorts from Brand 1. Features quick-dry fabric, side pockets, comfortable for workouts and casual wear. Great for beginners and experts, premium quality investment.","stretch fabric, moisture-wicking, temperature regulating, all-season, comfortable fit, versatile layering",98,6
215,Clothing,Product 215,Brand 20,340.88,"Ergonomic athletic shorts from Brand 20. Features quick-dry fabric, side pockets, comfortable for workouts and casual wear. Optimized for convenience, premium quality investment.","all-season, comfortable fit, versatile layering, easy care, packable, breathable, stylish design",21,1
216,Clothing,Product 216,Brand 26,142.33,"Travel-friendly performance t-shirt from Brand 26. Features odor-resistant, moisture management, everyday active lifestyle. Ideal for daily use, great value for quality.","easy care, packable, breathable, stylish design, stretch fabric, travel-friendly",70,2
217,Electronics,Product 217,Brand 29,334.66,"Reliable noise-cancelling headphones from Brand 29. Features over-ear comfort, 30-hour battery, premium audio quality. Excellent gift option, premium quality investment.","smart connectivity, Bluetooth, long battery life, high resolution, noise cancellation, fast charging",100,3
218,Clothing,Product 218,Brand 23,12.32,"Innovative athletic shorts from Brand 23. Features quick-dry fabric, side pockets, comfortable for workouts and casual wear. Promotes better sleep, affordable everyday option.","temperature regulating, all-season, comfortable fit, versatile layering, easy care, packable, breathable",68,4
219,Books,Product 219,Brand 27,285.08,"Durable plant-based cookbook from Brand 27. Features easy recipes, nutritional tips, healthy everyday cooking. Designed for active lifestyles, mid-range with solid features.","immersive reading, page-turner, beginner-friendly, engaging narrative, gift-worthy",1,5
220,Electronics,Product 220,Brand 8,248.11,"Versatile portable Bluetooth speaker from Brand 8. Features waterproof, deep bass, 20-hour playtime, outdoor and travel use. Supports healthy living, mid-range with solid features.","wireless, smart connectivity, Bluetooth, long battery life, high resolution, noise cancellation, travel-friendly",77,1
221,Electronics,Product 221,Brand 3,301.71,"Everyday USB-C hub from Brand 3. Features multi-port adapter, 4K HDMI support, compact for laptop productivity. Perfect for home and travel, premium quality investment.","long battery life, high resolution, noise cancellation, fast charging, user-friendly app, waterproof, compact, travel-friendly",0,2
222,Clothing,Product 222,Brand 14,124.5,"User-friendly linen summer shirt from Brand 14. Features lightweight breathable fabric, casual style, perfect for warm weather. Built for long-lasting performance, great value for quality.","comfortable fit, versatile layering, easy care, packable, breathable",42,3
223,Books,Product 223,Brand 13,74.57,"Practical home workout handbook from Brand 13. Features bodyweight exercises, no-equipment routines, fitness at home. Encourages outdoor exploration, great value for quality.","beginner-friendly, engaging narrative, gift-worthy, inspirational, practical tips, self-improvement, home-friendly",63,4
224,Electronics,Product 224,Brand 2,295.89,"Premium smartwatch from Brand 2. Features fitness tracking, heart rate sensor, notifications, multi-day battery. Suitable for small spaces, mid-range with solid features.","Bluetooth, long battery life, high resolution, noise cancellation, fast charging, user-friendly app, waterproof",3,5
225,Sports,Product 225,Brand 15,478.85,"Compact resistance bands from Brand 15. Features multi-level resistance, portable, great for travel and rehabilitation. Enhances productivity, premium quality investment.","adjustable, portable, impact protection, high-performance, sweat-resistant, travel-friendly",15,2
226,Sports,Product 226,Brand 12,401.52,"High-performance hiking backpack from Brand 12. Features ergonomic straps, multiple compartments, water-resistant, outdoor adventures. Great for beginners and experts, premium quality investment.","high-performance, sweat-resistant, lightweight, home workout friendly, ergonomic grip, durable",47,3
227,Home,Product 227,Brand 24,147.48,"Space-saving robot vacuum from Brand 24. Features smart mapping, app control, pet hair cleaning, hands-free floor care. Optimized for convenience, great value for quality.","eco-friendly, durable materials, space-saving, adjustable settings, modern design, energy efficient, everyday convenience",40,3
228,Home,Product 228,Brand 29,392.33,"Stylish smart thermostat from Brand 29. Features energy saving, app control, learning schedule for home climate. Ideal for daily use, premium quality investment.","adjustable settings, modern design, energy efficient, everyday convenience, multi-functional",31,5
229,Electronics,Product 229,Brand 13,467.64,"Comfortable wireless charger from Brand 13. Features fast charging, compatible with multiple devices, sleek minimalist design. Excellent gift option, premium quality investment.","user-friendly app, waterproof, compact, wireless, smart connectivity, Bluetooth",8,6
230,Home,Product 230,Brand 2,154.33,"Lightweight blackout curtains from Brand 2. Features thermal insulation, room darkening, better sleep and energy savings. Promotes better sleep, mid-range with solid features.","easy to clean, eco-friendly, durable materials, space-saving, adjustable settings, modern design, energy efficient",31,1
231,Sports,Product 231,Brand 16,336.33,"Ergonomic yoga mat from Brand 16. Features non-slip surface, extra thick cushioning, portable for travel and home workouts. Designed for active lifestyles, premium quality investment.","durable, travel-ready, adjustable, portable, impact protection, travel-friendly, home-friendly",73,2
232,Books,Product 232,Brand 11,141.85,"Travel-friendly historical fiction epic from Brand 11. Features rich period detail, emotional storytelling, immersive reading experience. Supports healthy living, great value for quality.","illustrated, immersive reading, page-turner, beginner-friendly, engaging narrative, gift-worthy, travel-friendly",11,3
233,Books,Product 233,Brand 24,417.95,"Reliable home workout handbook from Brand 24. Features bodyweight exercises, no-equipment routines, fitness at home. Perfect for home and travel, premium quality investment.","beginner-friendly, engaging narrative, gift-worthy, inspirational, practical tips, self-improvement, well-researched, travel-friendly",11,5
234,Sports,Product 234,Brand 27,230.57,"Innovative cycling helmet from Brand 27. Features ventilated design, adjustable fit, impact protection for road cycling. Built for long-lasting performance, mid-range with solid features.","ergonomic grip, durable, travel-ready, adjustable, portable",0,5
235,Clothing,Product 235,Brand 17,258.77,"Durable wool blend socks from Brand 17. Features cushioned sole, moisture control, durable for hiking and daily use. Encourages outdoor exploration, mid-range with solid features.","all-season, comfortable fit, versatile layering, easy care, packable, breathable",94,1
236,Home,Product 236,Brand 7,25.41,"Versatile storage ottoman from Brand 7. Features multi-functional seating, hidden compartment, living room organization. Suitable for small spaces, affordable everyday option.","multi-functional, quiet operation, easy to clean, eco-friendly, durable materials, space-saving, adjustable settings",63,2
237,Electronics,Product 237,Brand 20,160.8,"Everyday wireless charger from Brand 20. Features fast charging, compatible with multiple devices, sleek minimalist design. Enhances productivity, mid-range with solid features.","smart connectivity, Bluetooth, long battery life, high resolution, noise cancellation",9,3
238,Books,Product 238,Brand 19,87.79,"User-friendly culinary travel guide from Brand 19. Features regional recipes, food culture stories, inspiration for home cooks. Great for beginners and experts, great value for quality.","self-improvement, well-researched, illustrated, immersive reading, page-turner, beginner-friendly, travel-friendly, home-friendly",98,4
239,Clothing,Product 239,Brand 3,130.19,"Practical sun protection hat from Brand 3. Features UPF rated, wide brim, packable, outdoor activities and travel. Optimized for convenience, great value for quality.","versatile layering, easy care, packable, breathable, stylish design, stretch fabric, moisture-wicking, travel-friendly",69,5
240,Home,Product 240,Brand 19,132.71,"Premium air purifier from Brand 19. Features HEPA filter, quiet operation, removes allergens for cleaner indoor air. Ideal for daily use, great value for quality.","easy to clean, eco-friendly, durable materials, space-saving, adjustable settings",99,1
241,Books,Product 241,Brand 27,438.0,"Compact productivity systems book from Brand 27. Features time management, habit building, focus techniques for professionals. Excellent gift option, premium quality investment.","practical tips, self-improvement, well-researched, illustrated, immersive reading, page-turner",17,3
242,Clothing,Product 242,Brand 10,215.69,"High-performance sun protection hat from Brand 10. Features UPF rated, wide brim, packable, outdoor activities and travel. Promotes better sleep, mid-range with solid features.","comfortable fit, versatile layering, easy care, packable, breathable, stylish design, stretch fabric, travel-friendly",17,3
243,Clothing,Product 243,Brand 14,257.58,"Space-saving insulated winter coat from Brand 14. Features down-filled, water-resistant shell, warm for cold climate travel. Designed for active lifestyles, mid-range with solid features.","packable, breathable, stylish design, stretch fabric, moisture-wicking, travel-friendly",85,4
244,Sports,Product 244,Brand 30,23.13,"Stylish cycling helmet from Brand 30. Features ventilated design, adjustable fit, impact protection for road cycling. Supports healthy living, affordable everyday option.","ergonomic grip, durable, travel-ready, adjustable, portable, impact protection",61,5
245,Sports,Product 245,Brand 24,376.21,"Comfortable hiking backpack from Brand 24. Features ergonomic straps, multiple compartments, water-resistant, outdoor adventures. Perfect for home and travel, premium quality investment.","adjustable, portable, impact protection, high-performance, sweat-resistant, lightweight, home workout friendly, travel-friendly",71,2
246,Electronics,Product 246,Brand 23,27.13,"Lightweight portable Bluetooth speaker from Brand 23. Features waterproof, deep bass, 20-hour playtime, outdoor and travel use. Built for long-lasting performance, affordable everyday option.","waterproof, compact, wireless, smart connectivity, Bluetooth, travel-friendly",22,2
247,Home,Product 247,Brand 14,406.19,"Ergonomic LED desk lamp from Brand 14. Features adjustable brightness, USB charging port, eye-care for study and work. Encourages outdoor exploration, premium quality investment.","eco-friendly, durable materials, space-saving, adjustable settings, modern design, energy efficient",0,4
248,Sports,Product 248,Brand 14,234.36,"Travel-friendly knee support brace from Brand 14. Features breathable neoprene, adjustable straps, joint stability during activity. Suitable for small spaces, mid-range with solid features.","travel-ready, adjustable, portable, impact protection, high-performance, sweat-resistant, lightweight, travel-friendly",34,4
249,Books,Product 249,Brand 1,407.16,"Reliable historical fiction epic from Brand 1. Features rich period detail, emotional storytelling, immersive reading experience. Enhances productivity, premium quality investment.","immersive reading, page-turner, beginner-friendly, engaging narrative, gift-worthy",68,6
250,Sports,Product 250,Brand 2,430.87,"Innovative sports water bottle from Brand 2. Features insulated stainless steel, leak-proof, keeps drinks cold for hours. Great for beginners and experts, premium quality investment.","lightweight, home workout friendly, ergonomic grip, durable, travel-ready, adjustable",78,2
251,Home,Product 251,Brand 17,149.23,"Durable blackout curtains from Brand 17. Features thermal insulation, room darkening, better sleep and energy savings. Optimized for convenience, great value for quality.","space-saving, adjustable settings, modern design, energy efficient, everyday convenience, multi-functional, quiet operation",55,2
252,Sports,Product 252,Brand 2,19.21,"Versatile yoga mat from Brand 2. Features non-slip surface, extra thick cushioning, portable for travel and home workouts. Ideal for daily use, affordable everyday option.","portable, impact protection, high-performance, sweat-resistant, lightweight, travel-friendly, home-friendly",28,3
253,Electronics,Product 253,Brand 6,113.06,"Everyday wireless keyboard from Brand 6. Features slim design, long battery, quiet keys, office and remote work. Excellent gift option, great value for quality.","compact, wireless, smart connectivity, Bluetooth, long battery life, high resolution",70,4
254,Books,Product 254,Brand 17,154.42,"User-friendly self-care journal from Brand 17. Features guided prompts, reflection exercises, mental wellness daily practice. Promotes better sleep, mid-range with solid features.","inspirational, practical tips, self-improvement, well-researched, illustrated, immersive reading, page-turner",97,5
255,Clothing,Product 255,Brand 3,391.49,"Practical fleece hoodie from Brand 3. Features soft warmth, kangaroo pocket, casual layering for cool evenings. Designed for active lifestyles, premium quality investment.","all-season, comfortable fit, versatile layering, easy care, packable",94,2
256,Books,Product 256,Brand 30,487.85,"Premium self-care journal from Brand 30. Features guided prompts, reflection exercises, mental wellness daily practice. Supports healthy living, premium quality investment.","page-turner, beginner-friendly, engaging narrative, gift-worthy, inspirational, practical tips",89,3
257,Electronics,Product 257,Brand 14,486.63,"Compact noise-cancelling headphones from Brand 14. Features over-ear comfort, 30-hour battery, premium audio quality. Perfect for home and travel, premium quality investment.","smart connectivity, Bluetooth, long battery life, high resolution, noise cancellation, fast charging, user-friendly app, travel-friendly",26,4
258,Clothing,Product 258,Brand 26,185.94,"High-performance athletic shorts from Brand 26. Features quick-dry fabric, side pockets, comfortable for workouts and casual wear. Built for long-lasting performance, mid-range with solid features.","temperature regulating, all-season, comfortable fit, versatile layering, easy care",92,4
259,Sports,Product 259,Brand 11,232.96,"Space-saving dumbbell set from Brand 11. Features adjustable weights, compact design, perfect for home gym strength training. Encourages outdoor exploration, mid-range with solid features.","impact protection, high-performance, sweat-resistant, lightweight, home workout friendly, ergonomic grip, home-friendly",40,5
260,Books,Product 260,Brand 18,341.95,"Stylish productivity systems book from Brand 18. Features time management, habit building, focus techniques for professionals. Suitable for small spaces, premium quality investment.","engaging narrative, gift-worthy, inspirational, practical tips, self-improvement, well-researched, illustrated",0,1
261,Clothing,Product 261,Brand 1,43.44,"Comfortable athletic shorts from Brand 1. Features quick-dry fabric, side pockets, comfortable for workouts and casual wear. Enhances productivity, affordable everyday option.","moisture-wicking, temperature regulating, all-season, comfortable fit, versatile layering",52,2
262,Clothing,Product 262,Brand 20,318.09,"Lightweight sun protection hat from Brand 20. Features UPF rated, wide brim, packable, outdoor activities and travel. Great for beginners and experts, premium quality investment.","comfortable fit, versatile layering, easy care, packable, breathable, stylish design, travel-friendly",86,3
263,Home,Product 263,Brand 16,299.52,"Ergonomic memory foam pillow from Brand 16. Features ergonomic support, cooling cover, improved sleep quality. Optimized for convenience, mid-range with solid features.","quiet operation, easy to clean, eco-friendly, durable materials, space-saving, adjustable settings, modern design",84,4
264,Clothing,Product 264,Brand 30,260.12,"Travel-friendly denim jeans from Brand 30. Features stretch comfort, classic fit, versatile for casual and smart-casual looks. Ideal for daily use, mid-range with solid features.","stretch fabric, moisture-wicking, temperature regulating, all-season, comfortable fit, travel-friendly",48,5
265,Books,Product 265,Brand 25,352.65,"Reliable sci-fi space opera novel from Brand 25. Features epic world-building, compelling characters, page-turning adventure. Excellent gift option, premium quality investment.","well-researched, illustrated, immersive reading, page-turner, beginner-friendly, engaging narrative",57,2
266,Home,Product 266,Brand 21,27.51,"Innovative ceramic non-stick pan from Brand 21. Features even heat distribution, easy clean, healthy everyday cooking. Promotes better sleep, affordable everyday option.","multi-functional, quiet operation, easy to clean, eco-friendly, durable materials, space-saving, adjustable settings",67,2
267,Home,Product 267,Brand 22,371.76,"Durable LED desk lamp from Brand 22. Features adjustable brightness, USB charging port, eye-care for study and work. Designed for active lifestyles, premium quality investment.","eco-friendly, durable materials, space-saving, adjustable settings, modern design",58,4
268,Home,Product 268,Brand 12,129.33,"Versatile ceramic non-stick pan from Brand 12. Features even heat distribution, easy clean, healthy everyday cooking. Supports healthy living, great value for quality.","adjustable settings, modern design, energy efficient, everyday convenience, multi-functional, quiet operation",16,4
269,Books,Product 269,Brand 13,466.44,"Everyday productivity systems book from Brand 13. Features time management, habit building, focus techniques for professionals. Perfect for home and travel, premium quality investment.","immersive reading, page-turner, beginner-friendly, engaging narrative, gift-worthy, inspirational, practical tips, travel-friendly",32,6
270,Home,Product 270,Brand 11,240.57,"User-friendly smart thermostat from Brand 11. Features energy saving, app control, learning schedule for home climate. Built for long-lasting performance, mid-range with solid features.","easy to clean, eco-friendly, durable materials, space-saving, adjustable settings",29,1
271,Sports,Product 271,Brand 23,490.08,"Practical hiking backpack from Brand 23. Features ergonomic straps, multiple compartments, water-resistant, outdoor adventures. Encourages outdoor exploration, premium quality investment.","durable, travel-ready, adjustable, portable, impact protection, high-performance",9,3
272,Clothing,Product 272,Brand 23,209.28,"Premium merino wool sweater from Brand 23. Features soft temperature-regulating fabric, itch-free, ideal for travel layering. Suitable for small spaces, mid-range with solid features.","comfortable fit, versatile layering, easy care, packable, breathable, stylish design, stretch fabric, travel-friendly",44,3
273,Home,Product 273,Brand 14,241.5,"Compact LED desk lamp from Brand 14. Features adjustable brightness, USB charging port, eye-care for study and work. Enhances productivity, mid-range with solid features.","quiet operation, easy to clean, eco-friendly, durable materials, space-saving",0,4
274,Books,Product 274,Brand 20,480.61,"High-performance personal finance primer from Brand 20. Features budgeting strategies, investing basics, financial independence. Great for beginners and experts, premium quality investment.","inspirational, practical tips, self-improvement, well-researched, illustrated, immersive reading",3,6
275,Sports,Product 275,Brand 26,29.03,"Space-saving cycling helmet from Brand 26. Features ventilated design, adjustable fit, impact protection for road cycling. Optimized for convenience, affordable everyday option.","adjustable, portable, impact protection, high-performance, sweat-resistant, lightweight, home workout friendly",76,1
276,Books,Product 276,Brand 5,249.19,"Stylish productivity systems book from Brand 5. Features time management, habit building, focus techniques for professionals. Ideal for daily use, mid-range with solid features.","page-turner, beginner-friendly, engaging narrative, gift-worthy, inspirational",71,2
277,Books,Product 277,Brand 28,226.2,"Comfortable travel adventure memoir from Brand 28. Features inspiring journeys, cultural insights, perfect for wanderlust readers. Excellent gift option, mid-range with solid features.","gift-worthy, inspirational, practical tips, self-improvement, well-researched, illustrated, travel-friendly",30,3
278,Clothing,Product 278,Brand 11,79.84,"Lightweight wool blend socks from Brand 11. Features cushioned sole, moisture control, durable for hiking and daily use. Promotes better sleep, great value for quality.","temperature regulating, all-season, comfortable fit, versatile layering, easy care, packable, breathable",76,4
279,Sports,Product 279,Brand 19,391.13,"Ergonomic jump rope from Brand 19. Features adjustable length, ball bearings, ideal for cardio and HIIT workouts. Designed for active lifestyles, premium quality investment.","impact protection, high-performance, sweat-resistant, lightweight, home workout friendly",29,6
280,Home,Product 280,Brand 6,295.97,"Travel-friendly smart thermostat from Brand 6. Features energy saving, app control, learning schedule for home climate. Supports healthy living, mid-range with solid features.","easy to clean, eco-friendly, durable materials, space-saving, adjustable settings, modern design, travel-friendly",1,1
281,Books,Product 281,Brand 10,397.47,"Reliable travel adventure memoir from Brand 10. Features inspiring journeys, cultural insights, perfect for wanderlust readers. Perfect for home and travel, premium quality investment.","practical tips, self-improvement, well-researched, illustrated, immersive reading, page-turner, beginner-friendly, travel-friendly",10,3
282,Sports,Product 282,Brand 1,138.54,"Innovative knee support brace from Brand 1. Features breathable neoprene, adjustable straps, joint stability during activity. Built for long-lasting performance, great value for quality.","portable, impact protection, high-performance, sweat-resistant, lightweight",91,3
283,Books,Product 283,Brand 12,428.54,"Durable home workout handbook from Brand 12. Features bodyweight exercises, no-equipment routines, fitness at home. Encourages outdoor exploration, premium quality investment.","beginner-friendly, engaging narrative, gift-worthy, inspirational, practical tips, self-improvement, home-friendly",81,5
284,Home,Product 284,Brand 16,45.1,"Versatile robot vacuum from Brand 16. Features smart mapping, app control, pet hair cleaning, hands-free floor care. Suitable for small spaces, affordable everyday option.","durable materials, space-saving, adjustable settings, modern design, energy efficient, everyday convenience, multi-functional",8,5
285,Books,Product 285,Brand 27,361.13,"Everyday home workout handbook from Brand 27. Features bodyweight exercises, no-equipment routines, fitness at home. Enhances productivity, premium quality investment.","well-researched, illustrated, immersive reading, page-turner, beginner-friendly, home-friendly",30,2
286,Home,Product 286,Brand 16,27.59,"User-friendly blackout curtains from Brand 16. Features thermal insulation, room darkening, better sleep and energy savings. Great for beginners and experts, affordable everyday option.","multi-functional, quiet operation, easy to clean, eco-friendly, durable materials, space-saving",0,2
287,Home,Product 287,Brand 5,267.46,"Practical robot vacuum from Brand 5. Features smart mapping, app control, pet hair cleaning, hands-free floor care. Optimized for convenience, mid-range with solid features.","eco-friendly, durable materials, space-saving, adjustable settings, modern design, energy efficient, everyday convenience",9,3
288,Books,Product 288,Brand 4,106.96,"Premium travel adventure memoir from Brand 4. Features inspiring journeys, cultural insights, perfect for wanderlust readers. Ideal for daily use, great value for quality.","self-improvement, well-researched, illustrated, immersive reading, page-turner, travel-friendly",5,4
289,Home,Product 289,Brand 5,59.88,"Compact stainless steel cookware set from Brand 5. Features induction compatible, durable, multi-piece kitchen essential. Excellent gift option, great value for quality.","everyday convenience, multi-functional, quiet operation, easy to clean, eco-friendly, durable materials",43,5
290,Sports,Product 290,Brand 26,237.16,"High-performance foam roller from Brand 26. Features high-density foam, muscle recovery, portable for post-workout use. Promotes better sleep, mid-range with solid features.","lightweight, home workout friendly, ergonomic grip, durable, travel-ready, adjustable, portable",10,1
291,Sports,Product 291,Brand 5,227.31,"Space-saving dumbbell set from Brand 5. Features adjustable weights, compact design, perfect for home gym strength training. Designed for active lifestyles, mid-range with solid features.","durable, travel-ready, adjustable, portable, impact protection, home-friendly",66,2
292,Clothing,Product 292,Brand 28,470.55,"Stylish athletic shorts from Brand 28. Features quick-dry fabric, side pockets, comfortable for workouts and casual wear. Supports healthy living, premium quality investment.","comfortable fit, versatile layering, easy care, packable, breathable, stylish design",31,4
293,Books,Product 293,Brand 11,35.11,"Comfortable home workout handbook from Brand 11. Features bodyweight exercises, no-equipment routines, fitness at home. Perfect for home and travel, affordable everyday option.","beginner-friendly, engaging narrative, gift-worthy, inspirational, practical tips, self-improvement, well-researched, travel-friendly",36,4
294,Home,Product 294,Brand 16,323.66,"Lightweight essential oil diffuser from Brand 16. Features ultrasonic mist, timer settings, calming aromatherapy for home. Built for long-lasting performance, premium quality investment.","durable materials, space-saving, adjustable settings, modern design, energy efficient",86,5
295,Books,Product 295,Brand 3,148.22,"Ergonomic productivity systems book from Brand 3. Features time management, habit building, focus techniques for professionals. Encourages outdoor exploration, great value for quality.","well-researched, illustrated, immersive reading, page-turner, beginner-friendly, engaging narrative",63,1
296,Sports,Product 296,Brand 11,111.22,"Travel-friendly fitness tracker from Brand 11. Features heart rate monitor, step counter, long battery life, waterproof. Suitable for small spaces, great value for quality.","high-performance, sweat-resistant, lightweight, home workout friendly, ergonomic grip, durable, travel-ready, travel-friendly",28,2
297,Home,Product 297,Brand 8,205.35,"Reliable weighted blanket from Brand 8. Features deep pressure comfort, soft cover, better sleep and anxiety relief. Enhances productivity, mid-range with solid features.","eco-friendly, durable materials, space-saving, adjustable settings, modern design",70,3
298,Books,Product 298,Brand 12,153.62,"Innovative self-care journal from Brand 12. Features guided prompts, reflection exercises, mental wellness daily practice. Great for beginners and experts, mid-range with solid features.","self-improvement, well-researched, illustrated, immersive reading, page-turner, beginner-friendly",17,4
299,Home,Product 299,Brand 27,433.16,"Durable weighted blanket from Brand 27. Features deep pressure comfort, soft cover, better sleep and anxiety relief. Optimized for convenience, premium quality investment.","everyday convenience, multi-functional, quiet operation, easy to clean, eco-friendly, durable materials, space-saving",0,6
300,Home,Product 300,Brand 4,342.21,"Versatile essential oil diffuser from Brand 4. Features ultrasonic mist, timer settings, calming aromatherapy for home. Ideal for daily use, premium quality investment.","easy to clean, eco-friendly, durable materials, space-saving, adjustable settings",93,1
301,Electronics,Product 301,Brand 27,339.04,"Everyday portable Bluetooth speaker from Brand 27. Features waterproof, deep bass, 20-hour playtime, outdoor and travel use. Excellent gift option, premium quality investment.","long battery life, high resolution, noise cancellation, fast charging, user-friendly app, waterproof, travel-friendly",74,2
302,Sports,Product 302,Brand 4,147.93,"User-friendly hiking backpack from Brand 4. Features ergonomic straps, multiple compartments, water-resistant, outdoor adventures. Promotes better sleep, great value for quality.","portable, impact protection, high-performance, sweat-resistant, lightweight, home workout friendly, ergonomic grip",74,3
303,Home,Product 303,Brand 1,303.32,"Practical LED desk lamp from Brand 1. Features adjustable brightness, USB charging port, eye-care for study and work. Designed for active lifestyles, premium quality investment.","quiet operation, easy to clean, eco-friendly, durable materials, space-saving",61,4
304,Home,Product 304,Brand 4,132.71,"Premium smart thermostat from Brand 4. Features energy saving, app control, learning schedule for home climate. Supports healthy living, great value for quality.","durable materials, space-saving, adjustable settings, modern design, energy efficient, everyday convenience",32,5
305,Books,Product 305,Brand 10,202.29,"Compact sci-fi space opera novel from Brand 10. Features epic world-building, compelling characters, page-turning adventure. Perfect for home and travel, mid-range with solid features.","well-researched, illustrated, immersive reading, page-turner, beginner-friendly, engaging narrative, gift-worthy, travel-friendly",61,1
306,Home,Product 306,Brand 5,275.35,"High-performance smart thermostat from Brand 5. Features energy saving, app control, learning schedule for home climate. Built for long-lasting performance, mid-range with solid features.","multi-functional, quiet operation, easy to clean, eco-friendly, durable materials",53,2
307,Electronics,Product 307,Brand 13,248.63,"Space-saving wireless charger from Brand 13. Features fast charging, compatible with multiple devices, sleek minimalist design. Encourages outdoor exploration, mid-range with solid features.","smart connectivity, Bluetooth, long battery life, high resolution, noise cancellation, fast charging",25,3
308,Home,Product 308,Brand 29,444.57,"Stylish ceramic non-stick pan from Brand 29. Features even heat distribution, easy clean, healthy everyday cooking. Suitable for small spaces, premium quality investment.","adjustable settings, modern design, energy efficient, everyday convenience, multi-functional, quiet operation, easy to clean",13,5
309,Books,Product 309,Brand 21,8.43,"Comfortable plant-based cookbook from Brand 21. Features easy recipes, nutritional tips, healthy everyday cooking. Enhances productivity, affordable everyday option.","immersive reading, page-turner, beginner-friendly, engaging narrative, gift-worthy",13,5
310,Home,Product 310,Brand 5,121.42,"Lightweight memory foam pillow from Brand 5. Features ergonomic support, cooling cover, improved sleep quality. Great for beginners and experts, great value for quality.","easy to clean, eco-friendly, durable materials, space-saving, adjustable settings, modern design",85,1
311,Clothing,Product 311,Brand 29,105.92,"Ergonomic wool blend socks from Brand 29. Features cushioned sole, moisture control, durable for hiking and daily use. Optimized for convenience, great value for quality.","moisture-wicking, temperature regulating, all-season, comfortable fit, versatile layering, easy care, packable",56,2
312,Clothing,Product 312,Brand 21,144.33,"Travel-friendly linen summer shirt from Brand 21. Features lightweight breathable fabric, casual style, perfect for warm weather. Ideal for daily use, great value for quality.","comfortable fit, versatile layering, easy care, packable, breathable, travel-friendly",0,3
313,Clothing,Product 313,Brand 20,385.89,"Reliable waterproof hiking jacket from Brand 20. Features breathable membrane, packable, weather protection for outdoor activities. Excellent gift option, premium quality investment.","packable, breathable, stylish design, stretch fabric, moisture-wicking, temperature regulating",46,5
314,Sports,Product 314,Brand 15,474.29,"Innovative fitness tracker from Brand 15. Features heart rate monitor, step counter, long battery life, waterproof. Promotes better sleep, premium quality investment.","ergonomic grip, durable, travel-ready, adjustable, portable, impact protection, high-performance",55,6
315,Books,Product 315,Brand 15,397.62,"Durable travel adventure memoir from Brand 15. Features inspiring journeys, cultural insights, perfect for wanderlust readers. Designed for active lifestyles, premium quality investment.","well-researched, illustrated, immersive reading, page-turner, beginner-friendly, travel-friendly",53,2
316,Books,Product 316,Brand 14,237.51,"Versatile plant-based cookbook from Brand 14. Features easy recipes, nutritional tips, healthy everyday cooking. Supports healthy living, mid-range with solid features.","page-turner, beginner-friendly, engaging narrative, gift-worthy, inspirational, practical tips",60,2
317,Clothing,Product 317,Brand 12,38.79,"Everyday compression leggings from Brand 12. Features moisture-wicking, four-way stretch, supportive for running and gym. Perfect for home and travel, affordable everyday option.","stylish design, stretch fabric, moisture-wicking, temperature regulating, all-season, comfortable fit, versatile layering, travel-friendly",94,3
318,Home,Product 318,Brand 4,470.66,"User-friendly bamboo cutting board from Brand 4. Features knife-friendly surface, antimicrobial, sustainable kitchen tool. Built for long-lasting performance, premium quality investment.","adjustable settings, modern design, energy efficient, everyday convenience, multi-functional",7,5
319,Sports,Product 319,Brand 23,335.96,"Practical yoga mat from Brand 23. Features non-slip surface, extra thick cushioning, portable for travel and home workouts. Encourages outdoor exploration, premium quality investment.","impact protection, high-performance, sweat-resistant, lightweight, home workout friendly, ergonomic grip, travel-friendly, home-friendly",87,5
320,Home,Product 320,Brand 5,348.34,"Premium smart thermostat from Brand 5. Features energy saving, app control, learning schedule for home climate. Suitable for small spaces, premium quality investment.","easy to clean, eco-friendly, durable materials, space-saving, adjustable settings, modern design, energy efficient",84,1
321,Electronics,Product 321,Brand 26,453.5,"Compact smartwatch from Brand 26. Features fitness tracking, heart rate sensor, notifications, multi-day battery. Enhances productivity, premium quality investment.","long battery life, high resolution, noise cancellation, fast charging, user-friendly app",83,3
322,Books,Product 322,Brand 15,137.81,"High-performance nature photography collection from Brand 15. Features stunning visuals, outdoor inspiration, coffee-table quality. Great for beginners and experts, great value for quality.","illustrated, immersive reading, page-turner, beginner-friendly, engaging narrative, gift-worthy",13,3
323,Sports,Product 323,Brand 3,162.71,"Space-saving yoga mat from Brand 3. Features non-slip surface, extra thick cushioning, portable for travel and home workouts. Optimized for convenience, mid-range with solid features.","sweat-resistant, lightweight, home workout friendly, ergonomic grip, durable, travel-ready, adjustable, travel-friendly",8,4
324,Home,Product 324,Brand 24,248.76,"Stylish robot vacuum from Brand 24. Features smart mapping, app control, pet hair cleaning, hands-free floor care. Ideal for daily use, mid-range with solid features.","durable materials, space-saving, adjustable settings, modern design, energy efficient",52,5
325,Electronics,Product 325,Brand 23,275.29,"Comfortable e-reader from Brand 23. Features glare-free screen, weeks of battery, lightweight for reading on the go. Excellent gift option, mid-range with solid features.","noise cancellation, fast charging, user-friendly app, waterproof, compact, wireless",0,1
326,Clothing,Product 326,Brand 29,287.82,"Lightweight merino wool sweater from Brand 29. Features soft temperature-regulating fabric, itch-free, ideal for travel layering. Promotes better sleep, mid-range with solid features.","easy care, packable, breathable, stylish design, stretch fabric, moisture-wicking, temperature regulating, travel-friendly",94,2
327,Clothing,Product 327,Brand 30,211.18,"Ergonomic wool blend socks from Brand 30. Features cushioned sole, moisture control, durable for hiking and daily use. Designed for active lifestyles, mid-range with solid features.","stylish design, stretch fabric, moisture-wicking, temperature regulating, all-season",44,3
328,Books,Product 328,Brand 4,453.41,"Travel-friendly home workout handbook from Brand 4. Features bodyweight exercises, no-equipment routines, fitness at home. Supports healthy living, premium quality investment.","self-improvement, well-researched, illustrated, immersive reading, page-turner, beginner-friendly, travel-friendly, home-friendly",14,5
329,Sports,Product 329,Brand 7,214.74,"Reliable sports water bottle from Brand 7. Features insulated stainless steel, leak-proof, keeps drinks cold for hours. Perfect for home and travel, mid-range with solid features.","impact protection, high-performance, sweat-resistant, lightweight, home workout friendly, ergonomic grip, durable, travel-friendly",32,5
330,Electronics,Product 330,Brand 18,473.81,"Innovative USB-C hub from Brand 18. Features multi-port adapter, 4K HDMI support, compact for laptop productivity. Built for long-lasting performance, premium quality investment.","wireless, smart connectivity, Bluetooth, long battery life, high resolution",25,2
331,Electronics,Product 331,Brand 30,341.04,"Durable wireless charger from Brand 30. Features fast charging, compatible with multiple devices, sleek minimalist design. Encourages outdoor exploration, premium quality investment.","long battery life, high resolution, noise cancellation, fast charging, user-friendly app, waterproof",25,2
332,Electronics,Product 332,Brand 21,415.41,"Versatile webcam from Brand 21. Features 1080p HD, auto-focus, built-in microphone, video calls and streaming. Suitable for small spaces, premium quality investment.","fast charging, user-friendly app, waterproof, compact, wireless, smart connectivity, Bluetooth",69,4
333,Sports,Product 333,Brand 18,168.52,"Everyday jump rope from Brand 18. Features adjustable length, ball bearings, ideal for cardio and HIIT workouts. Enhances productivity, mid-range with solid features.","sweat-resistant, lightweight, home workout friendly, ergonomic grip, durable",58,4
334,Books,Product 334,Brand 22,323.52,"User-friendly sci-fi space opera novel from Brand 22. Features epic world-building, compelling characters, page-turning adventure. Great for beginners and experts, premium quality investment.","inspirational, practical tips, self-improvement, well-researched, illustrated, immersive reading",18,5
335,Books,Product 335,Brand 28,200.29,"Practical plant-based cookbook from Brand 28. Features easy recipes, nutritional tips, healthy everyday cooking. Optimized for convenience, mid-range with solid features.","well-researched, illustrated, immersive reading, page-turner, beginner-friendly, engaging narrative, gift-worthy",55,1
336,Books,Product 336,Brand 10,412.18,"Premium sci-fi space opera novel from Brand 10. Features epic world-building, compelling characters, page-turning adventure. Ideal for daily use, premium quality investment.","page-turner, beginner-friendly, engaging narrative, gift-worthy, inspirational",24,3
337,Books,Product 337,Brand 30,373.35,"Compact nature photography collection from Brand 30. Features stunning visuals, outdoor inspiration, coffee-table quality. Excellent gift option, premium quality investment.","gift-worthy, inspirational, practical tips, self-improvement, well-researched, illustrated",36,4
338,Sports,Product 338,Brand 18,223.11,"High-performance running shoes from Brand 18. Features lightweight breathable mesh, cushioned sole, ideal for long-distance running. Promotes better sleep, mid-range with solid features.","travel-ready, adjustable, portable, impact protection, high-performance, sweat-resistant, lightweight",0,4
339,Books,Product 339,Brand 20,306.08,"Space-saving beginner coding handbook from Brand 20. Features practical projects, clear explanations, learning programming from scratch. Designed for active lifestyles, premium quality investment.","immersive reading, page-turner, beginner-friendly, engaging narrative, gift-worthy",60,5
340,Electronics,Product 340,Brand 11,241.66,"Stylish smart LED bulb from Brand 11. Features color changing, voice control, energy efficient, app scheduling. Supports healthy living, mid-range with solid features.","wireless, smart connectivity, Bluetooth, long battery life, high resolution, noise cancellation",32,1
341,Clothing,Product 341,Brand 9,142.35,"Comfortable travel scarf from Brand 9. Features versatile multi-use, soft fabric, compact packing for trips. Perfect for home and travel, great value for quality.","moisture-wicking, temperature regulating, all-season, comfortable fit, versatile layering, easy care, packable, travel-friendly",10,2
342,Electronics,Product 342,Brand 4,488.96,"Lightweight e-reader from Brand 4. Features glare-free screen, weeks of battery, lightweight for reading on the go. Built for long-lasting performance, premium quality investment.","fast charging, user-friendly app, waterproof, compact, wireless",57,4
343,Clothing,Product 343,Brand 24,391.31,"Ergonomic compression leggings from Brand 24. Features moisture-wicking, four-way stretch, supportive for running and gym. Encourages outdoor exploration, premium quality investment.","packable, breathable, stylish design, stretch fabric, moisture-wicking, temperature regulating",71,5
344,Electronics,Product 344,Brand 29,331.19,"Travel-friendly portable power bank from Brand 29. Features high capacity, fast charging, lightweight for travel emergencies. Suitable for small spaces, premium quality investment.","Bluetooth, long battery life, high resolution, noise cancellation, fast charging, user-friendly app, waterproof, travel-friendly",13,5
345,Electronics,Product 345,Brand 6,166.82,"Reliable wireless charger from Brand 6. Features fast charging, compatible with multiple devices, sleek minimalist design. Enhances productivity, mid-range with solid features.","noise cancellation, fast charging, user-friendly app, waterproof, compact",7,1
346,Sports,Product 346,Brand 1,213.83,"Innovative yoga mat from Brand 1. Features non-slip surface, extra thick cushioning, portable for travel and home workouts. Great for beginners and experts, mid-range with solid features.","high-performance, sweat-resistant, lightweight, home workout friendly, ergonomic grip, durable, travel-friendly, home-friendly",84,2
347,Sports,Product 347,Brand 13,218.51,"Durable tennis racket from Brand 13. Features lightweight graphite frame, comfortable grip, intermediate to advanced players. Optimized for convenience, mid-range with solid features.","home workout friendly, ergonomic grip, durable, travel-ready, adjustable, portable, impact protection",70,3
348,Books,Product 348,Brand 2,65.46,"Versatile historical fiction epic from Brand 2. Features rich period detail, emotional storytelling, immersive reading experience. Ideal for daily use, great value for quality.","self-improvement, well-researched, illustrated, immersive reading, page-turner",2,4
349,Clothing,Product 349,Brand 28,18.61,"Everyday waterproof hiking jacket from Brand 28. Features breathable membrane, packable, weather protection for outdoor activities. Excellent gift option, affordable everyday option.","versatile layering, easy care, packable, breathable, stylish design, stretch fabric",12,5
350,Books,Product 350,Brand 11,254.96,"User-friendly productivity systems book from Brand 11. Features time management, habit building, focus techniques for professionals. Promotes better sleep, mid-range with solid features.","engaging narrative, gift-worthy, inspirational, practical tips, self-improvement, well-researched, illustrated",97,1
351,Sports,Product 351,Brand 5,68.51,"Practical sports water bottle from Brand 5. Features insulated stainless steel, leak-proof, keeps drinks cold for hours. Designed for active lifestyles, great value for quality.","durable, travel-ready, adjustable, portable, impact protection",0,2
352,Clothing,Product 352,Brand 18,286.41,"Premium merino wool sweater from Brand 18. Features soft temperature-regulating fabric, itch-free, ideal for travel layering. Supports healthy living, mid-range with solid features.","comfortable fit, versatile layering, easy care, packable, breathable, stylish design, travel-friendly",31,3
353,Clothing,Product 353,Brand 19,74.95,"Compact insulated winter coat from Brand 19. Features down-filled, water-resistant shell, warm for cold climate travel. Perfect for home and travel, great value for quality.","packable, breathable, stylish design, stretch fabric, moisture-wicking, temperature regulating, all-season, travel-friendly",22,4
354,Clothing,Product 354,Brand 30,122.29,"High-performance insulated winter coat from Brand 30. Features down-filled, water-resistant shell, warm for cold climate travel. Built for long-lasting performance, great value for quality.","stretch fabric, moisture-wicking, temperature regulating, all-season, comfortable fit, travel-friendly",53,5
355,Clothing,Product 355,Brand 16,20.18,"Space-saving sun protection hat from Brand 16. Features UPF rated, wide brim, packable, outdoor activities and travel. Encourages outdoor exploration, affordable everyday option.","all-season, comfortable fit, versatile layering, easy care, packable, breathable, travel-friendly",63,1
356,Books,Product 356,Brand 26,281.84,"Stylish historical fiction epic from Brand 26. Features rich period detail, emotional storytelling, immersive reading experience. Suitable for small spaces, mid-range with solid features.","page-turner, beginner-friendly, engaging narrative, gift-worthy, inspirational, practical tips, self-improvement",62,2
357,Books,Product 357,Brand 17,185.1,"Comfortable historical fiction epic from Brand 17. Features rich period detail, emotional storytelling, immersive reading experience. Enhances productivity, mid-range with solid features.","gift-worthy, inspirational, practical tips, self-improvement, well-researched",28,3
358,Books,Product 358,Brand 29,5.24,"Lightweight home workout handbook from Brand 29. Features bodyweight exercises, no-equipment routines, fitness at home. Great for beginners and experts, affordable everyday option.","self-improvement, well-researched, illustrated, immersive reading, page-turner, beginner-friendly, home-friendly",52,4
359,Books,Product 359,Brand 27,123.09,"Ergonomic culinary travel guide from Brand 27. Features regional recipes, food culture stories, inspiration for home cooks. Optimized for convenience, great value for quality.","immersive reading, page-turner, beginner-friendly, engaging narrative, gift-worthy, inspirational, practical tips, travel-friendly",8,5
360,Sports,Product 360,Brand 30,429.83,"Travel-friendly dumbbell set from Brand 30. Features adjustable weights, compact design, perfect for home gym strength training. Ideal for daily use, premium quality investment.","lightweight, home workout friendly, ergonomic grip, durable, travel-ready, travel-friendly, home-friendly",22,2
361,Sports,Product 361,Brand 28,471.45,"Reliable hiking backpack from Brand 28. Features ergonomic straps, multiple compartments, water-resistant, outdoor adventures. Excellent gift option, premium quality investment.","durable, travel-ready, adjustable, portable, impact protection, high-performance",49,3
362,Sports,Product 362,Brand 28,165.36,"Innovative knee support brace from Brand 28. Features breathable neoprene, adjustable straps, joint stability during activity. Promotes better sleep, mid-range with solid features.","portable, impact protection, high-performance, sweat-resistant, lightweight, home workout friendly, ergonomic grip",1,3
363,Clothing,Product 363,Brand 14,412.15,"Durable compression leggings from Brand 14. Features moisture-wicking, four-way stretch, supportive for running and gym. Designed for active lifestyles, premium quality investment.","packable, breathable, stylish design, stretch fabric, moisture-wicking",50,5
364,Sports,Product 364,Brand 15,132.19,"Versatile hiking backpack from Brand 15. Features ergonomic straps, multiple compartments, water-resistant, outdoor adventures. Supports healthy living, great value for quality.","ergonomic grip, durable, travel-ready, adjustable, portable, impact protection",0,5
365,Sports,Product 365,Brand 12,286.01,"Everyday resistance bands from Brand 12. Features multi-level resistance, portable, great for travel and rehabilitation. Perfect for home and travel, mid-range with solid features.","adjustable, portable, impact protection, high-performance, sweat-resistant, lightweight, home workout friendly, travel-friendly",34,1
366,Electronics,Product 366,Brand 29,129.7,"User-friendly portable power bank from Brand 29. Features high capacity, fast charging, lightweight for travel emergencies. Built for long-lasting performance, great value for quality.","waterproof, compact, wireless, smart connectivity, Bluetooth, travel-friendly",59,2
367,Electronics,Product 367,Brand 23,369.87,"Practical wireless charger from Brand 23. Features fast charging, compatible with multiple devices, sleek minimalist design. Encourages outdoor exploration, premium quality investment.","smart connectivity, Bluetooth, long battery life, high resolution, noise cancellation, fast charging",37,4
368,Books,Product 368,Brand 12,178.18,"Premium travel adventure memoir from Brand 12. Features inspiring journeys, cultural insights, perfect for wanderlust readers. Suitable for small spaces, mid-range with solid features.","self-improvement, well-researched, illustrated, immersive reading, page-turner, beginner-friendly, engaging narrative, travel-friendly",55,4
369,Sports,Product 369,Brand 15,213.83,"Compact hiking backpack from Brand 15. Features ergonomic straps, multiple compartments, water-resistant, outdoor adventures. Enhances productivity, mid-range with solid features.","impact protection, high-performance, sweat-resistant, lightweight, home workout friendly",90,5
370,Sports,Product 370,Brand 1,252.35,"High-performance running shoes from Brand 1. Features lightweight breathable mesh, cushioned sole, ideal for long-distance running. Great for beginners and experts, mid-range with solid features.","lightweight, home workout friendly, ergonomic grip, durable, travel-ready, adjustable",94,1
371,Books,Product 371,Brand 28,422.14,"Space-saving home workout handbook from Brand 28. Features bodyweight exercises, no-equipment routines, fitness at home. Optimized for convenience, premium quality investment.","practical tips, self-improvement, well-researched, illustrated, immersive reading, page-turner, beginner-friendly, home-friendly",72,3
372,Clothing,Product 372,Brand 4,164.7,"Stylish linen summer shirt from Brand 4. Features lightweight breathable fabric, casual style, perfect for warm weather. Ideal for daily use, mid-range with solid features.","comfortable fit, versatile layering, easy care, packable, breathable",85,3
373,Electronics,Product 373,Brand 23,14.68,"Comfortable wireless keyboard from Brand 23. Features slim design, long battery, quiet keys, office and remote work. Excellent gift option, affordable everyday option.","compact, wireless, smart connectivity, Bluetooth, long battery life, high resolution",92,4
374,Books,Product 374,Brand 4,93.89,"Lightweight personal finance primer from Brand 4. Features budgeting strategies, investing basics, financial independence. Promotes better sleep, great value for quality.","inspirational, practical tips, self-improvement, well-researched, illustrated, immersive reading, page-turner",63,5
375,Books,Product 375,Brand 29,119.4,"Ergonomic plant-based cookbook from Brand 29. Features easy recipes, nutritional tips, healthy everyday cooking. Designed for active lifestyles, great value for quality.","well-researched, illustrated, immersive reading, page-turner, beginner-friendly",20,1
376,Electronics,Product 376,Brand 6,371.88,"Travel-friendly smartwatch from Brand 6. Features fitness tracking, heart rate sensor, notifications, multi-day battery. Supports healthy living, premium quality investment.","waterproof, compact, wireless, smart connectivity, Bluetooth, long battery life, travel-friendly",25,3
377,Books,Product 377,Brand 29,316.03,"Reliable plant-based cookbook from Brand 29. Features easy recipes, nutritional tips, healthy everyday cooking. Perfect for home and travel, premium quality investment.","gift-worthy, inspirational, practical tips, self-improvement, well-researched, illustrated, immersive reading, travel-friendly",0,3
378,Home,Product 378,Brand 6,348.38,"Innovative blackout curtains from Brand 6. Features thermal insulation, room darkening, better sleep and energy savings. Built for long-lasting performance, premium quality investment.","adjustable settings, modern design, energy efficient, everyday convenience, multi-functional",38,4
379,Home,Product 379,Brand 21,120.36,"Durable weighted blanket from Brand 21. Features deep pressure comfort, soft cover, better sleep and anxiety relief. Encourages outdoor exploration, great value for quality.","everyday convenience, multi-functional, quiet operation, easy to clean, eco-friendly, durable materials",28,5
380,Sports,Product 380,Brand 29,224.55,"Versatile foam roller from Brand 29. Features high-density foam, muscle recovery, portable for post-workout use. Suitable for small spaces, mid-range with solid features.","lightweight, home workout friendly, ergonomic grip, durable, travel-ready, adjustable, portable",8,1
381,Home,Product 381,Brand 27,229.33,"Everyday weighted blanket from Brand 27. Features deep pressure comfort, soft cover, better sleep and anxiety relief. Enhances productivity, mid-range with solid features.","space-saving, adjustable settings, modern design, energy efficient, everyday convenience",75,2
382,Home,Product 382,Brand 16,126.63,"User-friendly weighted blanket from Brand 16. Features deep pressure comfort, soft cover, better sleep and anxiety relief. Great for beginners and experts, great value for quality.","energy efficient, everyday convenience, multi-functional, quiet operation, easy to clean, eco-friendly",95,3
383,Clothing,Product 383,Brand 6,78.65,"Practical fleece hoodie from Brand 6. Features soft warmth, kangaroo pocket, casual layering for cool evenings. Optimized for convenience, great value for quality.","packable, breathable, stylish design, stretch fabric, moisture-wicking, temperature regulating, all-season",70,4
384,Home,Product 384,Brand 6,156.6,"Premium LED desk lamp from Brand 6. Features adjustable brightness, USB charging port, eye-care for study and work. Ideal for daily use, mid-range with solid features.","durable materials, space-saving, adjustable settings, modern design, energy efficient",8,5
385,Sports,Product 385,Brand 26,198.85,"Compact resistance bands from Brand 26. Features multi-level resistance, portable, great for travel and rehabilitation. Excellent gift option, mid-range with solid features.","adjustable, portable, impact protection, high-performance, sweat-resistant, lightweight, travel-friendly",96,1
386,Clothing,Product 386,Brand 15,410.46,"High-performance compression leggings from Brand 15. Features moisture-wicking, four-way stretch, supportive for running and gym. Promotes better sleep, premium quality investment.","easy care, packable, breathable, stylish design, stretch fabric, moisture-wicking, temperature regulating",41,3
387,Books,Product 387,Brand 22,445.76,"Space-saving home workout handbook from Brand 22. Features bodyweight exercises, no-equipment routines, fitness at home. Designed for active lifestyles, premium quality investment.","gift-worthy, inspirational, practical tips, self-improvement, well-researched, home-friendly",8,4
388,Home,Product 388,Brand 20,51.29,"Stylish memory foam pillow from Brand 20. Features ergonomic support, cooling cover, improved sleep quality. Supports healthy living, great value for quality.","adjustable settings, modern design, energy efficient, everyday convenience, multi-functional, quiet operation",7,4
389,Electronics,Product 389,Brand 26,181.61,"Comfortable wireless charger from Brand 26. Features fast charging, compatible with multiple devices, sleek minimalist design. Perfect for home and travel, mid-range with solid features.","user-friendly app, waterproof, compact, wireless, smart connectivity, Bluetooth, long battery life, travel-friendly",75,5
390,Sports,Product 390,Brand 6,417.18,"Lightweight running shoes from Brand 6. Features lightweight breathable mesh, cushioned sole, ideal for long-distance running. Built for long-lasting performance, premium quality investment.","lightweight, home workout friendly, ergonomic grip, durable, travel-ready",0,2
391,Clothing,Product 391,Brand 10,230.03,"Ergonomic denim jeans from Brand 10. Features stretch comfort, classic fit, versatile for casual and smart-casual looks. Encourages outdoor exploration, mid-range with solid features.","moisture-wicking, temperature regulating, all-season, comfortable fit, versatile layering, easy care",62,2
392,Clothing,Product 392,Brand 11,463.2,"Travel-friendly wool blend socks from Brand 11. Features cushioned sole, moisture control, durable for hiking and daily use. Suitable for small spaces, premium quality investment.","comfortable fit, versatile layering, easy care, packable, breathable, stylish design, stretch fabric, travel-friendly",65,4
393,Electronics,Product 393,Brand 29,174.76,"Reliable webcam from Brand 29. Features 1080p HD, auto-focus, built-in microphone, video calls and streaming. Enhances productivity, mid-range with solid features.","compact, wireless, smart connectivity, Bluetooth, long battery life",68,4
394,Home,Product 394,Brand 7,75.99,"Innovative ceramic non-stick pan from Brand 7. Features even heat distribution, easy clean, healthy everyday cooking. Great for beginners and experts, great value for quality.","durable materials, space-saving, adjustable settings, modern design, energy efficient, everyday convenience",21,5
395,Electronics,Product 395,Brand 2,315.28,"Durable portable Bluetooth speaker from Brand 2. Features waterproof, deep bass, 20-hour playtime, outdoor and travel use. Optimized for convenience, premium quality investment.","noise cancellation, fast charging, user-friendly app, waterproof, compact, wireless, smart connectivity, travel-friendly",8,1
396,Electronics,Product 396,Brand 28,464.99,"Versatile noise-cancelling headphones from Brand 28. Features over-ear comfort, 30-hour battery, premium audio quality. Ideal for daily use, premium quality investment.","waterproof, compact, wireless, smart connectivity, Bluetooth",66,3
397,Clothing,Product 397,Brand 17,232.35,"Everyday compression leggings from Brand 17. Features moisture-wicking, four-way stretch, supportive for running and gym. Excellent gift option, mid-range with solid features.","stylish design, stretch fabric, moisture-wicking, temperature regulating, all-season, comfortable fit",11,3
398,Electronics,Product 398,Brand 24,377.86,"User-friendly wireless earbuds from Brand 24. Features active noise cancellation, long battery life, comfortable fit for daily commute. Promotes better sleep, premium quality investment.","high resolution, noise cancellation, fast charging, user-friendly app, waterproof, compact, wireless",24,5
399,Clothing,Product 399,Brand 28,43.6,"Practical waterproof hiking jacket from Brand 28. Features breathable membrane, packable, weather protection for outdoor activities. Designed for active lifestyles, affordable everyday option.","versatile layering, easy care, packable, breathable, stylish design",9,5
400,Clothing,Product 400,Brand 29,105.48,"Premium compression leggings from Brand 29. Features moisture-wicking, four-way stretch, supportive for running and gym. Supports healthy living, great value for quality.","breathable, stylish design, stretch fabric, moisture-wicking, temperature regulating, all-season",77,1
401,Clothing,Product 401,Brand 6,20.46,"Compact fleece hoodie from Brand 6. Features soft warmth, kangaroo pocket, casual layering for cool evenings. Perfect for home and travel, affordable everyday option.","moisture-wicking, temperature regulating, all-season, comfortable fit, versatile layering, easy care, packable, travel-friendly",9,2
402,Home,Product 402,Brand 2,222.79,"High-performance ceramic non-stick pan from Brand 2. Features even heat distribution, easy clean, healthy everyday cooking. Built for long-lasting performance, mid-range with solid features.","energy efficient, everyday convenience, multi-functional, quiet operation, easy to clean",87,3
403,Sports,Product 403,Brand 12,226.1,"Space-saving tennis racket from Brand 12. Features lightweight graphite frame, comfortable grip, intermediate to advanced players. Encourages outdoor exploration, mid-range with solid features.","sweat-resistant, lightweight, home workout friendly, ergonomic grip, durable, travel-ready",0,4
404,Sports,Product 404,Brand 5,355.13,"Stylish cycling helmet from Brand 5. Features ventilated design, adjustable fit, impact protection for road cycling. Suitable for small spaces, premium quality investment.","ergonomic grip, durable, travel-ready, adjustable, portable, impact protection, high-performance",31,6
405,Sports,Product 405,Brand 17,485.57,"Comfortable sports water bottle from Brand 17. Features insulated stainless steel, leak-proof, keeps drinks cold for hours. Enhances productivity, premium quality investment.","adjustable, portable, impact protection, high-performance, sweat-resistant",52,2
406,Electronics,Product 406,Brand 15,31.1,"Lightweight wireless keyboard from Brand 15. Features slim design, long battery, quiet keys, office and remote work. Great for beginners and experts, affordable everyday option.","waterproof, compact, wireless, smart connectivity, Bluetooth, long battery life",16,2
407,Clothing,Product 407,Brand 17,466.77,"Ergonomic insulated winter coat from Brand 17. Features down-filled, water-resistant shell, warm for cold climate travel. Optimized for convenience, premium quality investment.","stylish design, stretch fabric, moisture-wicking, temperature regulating, all-season, comfortable fit, versatile layering, travel-friendly",73,4
408,Electronics,Product 408,Brand 22,161.71,"Travel-friendly wireless keyboard from Brand 22. Features slim design, long battery, quiet keys, office and remote work. Ideal for daily use, mid-range with solid features.","high resolution, noise cancellation, fast charging, user-friendly app, waterproof, travel-friendly",32,4
409,Clothing,Product 409,Brand 9,156.44,"Reliable fleece hoodie from Brand 9. Features soft warmth, kangaroo pocket, casual layering for cool evenings. Excellent gift option, mid-range with solid features.","versatile layering, easy care, packable, breathable, stylish design, stretch fabric",75,5
410,Home,Product 410,Brand 4,321.77,"Innovative robot vacuum from Brand 4. Features smart mapping, app control, pet hair cleaning, hands-free floor care. Promotes better sleep, premium quality investment.","easy to clean, eco-friendly, durable materials, space-saving, adjustable settings, modern design, energy efficient",77,1
411,Electronics,Product 411,Brand 30,14.03,"Durable noise-cancelling headphones from Brand 30. Features over-ear comfort, 30-hour battery, premium audio quality. Designed for active lifestyles, affordable everyday option.","long battery life, high resolution, noise cancellation, fast charging, user-friendly app",6,2
412,Clothing,Product 412,Brand 2,188.52,"Versatile athletic shorts from Brand 2. Features quick-dry fabric, side pockets, comfortable for workouts and casual wear. Supports healthy living, mid-range with solid features.","comfortable fit, versatile layering, easy care, packable, breathable, stylish design",80,3
413,Electronics,Product 413,Brand 2,166.99,"Everyday wireless earbuds from Brand 2. Features active noise cancellation, long battery life, comfortable fit for daily commute. Perfect for home and travel, mid-range with solid features.","compact, wireless, smart connectivity, Bluetooth, long battery life, high resolution, noise cancellation, travel-friendly",11,4
414,Clothing,Product 414,Brand 1,19.58,"User-friendly denim jeans from Brand 1. Features stretch comfort, classic fit, versatile for casual and smart-casual looks. Built for long-lasting performance, affordable everyday option.","stretch fabric, moisture-wicking, temperature regulating, all-season, comfortable fit",54,5
415,Books,Product 415,Brand 24,363.96,"Practical personal finance primer from Brand 24. Features budgeting strategies, investing basics, financial independence. Encourages outdoor exploration, premium quality investment.","well-researched, illustrated, immersive reading, page-turner, beginner-friendly, engaging narrative",85,2
416,Books,Product 416,Brand 11,362.38,"Premium productivity systems book from Brand 11. Features time management, habit building, focus techniques for professionals. Suitable for small spaces, premium quality investment.","page-turner, beginner-friendly, engaging narrative, gift-worthy, inspirational, practical tips, self-improvement",0,3
417,Clothing,Product 417,Brand 6,295.67,"Compact performance t-shirt from Brand 6. Features odor-resistant, moisture management, everyday active lifestyle. Enhances productivity, mid-range with solid features.","stylish design, stretch fabric, moisture-wicking, temperature regulating, all-season",75,3
418,Electronics,Product 418,Brand 26,178.9,"High-performance e-reader from Brand 26. Features glare-free screen, weeks of battery, lightweight for reading on the go. Great for beginners and experts, mid-range with solid features.","high resolution, noise cancellation, fast charging, user-friendly app, waterproof, compact",73,4
419,Home,Product 419,Brand 7,188.2,"Space-saving robot vacuum from Brand 7. Features smart mapping, app control, pet hair cleaning, hands-free floor care. Optimized for convenience, mid-range with solid features.","everyday convenience, multi-functional, quiet operation, easy to clean, eco-friendly, durable materials, space-saving",67,5
420,Books,Product 420,Brand 15,457.77,"Stylish sci-fi space opera novel from Brand 15. Features epic world-building, compelling characters, page-turning adventure. Ideal for daily use, premium quality investment.","engaging narrative, gift-worthy, inspirational, practical tips, self-improvement",41,2
421,Sports,Product 421,Brand 28,176.63,"Comfortable foam roller from Brand 28. Features high-density foam, muscle recovery, portable for post-workout use. Excellent gift option, mid-range with solid features.","durable, travel-ready, adjustable, portable, impact protection, high-performance",34,2
422,Clothing,Product 422,Brand 4,43.71,"Lightweight performance t-shirt from Brand 4. Features odor-resistant, moisture management, everyday active lifestyle. Promotes better sleep, affordable everyday option.","comfortable fit, versatile layering, easy care, packable, breathable, stylish design, stretch fabric",27,3
423,Home,Product 423,Brand 17,121.8,"Ergonomic robot vacuum from Brand 17. Features smart mapping, app control, pet hair cleaning, hands-free floor care. Designed for active lifestyles, great value for quality.","quiet operation, easy to clean, eco-friendly, durable materials, space-saving",86,4
424,Electronics,Product 424,Brand 19,188.04,"Travel-friendly wireless earbuds from Brand 19. Features active noise cancellation, long battery life, comfortable fit for daily commute. Supports healthy living, mid-range with solid features.","Bluetooth, long battery life, high resolution, noise cancellation, fast charging, user-friendly app, travel-friendly",92,5
425,Home,Product 425,Brand 30,416.72,"Reliable essential oil diffuser from Brand 30. Features ultrasonic mist, timer settings, calming aromatherapy for home. Perfect for home and travel, premium quality investment.","modern design, energy efficient, everyday convenience, multi-functional, quiet operation, easy to clean, eco-friendly, travel-friendly",41,2
426,Home,Product 426,Brand 25,128.43,"Innovative LED desk lamp from Brand 25. Features adjustable brightness, USB charging port, eye-care for study and work. Built for long-lasting performance, great value for quality.","multi-functional, quiet operation, easy to clean, eco-friendly, durable materials",31,2
427,Home,Product 427,Brand 26,442.37,"Durable bamboo cutting board from Brand 26. Features knife-friendly surface, antimicrobial, sustainable kitchen tool. Encourages outdoor exploration, premium quality investment.","eco-friendly, durable materials, space-saving, adjustable settings, modern design, energy efficient",34,4
428,Clothing,Product 428,Brand 23,455.5,"Versatile linen summer shirt from Brand 23. Features lightweight breathable fabric, casual style, perfect for warm weather. Suitable for small spaces, premium quality investment.","temperature regulating, all-season, comfortable fit, versatile layering, easy care, packable, breathable",51,5
429,Books,Product 429,Brand 5,206.25,"Everyday travel adventure memoir from Brand 5. Features inspiring journeys, cultural insights, perfect for wanderlust readers. Enhances productivity, mid-range with solid features.","immersive reading, page-turner, beginner-friendly, engaging narrative, gift-worthy, travel-friendly",0,5
430,Electronics,Product 430,Brand 14,388.79,"User-friendly wireless keyboard from Brand 14. Features slim design, long battery, quiet keys, office and remote work. Great for beginners and experts, premium quality investment.","wireless, smart connectivity, Bluetooth, long battery life, high resolution, noise cancellation",17,2
431,Clothing,Product 431,Brand 19,40.99,"Practical travel scarf from Brand 19. Features versatile multi-use, soft fabric, compact packing for trips. Optimized for convenience, affordable everyday option.","moisture-wicking, temperature regulating, all-season, comfortable fit, versatile layering, easy care, packable, travel-friendly",86,2
432,Home,Product 432,Brand 9,125.73,"Premium blackout curtains from Brand 9. Features thermal insulation, room darkening, better sleep and energy savings. Ideal for daily use, great value for quality.","energy efficient, everyday convenience, multi-functional, quiet operation, easy to clean",83,3
433,Sports,Product 433,Brand 29,302.88,"Compact knee support brace from Brand 29. Features breathable neoprene, adjustable straps, joint stability during activity. Excellent gift option, premium quality investment.","sweat-resistant, lightweight, home workout friendly, ergonomic grip, durable, travel-ready",39,4
434,Books,Product 434,Brand 4,242.09,"High-performance self-care journal from Brand 4. Features guided prompts, reflection exercises, mental wellness daily practice. Promotes better sleep, mid-range with solid features.","inspirational, practical tips, self-improvement, well-researched, illustrated, immersive reading, page-turner",59,5
435,Home,Product 435,Brand 15,58.77,"Space-saving bamboo cutting board from Brand 15. Features knife-friendly surface, antimicrobial, sustainable kitchen tool. Designed for active lifestyles, great value for quality.","modern design, energy efficient, everyday convenience, multi-functional, quiet operation",41,1
436,Books,Product 436,Brand 29,243.6,"Stylish personal finance primer from Brand 29. Features budgeting strategies, investing basics, financial independence. Supports healthy living, mid-range with solid features.","page-turner, beginner-friendly, engaging narrative, gift-worthy, inspirational, practical tips",97,2
437,Home,Product 437,Brand 5,110.1,"Comfortable bamboo cutting board from Brand 5. Features knife-friendly surface, antimicrobial, sustainable kitchen tool. Perfect for home and travel, great value for quality.","eco-friendly, durable materials, space-saving, adjustable settings, modern design, energy efficient, everyday convenience, travel-friendly",10,3
438,Home,Product 438,Brand 21,315.5,"Lightweight stainless steel cookware set from Brand 21. Features induction compatible, durable, multi-piece kitchen essential. Built for long-lasting performance, premium quality investment.","adjustable settings, modern design, energy efficient, everyday convenience, multi-functional",2,4
439,Sports,Product 439,Brand 2,101.96,"Ergonomic yoga mat from Brand 2. Features non-slip surface, extra thick cushioning, portable for travel and home workouts. Encourages outdoor exploration, great value for quality.","impact protection, high-performance, sweat-resistant, lightweight, home workout friendly, ergonomic grip, travel-friendly, home-friendly",59,5
440,Books,Product 440,Brand 9,463.29,"Travel-friendly nature photography collection from Brand 9. Features stunning visuals, outdoor inspiration, coffee-table quality. Suitable for small spaces, premium quality investment.","engaging narrative, gift-worthy, inspirational, practical tips, self-improvement, well-researched, illustrated, travel-friendly",80,2
441,Electronics,Product 441,Brand 21,164.36,"Reliable smartwatch from Brand 21. Features fitness tracking, heart rate sensor, notifications, multi-day battery. Enhances productivity, mid-range with solid features.","long battery life, high resolution, noise cancellation, fast charging, user-friendly app",73,2
442,Home,Product 442,Brand 16,70.63,"Innovative bamboo cutting board from Brand 16. Features knife-friendly surface, antimicrobial, sustainable kitchen tool. Great for beginners and experts, great value for quality.","energy efficient, everyday convenience, multi-functional, quiet operation, easy to clean, eco-friendly",0,3
443,Sports,Product 443,Brand 2,317.57,"Durable yoga mat from Brand 2. Features non-slip surface, extra thick cushioning, portable for travel and home workouts. Optimized for convenience, premium quality investment.","sweat-resistant, lightweight, home workout friendly, ergonomic grip, durable, travel-ready, adjustable, travel-friendly",13,4
444,Books,Product 444,Brand 5,32.23,"Versatile self-care journal from Brand 5. Features guided prompts, reflection exercises, mental wellness daily practice. Ideal for daily use, affordable everyday option.","inspirational, practical tips, self-improvement, well-researched, illustrated",10,5
445,Sports,Product 445,Brand 25,229.85,"Everyday running shoes from Brand 25. Features lightweight breathable mesh, cushioned sole, ideal for long-distance running. Excellent gift option, mid-range with solid features.","adjustable, portable, impact protection, high-performance, sweat-resistant, lightweight",69,1
446,Home,Product 446,Brand 9,110.6,"User-friendly weighted blanket from Brand 9. Features deep pressure comfort, soft cover, better sleep and anxiety relief. Promotes better sleep, great value for quality.","multi-functional, quiet operation, easy to clean, eco-friendly, durable materials, space-saving, adjustable settings",28,2
447,Home,Product 447,Brand 4,309.58,"Practical bamboo cutting board from Brand 4. Features knife-friendly surface, antimicrobial, sustainable kitchen tool. Designed for active lifestyles, premium quality investment.","eco-friendly, durable materials, space-saving, adjustable settings, modern design",65,3
448,Clothing,Product 448,Brand 11,486.4,"Premium wool blend socks from Brand 11. Features cushioned sole, moisture control, durable for hiking and daily use. Supports healthy living, premium quality investment.","temperature regulating, all-season, comfortable fit, versatile layering, easy care, packable",34,5
449,Electronics,Product 449,Brand 28,159.78,"Compact wireless earbuds from Brand 28. Features active noise cancellation, long battery life, comfortable fit for daily commute. Perfect for home and travel, mid-range with solid features.","user-friendly app, waterproof, compact, wireless, smart connectivity, Bluetooth, long battery life, travel-friendly",17,5
450,Books,Product 450,Brand 25,210.72,"High-performance travel adventure memoir from Brand 25. Features inspiring journeys, cultural insights, perfect for wanderlust readers. Built for long-lasting performance, mid-range with solid features.","engaging narrative, gift-worthy, inspirational, practical tips, self-improvement, travel-friendly",45,1
451,Sports,Product 451,Brand 3,70.85,"Space-saving running shoes from Brand 3. Features lightweight breathable mesh, cushioned sole, ideal for long-distance running. Encourages outdoor exploration, great value for quality.","durable, travel-ready, adjustable, portable, impact protection, high-performance",9,2
452,Electronics,Product 452,Brand 13,441.52,"Stylish portable power bank from Brand 13. Features high capacity, fast charging, lightweight for travel emergencies. Suitable for small spaces, premium quality investment.","fast charging, user-friendly app, waterproof, compact, wireless, smart connectivity, Bluetooth, travel-friendly",32,4
453,Home,Product 453,Brand 20,73.92,"Comfortable storage ottoman from Brand 20. Features multi-functional seating, hidden compartment, living room organization. Enhances productivity, great value for quality.","quiet operation, easy to clean, eco-friendly, durable materials, space-saving",48,4
454,Books,Product 454,Brand 20,381.66,"Lightweight self-care journal from Brand 20. Features guided prompts, reflection exercises, mental wellness daily practice. Great for beginners and experts, premium quality investment.","inspirational, practical tips, self-improvement, well-researched, illustrated, immersive reading",37,6
455,Electronics,Product 455,Brand 25,77.42,"Ergonomic e-reader from Brand 25. Features glare-free screen, weeks of battery, lightweight for reading on the go. Optimized for convenience, great value for quality.","noise cancellation, fast charging, user-friendly app, waterproof, compact, wireless, smart connectivity",0,1
456,Sports,Product 456,Brand 8,482.9,"Travel-friendly hiking backpack from Brand 8. Features ergonomic straps, multiple compartments, water-resistant, outdoor adventures. Ideal for daily use, premium quality investment.","high-performance, sweat-resistant, lightweight, home workout friendly, ergonomic grip, travel-friendly",21,3
457,Clothing,Product 457,Brand 16,378.4,"Reliable fleece hoodie from Brand 16. Features soft warmth, kangaroo pocket, casual layering for cool evenings. Excellent gift option, premium quality investment.","stylish design, stretch fabric, moisture-wicking, temperature regulating, all-season, comfortable fit",57,4
458,Home,Product 458,Brand 9,239.12,"Innovative stainless steel cookware set from Brand 9. Features induction compatible, durable, multi-piece kitchen essential. Promotes better sleep, mid-range with solid features.","adjustable settings, modern design, energy efficient, everyday convenience, multi-functional, quiet operation, easy to clean",70,4
459,Electronics,Product 459,Brand 17,280.91,"Durable webcam from Brand 17. Features 1080p HD, auto-focus, built-in microphone, video calls and streaming. Designed for active lifestyles, mid-range with solid features.","user-friendly app, waterproof, compact, wireless, smart connectivity",91,5
460,Home,Product 460,Brand 1,378.19,"Versatile stainless steel cookware set from Brand 1. Features induction compatible, durable, multi-piece kitchen essential. Supports healthy living, premium quality investment.","easy to clean, eco-friendly, durable materials, space-saving, adjustable settings, modern design",39,2
461,Sports,Product 461,Brand 13,487.31,"Everyday yoga mat from Brand 13. Features non-slip surface, extra thick cushioning, portable for travel and home workouts. Perfect for home and travel, premium quality investment.","durable, travel-ready, adjustable, portable, impact protection, high-performance, sweat-resistant, travel-friendly",79,3
462,Sports,Product 462,Brand 9,76.61,"User-friendly fitness tracker from Brand 9. Features heart rate monitor, step counter, long battery life, waterproof. Built for long-lasting performance, great value for quality.","portable, impact protection, high-performance, sweat-resistant, lightweight",84,3
463,Electronics,Product 463,Brand 23,54.17,"Practical smartwatch from Brand 23. Features fitness tracking, heart rate sensor, notifications, multi-day battery. Encourages outdoor exploration, great value for quality.","compact, wireless, smart connectivity, Bluetooth, long battery life, high resolution",68,4
464,Electronics,Product 464,Brand 16,241.39,"Premium wireless keyboard from Brand 16. Features slim design, long battery, quiet keys, office and remote work. Suitable for small spaces, mid-range with solid features.","Bluetooth, long battery life, high resolution, noise cancellation, fast charging, user-friendly app, waterproof",2,5
465,Sports,Product 465,Brand 3,45.4,"Compact running shoes from Brand 3. Features lightweight breathable mesh, cushioned sole, ideal for long-distance running. Enhances productivity, affordable everyday option.","adjustable, portable, impact protection, high-performance, sweat-resistant",86,1
466,Home,Product 466,Brand 30,115.13,"High-performance blackout curtains from Brand 30. Features thermal insulation, room darkening, better sleep and energy savings. Great for beginners and experts, great value for quality.","multi-functional, quiet operation, easy to clean, eco-friendly, durable materials, space-saving",71,2
467,Home,Product 467,Brand 27,196.0,"Space-saving blackout curtains from Brand 27. Features thermal insulation, room darkening, better sleep and energy savings. Optimized for convenience, mid-range with solid features.","eco-friendly, durable materials, space-saving, adjustable settings, modern design, energy efficient, everyday convenience",39,3
468,Home,Product 468,Brand 8,181.06,"Stylish storage ottoman from Brand 8. Features multi-functional seating, hidden compartment, living room organization. Ideal for daily use, mid-range with solid features.","adjustable settings, modern design, energy efficient, everyday convenience, multi-functional",0,4
469,Clothing,Product 469,Brand 25,496.37,"Comfortable compression leggings from Brand 25. Features moisture-wicking, four-way stretch, supportive for running and gym. Excellent gift option, premium quality investment.","versatile layering, easy care, packable, breathable, stylish design, stretch fabric",85,6
470,Books,Product 470,Brand 20,114.58,"Lightweight productivity systems book from Brand 20. Features time management, habit building, focus techniques for professionals. Promotes better sleep, great value for quality.","engaging narrative, gift-worthy, inspirational, practical tips, self-improvement, well-researched, illustrated",14,1
471,Electronics,Product 471,Brand 8,498.66,"Ergonomic wireless charger from Brand 8. Features fast charging, compatible with multiple devices, sleek minimalist design. Designed for active lifestyles, premium quality investment.","long battery life, high resolution, noise cancellation, fast charging, user-friendly app",18,3
472,Clothing,Product 472,Brand 19,98.04,"Travel-friendly merino wool sweater from Brand 19. Features soft temperature-regulating fabric, itch-free, ideal for travel layering. Supports healthy living, great value for quality.","comfortable fit, versatile layering, easy care, packable, breathable, stylish design, travel-friendly",34,3
473,Electronics,Product 473,Brand 29,172.81,"Reliable e-reader from Brand 29. Features glare-free screen, weeks of battery, lightweight for reading on the go. Perfect for home and travel, mid-range with solid features.","compact, wireless, smart connectivity, Bluetooth, long battery life, high resolution, noise cancellation, travel-friendly",15,4
474,Books,Product 474,Brand 2,386.62,"Innovative nature photography collection from Brand 2. Features stunning visuals, outdoor inspiration, coffee-table quality. Built for long-lasting performance, premium quality investment.","inspirational, practical tips, self-improvement, well-researched, illustrated",14,6
475,Home,Product 475,Brand 28,465.0,"Durable air purifier from Brand 28. Features HEPA filter, quiet operation, removes allergens for cleaner indoor air. Encourages outdoor exploration, premium quality investment.","modern design, energy efficient, everyday convenience, multi-functional, quiet operation, easy to clean",96,2
476,Home,Product 476,Brand 12,270.84,"Versatile weighted blanket from Brand 12. Features deep pressure comfort, soft cover, better sleep and anxiety relief. Suitable for small spaces, mid-range with solid features.","multi-functional, quiet operation, easy to clean, eco-friendly, durable materials, space-saving, adjustable settings",71,2
477,Books,Product 477,Brand 30,331.7,"Everyday nature photography collection from Brand 30. Features stunning visuals, outdoor inspiration, coffee-table quality. Enhances productivity, premium quality investment.","gift-worthy, inspirational, practical tips, self-improvement, well-researched",20,3
478,Books,Product 478,Brand 3,117.8,"User-friendly mindfulness meditation guide from Brand 3. Features practical exercises, stress reduction, daily practice for beginners. Great for beginners and experts, great value for quality.","self-improvement, well-researched, illustrated, immersive reading, page-turner, beginner-friendly",35,4
479,Books,Product 479,Brand 5,116.4,"Practical sci-fi space opera novel from Brand 5. Features epic world-building, compelling characters, page-turning adventure. Optimized for convenience, great value for quality.","immersive reading, page-turner, beginner-friendly, engaging narrative, gift-worthy, inspirational, practical tips",37,5
480,Home,Product 480,Brand 3,181.65,"Premium weighted blanket from Brand 3. Features deep pressure comfort, soft cover, better sleep and anxiety relief. Ideal for daily use, mid-range with solid features.","easy to clean, eco-friendly, durable materials, space-saving, adjustable settings",78,1
481,Books,Product 481,Brand 13,234.21,"Compact beginner coding handbook from Brand 13. Features practical projects, clear explanations, learning programming from scratch. Excellent gift option, mid-range with solid features.","practical tips, self-improvement, well-researched, illustrated, immersive reading, page-turner",0,2
482,Electronics,Product 482,Brand 15,389.98,"High-performance portable Bluetooth speaker from Brand 15. Features waterproof, deep bass, 20-hour playtime, outdoor and travel use. Promotes better sleep, premium quality investment.","fast charging, user-friendly app, waterproof, compact, wireless, smart connectivity, Bluetooth, travel-friendly",27,4
483,Clothing,Product 483,Brand 9,236.11,"Space-saving travel scarf from Brand 9. Features versatile multi-use, soft fabric, compact packing for trips. Designed for active lifestyles, mid-range with solid features.","packable, breathable, stylish design, stretch fabric, moisture-wicking, travel-friendly",92,4
484,Electronics,Product 484,Brand 26,353.3,"Stylish wireless keyboard from Brand 26. Features slim design, long battery, quiet keys, office and remote work. Supports healthy living, premium quality investment.","Bluetooth, long battery life, high resolution, noise cancellation, fast charging, user-friendly app",44,6
485,Home,Product 485,Brand 14,470.69,"Comfortable ceramic non-stick pan from Brand 14. Features even heat distribution, easy clean, healthy everyday cooking. Perfect for home and travel, premium quality investment.","modern design, energy efficient, everyday convenience, multi-functional, quiet operation, easy to clean, eco-friendly, travel-friendly",27,2
486,Home,Product 486,Brand 23,463.2,"Lightweight LED desk lamp from Brand 23. Features adjustable brightness, USB charging port, eye-care for study and work. Built for long-lasting performance, premium quality investment.","multi-functional, quiet operation, easy to clean, eco-friendly, durable materials",88,3
487,Home,Product 487,Brand 15,235.54,"Ergonomic weighted blanket from Brand 15. Features deep pressure comfort, soft cover, better sleep and anxiety relief. Encourages outdoor exploration, mid-range with solid features.","eco-friendly, durable materials, space-saving, adjustable settings, modern design, energy efficient",82,3
488,Electronics,Product 488,Brand 5,262.19,"Travel-friendly portable Bluetooth speaker from Brand 5. Features waterproof, deep bass, 20-hour playtime, outdoor and travel use. Suitable for small spaces, mid-range with solid features.","high resolution, noise cancellation, fast charging, user-friendly app, waterproof, compact, wireless, travel-friendly",34,4
489,Clothing,Product 489,Brand 26,404.21,"Reliable waterproof hiking jacket from Brand 26. Features breathable membrane, packable, weather protection for outdoor activities. Enhances productivity, premium quality investment.","versatile layering, easy care, packable, breathable, stylish design",65,6
490,Clothing,Product 490,Brand 9,347.36,"Innovative linen summer shirt from Brand 9. Features lightweight breathable fabric, casual style, perfect for warm weather. Great for beginners and experts, premium quality investment.","breathable, stylish design, stretch fabric, moisture-wicking, temperature regulating, all-season",63,1
491,Sports,Product 491,Brand 6,185.78,"Durable dumbbell set from Brand 6. Features adjustable weights, compact design, perfect for home gym strength training. Optimized for convenience, mid-range with solid features.","durable, travel-ready, adjustable, portable, impact protection, high-performance, sweat-resistant, home-friendly",33,2
492,Home,Product 492,Brand 12,481.5,"Versatile robot vacuum from Brand 12. Features smart mapping, app control, pet hair cleaning, hands-free floor care. Ideal for daily use, premium quality investment.","energy efficient, everyday convenience, multi-functional, quiet operation, easy to clean",7,4
493,Electronics,Product 493,Brand 23,418.2,"Everyday portable Bluetooth speaker from Brand 23. Features waterproof, deep bass, 20-hour playtime, outdoor and travel use. Excellent gift option, premium quality investment.","compact, wireless, smart connectivity, Bluetooth, long battery life, high resolution, travel-friendly",12,5
494,Books,Product 494,Brand 18,337.1,"User-friendly travel adventure memoir from Brand 18. Features inspiring journeys, cultural insights, perfect for wanderlust readers. Promotes better sleep, premium quality investment.","inspirational, practical tips, self-improvement, well-researched, illustrated, immersive reading, page-turner, travel-friendly",0,5
495,Sports,Product 495,Brand 30,179.9,"Practical jump rope from Brand 30. Features adjustable length, ball bearings, ideal for cardio and HIIT workouts. Designed for active lifestyles, mid-range with solid features.","adjustable, portable, impact protection, high-performance, sweat-resistant",82,1
496,Home,Product 496,Brand 17,287.73,"Premium ceramic non-stick pan from Brand 17. Features even heat distribution, easy clean, healthy everyday cooking. Supports healthy living, mid-range with solid features.","multi-functional, quiet operation, easy to clean, eco-friendly, durable materials, space-saving",55,2
497,Electronics,Product 497,Brand 2,133.83,"Compact noise-cancelling headphones from Brand 2. Features over-ear comfort, 30-hour battery, premium audio quality. Perfect for home and travel, great value for quality.","smart connectivity, Bluetooth, long battery life, high resolution, noise cancellation, fast charging, user-friendly app, travel-friendly",36,3
498,Home,Product 498,Brand 24,56.26,"High-performance weighted blanket from Brand 24. Features deep pressure comfort, soft cover, better sleep and anxiety relief. Built for long-lasting performance, great value for quality.","adjustable settings, modern design, energy efficient, everyday convenience, multi-functional",6,4
499,Clothing,Product 499,Brand 14,158.27,"Space-saving fleece hoodie from Brand 14. Features soft warmth, kangaroo pocket, casual layering for cool evenings. Encourages outdoor exploration, mid-range with solid features.","versatile layering, easy care, packable, breathable, stylish design, stretch fabric",1,5
500,Clothing,Product 500,Brand 8,280.82,"Stylish wool blend socks from Brand 8. Features cushioned sole, moisture control, durable for hiking and daily use. Suitable for small spaces, mid-range with solid features.","breathable, stylish design, stretch fabric, moisture-wicking, temperature regulating, all-season, comfortable fit",43,1
