transaction_id,customer_id,product_id,purchase_date,quantity,unit_price,discount,payment_method,total_amount
1,95,143,2025-05-18,4,199.16,20,UPI,637.31
2,620,150,2024-02-27,4,481.0,0,Cash,1924.0
3,205,359,2025-05-16,4,65.07,10,Card,234.25
4,84,17,2023-04-03,3,125.96,15,Cash,321.2
5,34,453,2023-03-08,4,70.72,15,Card,240.45
6,507,74,2024-05-05,2,346.29,15,UPI,588.69
7,622,6,2024-09-03,3,274.38,0,Card,823.14
8,642,438,2024-01-10,5,281.69,20,Card,1126.76
9,965,120,2025-05-26,5,334.98,5,Card,1591.15
10,950,385,2024-11-17,4,25.75,10,PayPal,92.7
11,824,285,2023-11-12,1,303.08,15,UPI,257.62
12,438,106,2025-05-05,4,36.71,10,Card,132.16
13,679,333,2024-08-03,1,154.52,5,PayPal,146.79
14,996,7,2023-04-03,4,42.45,20,Cash,135.84
15,430,33,2024-05-31,5,226.17,10,Card,1017.76
16,506,74,2024-07-14,4,313.24,5,Card,1190.31
17,275,106,2024-10-02,5,393.53,15,PayPal,1672.5
18,152,74,2025-05-04,3,203.12,10,PayPal,548.42
19,979,304,2025-02-25,3,354.4,15,Card,903.72
20,221,12,2024-11-19,5,115.32,20,UPI,461.28
21,444,496,2023-03-26,5,383.8,0,Card,1919.0
22,240,399,2024-06-25,3,123.83,5,Cash,352.92
23,87,282,2024-10-14,5,84.91,10,UPI,382.09
24,909,301,2024-03-09,3,433.92,10,UPI,1171.58
25,211,394,2023-05-15,1,308.41,15,Cash,262.15
26,3,196,2025-04-23,2,13.3,10,Cash,23.94
27,675,209,2024-03-04,2,401.42,5,Cash,762.7
28,585,213,2025-05-04,4,26.35,20,Card,84.32
29,643,419,2023-05-31,2,54.67,10,PayPal,98.41
30,369,313,2023-06-17,2,468.71,5,Cash,890.55
31,879,256,2025-03-19,1,454.04,5,UPI,431.34
32,359,137,2025-01-19,4,124.96,0,Cash,499.84
33,223,334,2025-04-28,3,123.52,15,UPI,314.98
34,934,367,2025-06-19,2,183.07,15,PayPal,311.22
35,207,413,2025-03-28,4,259.2,20,UPI,829.44
36,239,24,2023-05-07,2,272.18,15,Card,462.71
37,427,390,2024-04-14,4,258.73,20,Card,827.94
38,208,408,2024-12-18,1,198.4,20,Cash,158.72
39,539,222,2024-09-09,5,359.41,20,PayPal,1437.64
40,384,386,2024-06-04,1,191.31,10,UPI,172.18
41,877,161,2024-11-10,2,439.31,15,Cash,746.83
42,195,490,2023-09-18,1,428.24,0,PayPal,428.24
43,229,380,2024-02-08,4,322.55,0,UPI,1290.2
44,945,206,2023-10-20,4,211.34,0,Cash,845.36
45,147,78,2024-11-24,3,331.17,20,UPI,794.81
46,993,313,2024-11-21,5,455.51,15,UPI,1935.92
47,753,192,2024-02-08,3,133.36,15,UPI,340.07
48,593,20,2024-11-06,2,400.62,0,Cash,801.24
49,361,127,2025-02-11,2,359.57,15,PayPal,611.27
50,13,129,2023-11-23,4,161.31,5,Card,612.98
51,966,106,2024-06-06,4,109.13,20,Card,349.22
52,653,347,2023-05-22,4,483.67,0,PayPal,1934.68
53,115,470,2025-01-13,4,386.78,20,Cash,1237.7
54,791,240,2025-02-11,4,274.04,5,Card,1041.35
55,362,465,2023-05-20,1,474.17,15,PayPal,403.04
56,207,197,2023-07-21,2,303.51,10,PayPal,546.32
57,764,144,2025-01-30,2,276.32,20,PayPal,442.11
58,50,469,2024-03-04,2,100.21,10,Card,180.38
59,664,95,2023-06-01,1,191.46,20,UPI,153.17
60,175,71,2025-03-24,3,466.58,5,UPI,1329.75
61,830,444,2023-07-19,4,313.23,20,Card,1002.34
62,621,106,2024-11-06,4,167.23,10,PayPal,602.03
63,46,394,2023-06-07,4,48.74,15,UPI,165.72
64,317,459,2024-04-17,2,24.9,15,UPI,42.33
65,356,177,2023-08-11,5,260.14,20,Cash,1040.56
66,425,124,2023-11-03,1,473.95,10,PayPal,426.56
67,343,463,2024-12-21,4,486.58,15,PayPal,1654.37
68,136,486,2023-10-20,1,215.41,5,PayPal,204.64
69,895,98,2023-09-07,5,337.84,0,PayPal,1689.2
70,349,452,2025-05-30,3,225.35,0,Card,676.05
71,532,495,2024-01-06,3,82.84,0,PayPal,248.52
72,875,124,2025-04-25,5,460.33,0,Card,2301.65
73,958,8,2025-02-26,4,448.06,15,PayPal,1523.4
74,416,125,2023-11-08,2,56.35,10,Cash,101.43
75,109,13,2024-05-22,2,217.6,10,UPI,391.68
76,966,408,2023-05-23,3,59.3,15,UPI,151.21
77,807,161,2023-12-14,3,416.75,20,Card,1000.2
78,202,153,2023-08-17,3,234.96,20,Card,563.9
79,957,161,2023-12-28,4,59.89,15,UPI,203.63
80,144,22,2024-02-13,5,156.14,10,Cash,702.63
81,798,443,2023-06-17,1,236.7,10,Cash,213.03
82,492,418,2024-02-12,2,312.82,20,Card,500.51
83,924,160,2024-08-26,1,308.36,5,PayPal,292.94
84,655,252,2024-07-25,2,371.91,0,PayPal,743.82
85,615,293,2024-07-04,5,70.57,0,UPI,352.85
86,827,212,2023-09-21,5,439.3,15,UPI,1867.02
87,342,283,2023-07-04,5,185.9,0,PayPal,929.5
88,509,114,2023-03-09,3,330.58,5,UPI,942.15
89,300,434,2024-05-04,5,387.84,10,PayPal,1745.28
90,888,362,2024-06-27,2,424.26,20,Cash,678.82
91,586,26,2023-03-09,5,263.83,10,Cash,1187.23
92,672,304,2024-10-08,2,76.93,15,UPI,130.78
93,965,325,2024-11-13,2,304.87,15,Cash,518.28
94,1,453,2024-02-01,2,30.08,0,UPI,60.16
95,448,461,2023-01-06,2,458.24,5,PayPal,870.66
96,252,17,2024-01-14,1,452.97,0,UPI,452.97
97,864,283,2024-06-19,5,71.16,15,Card,302.43
98,326,382,2023-08-29,4,317.89,15,PayPal,1080.83
99,82,288,2024-01-21,4,424.89,20,Card,1359.65
100,528,177,2024-02-18,3,119.73,15,UPI,305.31
101,863,26,2024-08-24,1,206.79,15,Cash,175.77
102,149,354,2024-02-28,3,99.37,15,UPI,253.39
103,791,387,2024-01-07,1,443.11,10,Card,398.8
104,770,402,2025-06-13,4,70.23,0,Cash,280.92
105,751,26,2023-03-23,3,135.93,0,Cash,407.79
106,246,71,2025-02-11,3,491.88,5,Cash,1401.86
107,204,228,2025-03-14,4,189.37,10,Cash,681.73
108,26,236,2023-02-02,5,93.22,0,Cash,466.1
109,676,213,2023-02-28,3,258.92,5,Card,737.92
110,987,309,2024-12-27,5,388.99,20,PayPal,1555.96
111,275,375,2024-10-24,4,281.69,15,Card,957.75
112,352,290,2025-03-09,1,436.63,5,Card,414.8
113,119,122,2025-02-10,2,492.56,15,PayPal,837.35
114,132,325,2024-05-14,5,119.4,5,Cash,567.15
115,990,352,2024-11-18,1,194.66,10,Card,175.19
116,617,490,2023-09-13,4,320.55,0,UPI,1282.2
117,519,89,2023-03-30,5,237.09,10,UPI,1066.9
118,832,357,2024-07-11,5,498.23,5,Card,2366.59
119,82,162,2023-06-26,2,492.74,5,Card,936.21
120,548,316,2024-01-05,1,35.35,20,PayPal,28.28
121,703,25,2023-03-21,5,325.7,20,PayPal,1302.8
122,581,233,2023-03-24,1,141.41,15,UPI,120.2
123,180,33,2024-08-13,2,379.71,0,PayPal,759.42
124,583,100,2023-05-06,2,472.27,15,UPI,802.86
125,879,269,2024-07-07,4,300.35,20,Cash,961.12
126,936,257,2023-04-01,3,53.17,10,Card,143.56
127,330,293,2023-10-23,5,223.47,20,PayPal,893.88
128,776,148,2024-04-17,5,222.41,20,Cash,889.64
129,597,156,2025-04-27,3,457.72,0,UPI,1373.16
130,582,18,2024-08-19,4,359.74,15,UPI,1223.12
131,269,342,2023-08-16,1,291.04,15,Cash,247.38
132,554,200,2023-09-17,5,41.1,5,Card,195.22
133,260,350,2024-01-26,2,172.75,10,Card,310.95
134,248,68,2025-03-05,4,165.41,15,Card,562.39
135,597,262,2023-07-23,4,487.7,15,PayPal,1658.18
136,585,290,2023-05-17,3,310.25,5,PayPal,884.21
137,19,29,2023-12-21,1,493.55,0,PayPal,493.55
138,997,168,2025-01-13,2,350.75,5,PayPal,666.42
139,220,319,2025-03-03,2,460.21,10,PayPal,828.38
140,281,143,2025-02-23,2,153.61,0,Card,307.22
141,634,271,2023-09-07,4,287.55,20,Card,920.16
142,123,256,2023-04-26,4,255.29,5,UPI,970.1
143,732,268,2023-04-09,4,292.99,20,PayPal,937.57
144,115,118,2024-08-13,1,495.96,10,UPI,446.36
145,21,421,2023-09-07,3,304.21,15,PayPal,775.74
146,514,79,2023-09-20,5,227.13,15,PayPal,965.3
147,858,379,2024-12-22,5,290.63,0,Card,1453.15
148,394,465,2025-05-22,1,419.87,15,Card,356.89
149,558,48,2024-05-05,3,41.98,15,Cash,107.05
150,44,205,2024-01-30,3,202.21,15,PayPal,515.64
151,731,8,2024-05-25,2,271.06,0,PayPal,542.12
152,110,108,2024-03-21,4,102.22,15,Card,347.55
153,288,410,2025-01-28,1,389.23,15,PayPal,330.85
154,796,67,2024-05-31,5,92.17,5,PayPal,437.81
155,291,423,2024-12-28,1,276.16,15,Cash,234.74
156,163,240,2024-08-22,3,24.66,10,UPI,66.58
157,630,17,2024-05-14,5,167.08,0,Card,835.4
158,168,480,2023-09-28,5,194.73,15,PayPal,827.6
159,24,401,2023-12-22,4,22.31,0,Cash,89.24
160,186,176,2025-05-06,2,73.45,0,Card,146.9
161,858,49,2024-08-29,2,157.1,15,PayPal,267.07
162,395,11,2025-01-23,5,274.28,5,Cash,1302.83
163,788,282,2023-08-18,1,211.5,15,Card,179.78
164,876,306,2024-02-24,5,491.21,10,PayPal,2210.44
165,572,453,2023-04-23,2,70.68,5,Card,134.29
166,834,370,2024-04-28,3,91.91,10,PayPal,248.16
167,894,394,2025-05-31,5,84.44,20,UPI,337.76
168,718,328,2023-11-30,2,135.69,20,Cash,217.1
169,814,336,2025-03-03,5,280.31,10,Cash,1261.39
170,843,327,2023-05-13,2,33.12,10,Cash,59.62
171,754,156,2025-06-10,1,215.06,15,Card,182.8
172,977,89,2024-10-31,5,192.23,15,UPI,816.98
173,285,158,2025-02-02,2,182.06,20,UPI,291.3
174,95,421,2023-04-07,4,407.59,10,UPI,1467.32
175,731,125,2024-11-09,1,186.43,20,UPI,149.14
176,922,23,2023-01-13,5,180.29,20,PayPal,721.16
177,99,338,2023-07-03,1,413.63,20,PayPal,330.9
178,222,56,2024-02-15,3,37.87,5,Cash,107.93
179,870,225,2024-12-21,5,51.9,10,PayPal,233.55
180,187,413,2024-10-25,3,331.01,0,Cash,993.03
181,655,40,2025-03-28,4,84.83,5,UPI,322.35
182,874,418,2023-08-11,1,29.38,20,Card,23.5
183,713,305,2024-12-11,2,11.2,15,Cash,19.04
184,386,315,2024-01-16,3,78.9,10,PayPal,213.03
185,906,56,2023-01-09,5,309.88,10,PayPal,1394.46
186,740,229,2023-09-27,2,86.88,20,PayPal,139.01
187,903,120,2025-01-11,1,37.27,20,Cash,29.82
188,255,471,2024-01-05,2,359.16,20,Card,574.66
189,526,293,2023-06-28,2,227.67,0,PayPal,455.34
190,882,66,2023-09-03,4,255.14,5,Card,969.53
191,174,191,2025-04-17,5,334.09,15,Cash,1419.88
192,355,138,2024-08-30,5,271.07,10,Cash,1219.82
193,559,53,2023-07-02,1,168.2,20,Cash,134.56
194,326,212,2025-03-07,5,145.78,0,Cash,728.9
195,326,15,2023-04-12,4,30.11,15,PayPal,102.37
196,647,364,2023-07-27,4,249.55,20,PayPal,798.56
197,696,55,2024-10-12,2,382.17,5,UPI,726.12
198,725,310,2023-01-19,3,8.72,15,Cash,22.24
199,341,259,2025-02-25,3,320.26,5,PayPal,912.74
200,152,287,2024-02-09,4,25.54,20,PayPal,81.73
201,656,29,2025-01-14,1,148.18,5,Cash,140.77
202,572,236,2023-07-15,4,237.3,20,Card,759.36
203,833,165,2025-01-19,3,489.58,15,Cash,1248.43
204,719,431,2024-08-25,2,431.44,10,UPI,776.59
205,563,351,2024-11-04,5,190.4,0,UPI,952.0
206,519,218,2023-08-17,4,228.34,15,Card,776.36
207,530,91,2023-02-28,5,228.34,15,Card,970.45
208,411,44,2024-11-01,4,378.05,5,PayPal,1436.59
209,686,294,2024-07-06,3,485.79,15,Card,1238.76
210,13,303,2024-09-20,2,246.87,10,UPI,444.37
211,167,44,2023-08-06,4,480.4,0,UPI,1921.6
212,185,437,2024-07-31,2,498.28,10,Card,896.9
213,857,120,2023-05-30,1,212.05,5,Cash,201.45
214,336,312,2024-11-03,5,99.18,10,PayPal,446.31
215,320,104,2025-01-04,5,351.59,0,Cash,1757.95
216,339,91,2023-04-24,5,99.3,15,UPI,422.02
217,582,299,2023-11-07,3,93.4,20,PayPal,224.16
218,396,277,2023-05-19,4,36.45,10,UPI,131.22
219,275,452,2023-07-16,5,223.48,15,PayPal,949.79
220,96,241,2023-07-11,4,356.54,20,UPI,1140.93
221,317,483,2023-07-24,4,407.36,10,UPI,1466.5
222,717,333,2025-02-10,2,336.85,20,Cash,538.96
223,895,277,2023-08-10,1,412.41,15,UPI,350.55
224,548,388,2023-05-16,5,454.7,5,Card,2159.82
225,346,404,2023-09-14,1,371.15,15,Card,315.48
226,680,495,2023-02-07,1,304.02,5,UPI,288.82
227,873,440,2023-07-16,1,88.67,5,Cash,84.24
228,832,462,2025-05-23,5,26.47,20,Card,105.88
229,419,348,2024-07-08,4,391.16,0,Cash,1564.64
230,996,268,2024-03-12,2,332.53,10,Cash,598.55
231,927,17,2023-12-29,5,310.63,10,Card,1397.84
232,471,470,2024-04-29,3,196.17,15,UPI,500.23
233,671,371,2023-12-03,2,221.43,20,UPI,354.29
234,50,292,2023-07-21,1,195.1,15,PayPal,165.83
235,557,424,2023-08-20,5,365.03,5,Card,1733.89
236,630,428,2024-10-21,2,208.53,20,Card,333.65
237,48,102,2024-12-23,5,312.08,0,PayPal,1560.4
238,913,3,2023-12-14,2,397.37,15,Cash,675.53
239,671,53,2024-09-04,4,447.75,0,Card,1791.0
240,359,104,2024-08-29,3,350.37,15,UPI,893.44
241,301,223,2025-03-21,5,496.34,5,Cash,2357.61
242,842,337,2023-08-09,1,287.27,15,Cash,244.18
243,450,492,2024-07-16,1,8.73,5,UPI,8.29
244,753,265,2025-04-05,4,474.1,5,PayPal,1801.58
245,823,99,2024-07-29,3,161.83,0,Card,485.49
246,53,248,2023-02-26,5,195.1,20,Card,780.4
247,917,238,2025-01-10,3,33.8,10,PayPal,91.26
248,842,65,2023-10-23,3,231.81,5,Card,660.66
249,608,404,2025-05-07,1,466.21,0,PayPal,466.21
250,521,221,2024-08-23,1,214.33,20,Cash,171.46
251,590,359,2024-06-03,4,252.14,20,PayPal,806.85
252,301,475,2024-08-26,4,236.28,5,Cash,897.86
253,64,68,2024-04-04,3,368.66,15,Cash,940.08
254,297,107,2025-04-21,5,154.84,0,Cash,774.2
255,93,272,2025-05-15,2,89.4,5,Cash,169.86
256,432,390,2025-05-11,3,172.94,5,Cash,492.88
257,425,480,2025-03-03,3,373.42,0,Cash,1120.26
258,648,88,2024-10-01,3,33.16,5,Card,94.51
259,605,219,2024-12-03,1,261.33,5,Card,248.26
260,551,411,2024-10-06,4,363.85,15,Cash,1237.09
261,373,493,2024-05-22,4,427.99,20,UPI,1369.57
262,515,63,2025-02-19,3,16.68,20,Card,40.03
263,57,147,2024-11-15,1,188.32,0,PayPal,188.32
264,980,141,2023-12-13,1,32.54,10,UPI,29.29
265,787,126,2023-09-28,3,488.02,15,Card,1244.45
266,419,118,2024-02-27,4,237.61,20,PayPal,760.35
267,227,223,2025-01-23,4,389.53,0,PayPal,1558.12
268,194,195,2023-02-08,2,444.22,5,Cash,844.02
269,360,234,2023-09-17,3,425.19,0,Cash,1275.57
270,318,164,2024-03-21,1,440.77,10,PayPal,396.69
271,668,136,2024-12-22,3,392.07,0,Card,1176.21
272,956,138,2023-08-25,4,350.64,5,UPI,1332.43
273,634,417,2024-07-12,4,383.29,5,Cash,1456.5
274,685,114,2025-05-20,1,479.58,5,Card,455.6
275,748,99,2023-05-28,2,26.0,10,Card,46.8
276,649,239,2024-09-26,5,112.17,0,Card,560.85
277,780,365,2023-03-06,1,22.86,10,PayPal,20.57
278,612,293,2023-10-26,2,341.46,15,Cash,580.48
279,300,305,2023-08-22,3,143.23,10,Cash,386.72
280,754,62,2023-12-27,4,75.44,10,UPI,271.58
281,54,462,2023-12-14,5,33.15,15,UPI,140.89
282,247,277,2024-01-31,3,262.15,10,UPI,707.8
283,153,86,2023-06-05,5,54.6,20,Cash,218.4
284,310,358,2024-05-30,4,213.84,10,UPI,769.82
285,317,476,2024-07-27,4,226.41,15,PayPal,769.79
286,592,1,2023-07-05,1,152.46,20,Card,121.97
287,245,58,2023-06-03,3,226.77,10,UPI,612.28
288,792,419,2025-06-02,1,365.49,15,UPI,310.67
289,238,281,2023-07-08,3,23.68,0,PayPal,71.04
290,703,233,2024-08-10,5,51.18,0,Cash,255.9
291,312,38,2023-09-06,1,316.94,15,Cash,269.4
292,735,111,2023-05-16,2,279.35,15,Cash,474.9
293,363,81,2024-04-07,1,189.14,15,Card,160.77
294,705,18,2024-10-24,4,399.13,15,UPI,1357.04
295,62,393,2023-07-08,1,500.0,0,Cash,500.0
296,738,315,2023-11-09,3,265.77,20,Cash,637.85
297,608,19,2025-06-14,1,241.86,10,Card,217.67
298,801,285,2025-04-04,1,340.36,5,Cash,323.34
299,345,117,2024-08-02,5,222.95,10,Card,1003.27
300,944,291,2024-07-17,1,367.48,20,Cash,293.98
301,766,8,2024-09-01,5,329.57,10,UPI,1483.07
302,974,287,2024-07-18,2,314.42,15,Cash,534.51
303,372,463,2024-12-08,5,394.59,10,PayPal,1775.65
304,928,256,2023-04-11,4,455.35,15,Card,1548.19
305,810,51,2023-02-08,2,404.61,5,Card,768.76
306,361,304,2025-03-20,2,387.02,20,PayPal,619.23
307,923,193,2025-02-19,1,337.41,15,UPI,286.8
308,897,339,2023-04-16,5,190.61,0,UPI,953.05
309,184,436,2025-01-16,3,197.26,5,Cash,562.19
310,992,215,2023-01-28,4,448.28,5,Cash,1703.46
311,203,444,2025-01-27,2,335.2,20,Card,536.32
312,196,46,2025-03-13,4,427.61,0,PayPal,1710.44
313,277,479,2024-04-07,4,499.13,5,Card,1896.69
314,218,36,2024-02-26,2,112.73,5,PayPal,214.19
315,340,226,2023-04-06,2,338.94,15,PayPal,576.2
316,373,356,2024-11-27,3,47.74,20,PayPal,114.58
317,695,272,2023-10-13,5,347.08,5,UPI,1648.63
318,29,184,2023-11-29,2,495.61,15,UPI,842.54
319,689,485,2024-12-31,5,411.0,15,Card,1746.75
320,752,445,2025-03-03,5,382.43,5,UPI,1816.54
321,442,40,2023-03-01,3,353.7,5,UPI,1008.04
322,874,49,2025-04-06,3,284.32,5,PayPal,810.31
323,530,185,2024-03-29,1,391.95,0,PayPal,391.95
324,246,84,2023-07-23,5,5.52,0,Cash,27.6
325,612,168,2024-06-05,1,293.46,15,PayPal,249.44
326,584,342,2024-06-10,3,192.45,10,UPI,519.61
327,195,428,2024-07-09,2,474.6,10,Card,854.28
328,500,374,2024-11-07,3,492.54,5,Card,1403.74
329,505,44,2025-01-24,1,199.37,20,Cash,159.5
330,526,94,2023-07-17,1,371.93,20,PayPal,297.54
331,364,393,2024-08-30,5,210.05,15,UPI,892.71
332,792,120,2024-06-16,5,190.57,20,Card,762.28
333,819,401,2025-05-05,3,147.39,10,Cash,397.95
334,898,106,2023-04-28,4,24.25,10,Card,87.3
335,653,27,2024-04-18,1,251.42,15,PayPal,213.71
336,950,116,2023-10-25,1,210.48,0,PayPal,210.48
337,160,23,2023-08-02,5,452.98,5,Cash,2151.66
338,219,492,2025-02-07,2,14.36,0,PayPal,28.72
339,377,314,2023-11-26,3,170.1,5,UPI,484.78
340,706,273,2024-04-09,3,317.43,10,Cash,857.06
341,941,48,2024-12-04,1,363.78,15,Card,309.21
342,400,97,2023-04-23,5,265.78,20,UPI,1063.12
343,447,265,2023-08-10,1,395.71,15,Card,336.35
344,3,283,2023-12-20,3,213.12,10,PayPal,575.42
345,915,32,2023-05-15,5,456.97,10,Cash,2056.37
346,165,7,2024-08-03,4,434.08,20,PayPal,1389.06
347,112,356,2023-06-22,5,428.98,20,PayPal,1715.92
348,12,34,2023-08-20,5,9.26,5,Card,43.98
349,33,273,2024-12-01,5,492.77,20,Cash,1971.08
350,612,497,2024-01-17,4,356.97,15,UPI,1213.7
351,740,84,2024-11-02,2,432.87,0,Cash,865.74
352,708,85,2023-05-13,3,50.82,5,Card,144.84
353,771,231,2023-05-25,3,483.11,5,Cash,1376.86
354,786,300,2024-06-25,2,215.16,10,Cash,387.29
355,62,395,2023-01-07,5,340.66,10,PayPal,1532.97
356,427,463,2023-12-28,2,298.1,0,UPI,596.2
357,513,440,2025-02-10,5,297.64,20,UPI,1190.56
358,759,85,2024-05-14,5,145.82,10,UPI,656.19
359,662,259,2023-03-08,5,216.76,0,Card,1083.8
360,630,160,2023-12-03,4,322.6,10,Card,1161.36
361,151,361,2024-05-31,5,499.72,15,PayPal,2123.81
362,568,116,2024-11-02,3,372.53,10,UPI,1005.83
363,43,89,2024-03-24,1,464.71,0,Card,464.71
364,487,372,2024-01-27,3,141.34,10,Card,381.62
365,533,85,2025-05-30,5,226.97,20,Card,907.88
366,351,256,2025-03-01,5,66.47,0,Card,332.35
367,250,283,2023-02-15,4,125.05,10,Cash,450.18
368,884,430,2024-12-02,1,12.71,15,UPI,10.8
369,568,157,2025-04-30,5,476.25,5,UPI,2262.19
370,703,75,2025-03-09,1,317.95,5,Card,302.05
371,848,91,2023-08-04,3,220.77,10,Cash,596.08
372,416,108,2025-04-26,5,96.7,5,PayPal,459.32
373,630,74,2025-02-27,5,462.41,20,UPI,1849.64
374,332,289,2024-07-09,2,340.06,10,UPI,612.11
375,867,124,2023-02-02,2,87.56,10,Cash,157.61
376,27,67,2025-06-01,4,30.79,15,Cash,104.69
377,222,220,2025-01-22,2,497.62,10,Cash,895.72
378,71,378,2024-06-14,3,188.89,0,UPI,566.67
379,160,351,2025-04-09,5,242.86,0,PayPal,1214.3
380,796,324,2023-01-19,4,308.53,0,Card,1234.12
381,787,499,2024-01-14,1,12.99,5,Cash,12.34
382,462,469,2023-11-02,1,353.15,5,Cash,335.49
383,786,287,2025-04-28,2,100.54,20,Cash,160.86
384,545,191,2024-12-27,2,365.4,20,Card,584.64
385,165,161,2025-06-09,5,403.08,15,PayPal,1713.09
386,556,12,2023-11-24,4,38.55,15,UPI,131.07
387,422,178,2024-04-18,2,353.48,0,UPI,706.96
388,950,423,2023-01-22,2,325.17,15,PayPal,552.79
389,682,1,2023-11-08,5,71.72,10,Card,322.74
390,487,244,2024-05-24,1,286.29,0,PayPal,286.29
391,250,19,2024-06-20,1,366.15,20,Card,292.92
392,908,299,2023-09-04,3,474.96,0,PayPal,1424.88
393,643,143,2023-08-07,3,363.77,0,PayPal,1091.31
394,740,110,2025-06-19,4,253.67,0,Cash,1014.68
395,829,444,2025-05-18,5,314.13,0,Card,1570.65
396,98,203,2024-05-16,1,249.95,20,Cash,199.96
397,717,58,2023-04-21,4,129.0,0,PayPal,516.0
398,188,37,2023-06-10,3,488.31,20,PayPal,1171.94
399,384,377,2025-05-28,3,444.49,10,PayPal,1200.12
400,677,89,2023-09-07,3,263.68,5,Card,751.49
401,399,380,2023-09-17,1,64.99,0,Cash,64.99
402,781,89,2023-11-27,3,57.99,0,Card,173.97
403,597,229,2023-04-25,4,48.17,20,PayPal,154.14
404,484,307,2024-01-24,3,193.75,15,PayPal,494.06
405,386,50,2023-03-12,3,393.12,0,Cash,1179.36
406,940,419,2023-03-29,4,218.15,0,PayPal,872.6
407,520,352,2024-05-31,5,168.44,0,Card,842.2
408,767,231,2025-01-01,5,91.71,10,PayPal,412.69
409,519,40,2023-11-22,5,456.14,15,PayPal,1938.59
410,440,398,2024-08-06,4,334.41,0,Card,1337.64
411,785,88,2023-09-18,4,275.16,5,Cash,1045.61
412,761,254,2024-10-15,2,175.05,20,Card,280.08
413,611,81,2023-02-08,4,14.57,10,Card,52.45
414,505,138,2023-12-27,2,208.46,10,UPI,375.23
415,260,166,2025-05-26,2,264.39,5,Card,502.34
416,161,310,2024-12-02,3,64.93,0,Cash,194.79
417,769,267,2025-01-24,5,454.55,15,Card,1931.84
418,573,277,2024-09-06,2,92.94,15,Cash,158.0
419,337,21,2023-06-01,1,431.11,5,UPI,409.55
420,878,423,2023-02-13,2,428.11,20,PayPal,684.98
421,901,436,2024-10-02,2,166.58,5,Cash,316.5
422,289,247,2024-06-01,3,295.03,20,PayPal,708.07
423,772,115,2023-09-13,2,356.07,20,PayPal,569.71
424,386,72,2025-01-25,2,15.17,0,Card,30.34
425,930,18,2024-05-25,5,413.89,20,PayPal,1655.56
426,25,372,2025-01-18,4,134.89,10,PayPal,485.6
427,122,246,2025-05-23,1,158.79,15,PayPal,134.97
428,202,484,2023-03-12,2,265.95,5,UPI,505.3
429,815,106,2023-05-21,1,178.09,10,Cash,160.28
430,360,184,2023-04-18,2,495.94,0,Cash,991.88
431,242,156,2024-09-08,1,25.41,10,PayPal,22.87
432,374,110,2025-02-13,5,343.92,0,PayPal,1719.6
433,340,240,2023-01-20,3,169.5,20,Card,406.8
434,170,66,2023-09-11,1,463.26,0,Cash,463.26
435,907,385,2023-04-20,4,498.68,5,PayPal,1894.98
436,920,491,2023-07-21,5,264.68,20,Card,1058.72
437,164,112,2025-04-02,3,105.89,10,Cash,285.9
438,356,135,2025-04-27,4,360.23,0,PayPal,1440.92
439,773,103,2024-02-04,1,233.3,5,PayPal,221.63
440,322,107,2024-02-13,3,122.84,15,Card,313.24
441,478,492,2023-12-12,3,323.4,15,Card,824.67
442,402,227,2024-05-14,5,349.9,15,UPI,1487.08
443,515,31,2024-10-25,4,119.79,10,Cash,431.24
444,217,231,2025-01-12,3,85.56,10,PayPal,231.01
445,965,434,2024-05-06,1,98.19,20,Card,78.55
446,651,150,2023-03-20,3,399.57,10,PayPal,1078.84
447,584,24,2023-07-20,5,488.44,0,PayPal,2442.2
448,1000,471,2024-05-13,2,200.37,10,UPI,360.67
449,826,364,2024-02-18,3,303.51,15,PayPal,773.95
450,909,446,2024-09-04,5,116.68,15,PayPal,495.89
451,733,39,2025-05-23,4,32.89,5,UPI,124.98
452,109,101,2023-02-25,1,439.63,5,Cash,417.65
453,44,162,2025-04-02,5,131.52,5,PayPal,624.72
454,987,461,2023-09-19,5,37.13,5,Card,176.37
455,845,488,2024-08-29,2,425.27,0,Cash,850.54
456,180,384,2024-12-05,3,74.34,5,PayPal,211.87
457,594,489,2025-04-14,1,6.38,10,Card,5.74
458,833,111,2024-04-20,1,386.41,15,Card,328.45
459,919,460,2025-04-27,2,138.55,20,Card,221.68
460,424,406,2023-07-25,3,293.64,20,Cash,704.74
461,101,164,2023-07-25,5,149.1,10,Card,670.95
462,288,7,2024-07-09,2,469.97,5,Cash,892.94
463,511,444,2024-05-08,3,202.53,20,Card,486.07
464,77,191,2023-01-21,4,129.86,0,UPI,519.44
465,709,245,2023-02-20,1,127.02,5,PayPal,120.67
466,238,50,2023-04-16,1,153.42,10,Card,138.08
467,288,142,2023-06-09,2,121.51,20,PayPal,194.42
468,422,29,2023-12-06,4,359.09,0,PayPal,1436.36
469,500,153,2024-03-11,1,362.01,10,Card,325.81
470,288,87,2024-09-18,3,124.08,5,UPI,353.63
471,555,203,2025-02-12,5,294.47,10,UPI,1325.12
472,822,188,2024-03-02,4,74.74,5,Cash,284.01
473,771,54,2024-10-12,1,462.67,0,Card,462.67
474,466,43,2023-07-10,5,414.24,0,UPI,2071.2
475,811,270,2023-07-07,5,317.63,5,PayPal,1508.74
476,474,39,2025-02-28,1,474.32,15,UPI,403.17
477,751,207,2024-09-04,2,294.0,5,Cash,558.6
478,335,200,2025-03-09,2,479.87,20,Card,767.79
479,317,483,2023-06-05,4,107.33,15,UPI,364.92
480,987,28,2024-07-06,2,102.22,15,Cash,173.77
481,410,22,2023-08-15,3,241.49,15,Cash,615.8
482,641,400,2025-03-25,1,12.73,5,PayPal,12.09
483,736,309,2024-02-08,2,250.95,10,Card,451.71
484,72,259,2024-12-02,1,176.72,5,PayPal,167.88
485,420,159,2024-01-22,3,387.07,5,PayPal,1103.15
486,41,18,2025-02-21,2,189.24,10,PayPal,340.63
487,463,142,2023-12-24,4,91.94,15,UPI,312.6
488,593,439,2024-01-12,3,252.67,0,Card,758.01
489,55,172,2023-07-03,2,373.44,10,UPI,672.19
490,574,256,2025-06-15,2,214.41,10,Card,385.94
491,840,86,2024-10-03,2,308.55,15,PayPal,524.53
492,554,351,2024-03-14,2,65.66,0,Cash,131.32
493,959,460,2023-03-23,4,157.76,10,Cash,567.94
494,115,232,2024-06-29,1,390.9,0,Cash,390.9
495,33,123,2023-07-29,5,251.65,10,Cash,1132.42
496,114,426,2024-10-02,1,348.58,10,UPI,313.72
497,97,360,2025-05-18,2,188.48,15,UPI,320.42
498,820,426,2024-04-19,1,256.49,0,Cash,256.49
499,580,82,2023-10-27,5,295.05,20,PayPal,1180.2
500,697,147,2023-06-15,3,53.96,10,Cash,145.69
501,768,270,2024-12-09,5,87.4,15,UPI,371.45
502,407,478,2024-02-26,4,119.79,5,Cash,455.2
503,833,288,2025-03-07,5,168.45,5,Cash,800.14
504,721,148,2024-12-08,1,318.74,0,Cash,318.74
505,665,60,2024-02-20,3,377.1,5,PayPal,1074.74
506,993,500,2023-05-15,1,66.75,0,PayPal,66.75
507,926,203,2023-08-28,3,123.02,15,Cash,313.7
508,999,311,2025-04-06,3,264.21,15,PayPal,673.74
509,577,297,2025-06-03,3,70.41,20,Cash,168.98
510,34,462,2024-08-21,2,318.96,5,Card,606.02
511,259,266,2023-12-22,5,276.65,0,PayPal,1383.25
512,829,280,2023-11-30,5,97.29,5,Cash,462.13
513,217,362,2024-05-19,2,437.46,20,Cash,699.94
514,214,65,2024-02-19,1,259.52,5,PayPal,246.54
515,272,368,2023-02-07,2,62.96,0,UPI,125.92
516,52,256,2024-01-15,1,316.88,20,UPI,253.5
517,217,123,2023-12-14,3,455.83,5,UPI,1299.12
518,888,442,2023-03-21,3,184.37,0,Cash,553.11
519,178,433,2024-09-27,4,324.61,5,Card,1233.52
520,407,238,2024-05-19,4,477.49,10,Card,1718.96
521,259,332,2024-02-19,1,406.44,0,PayPal,406.44
522,383,483,2025-02-25,4,96.5,5,Card,366.7
523,312,436,2023-01-06,1,215.21,15,PayPal,182.93
524,559,104,2025-04-28,5,417.51,10,Card,1878.8
525,712,307,2025-02-21,2,458.91,5,UPI,871.93
526,246,402,2023-10-24,3,168.97,15,Card,430.87
527,480,324,2023-04-22,1,481.45,0,Cash,481.45
528,679,480,2024-03-31,2,14.25,20,Cash,22.8
529,79,399,2024-07-30,2,99.52,15,UPI,169.18
530,911,436,2023-07-21,3,35.95,5,Card,102.46
531,618,66,2024-12-24,3,498.63,10,UPI,1346.3
532,271,218,2023-03-18,4,180.95,5,PayPal,687.61
533,225,415,2024-09-05,3,318.4,20,UPI,764.16
534,194,479,2024-01-19,3,289.16,10,Cash,780.73
535,1000,339,2024-07-15,3,164.76,20,UPI,395.42
536,417,486,2025-01-15,1,191.62,15,Cash,162.88
537,334,111,2023-11-03,4,222.42,0,Cash,889.68
538,399,262,2023-05-12,1,150.37,20,UPI,120.3
539,898,165,2023-05-30,4,240.49,20,UPI,769.57
540,253,113,2024-09-21,4,356.93,10,Card,1284.95
541,475,155,2024-10-22,5,463.1,10,Card,2083.95
542,488,77,2023-02-03,4,380.94,0,PayPal,1523.76
543,710,336,2023-07-29,4,368.64,0,PayPal,1474.56
544,850,369,2024-03-11,3,218.21,15,Card,556.44
545,187,256,2023-07-10,5,345.27,5,Card,1640.03
546,435,375,2024-12-12,3,113.83,15,UPI,290.27
547,613,365,2025-03-28,3,74.91,5,Cash,213.49
548,564,132,2025-04-03,2,326.52,0,Card,653.04
549,577,104,2023-11-26,4,248.62,0,Cash,994.48
550,77,483,2023-07-06,4,495.1,10,PayPal,1782.36
551,994,121,2024-08-09,3,371.96,20,Cash,892.7
552,291,416,2024-11-28,2,491.98,0,Card,983.96
553,260,53,2025-01-06,5,156.06,0,UPI,780.3
554,927,104,2024-03-01,4,365.36,0,Card,1461.44
555,349,429,2024-10-17,4,228.69,20,Cash,731.81
556,283,222,2024-08-11,4,301.67,0,PayPal,1206.68
557,937,339,2025-05-15,4,54.48,10,UPI,196.13
558,406,180,2024-10-20,4,246.05,5,Cash,934.99
559,818,422,2025-01-23,2,404.35,0,Card,808.7
560,868,294,2023-09-15,2,246.06,10,UPI,442.91
561,843,46,2025-02-24,2,389.69,20,Cash,623.5
562,676,416,2023-04-09,3,484.76,5,UPI,1381.57
563,536,493,2024-07-22,4,164.36,20,UPI,525.95
564,537,80,2023-08-01,4,255.21,10,UPI,918.76
565,928,66,2023-02-07,5,73.1,10,Card,328.95
566,852,365,2025-05-21,1,206.35,10,Card,185.72
567,473,257,2024-10-13,5,363.82,15,UPI,1546.23
568,409,279,2023-09-17,4,340.25,10,PayPal,1224.9
569,21,41,2023-02-25,2,161.39,10,Card,290.5
570,393,327,2024-03-14,3,435.82,5,Cash,1242.09
571,291,446,2023-09-29,3,7.4,5,PayPal,21.09
572,308,487,2025-03-08,4,205.72,15,PayPal,699.45
573,271,397,2024-06-24,1,235.85,15,PayPal,200.47
574,815,384,2024-10-13,5,112.9,10,PayPal,508.05
575,973,88,2024-07-19,2,330.06,15,UPI,561.1
576,533,319,2024-01-18,1,441.47,0,Card,441.47
577,725,334,2023-04-04,4,37.24,0,UPI,148.96
578,719,118,2023-12-26,1,169.69,5,Cash,161.21
579,252,137,2023-01-15,5,198.41,0,UPI,992.05
580,743,391,2024-11-18,3,251.74,15,PayPal,641.94
581,100,144,2024-01-12,1,457.13,15,UPI,388.56
582,439,103,2025-02-08,4,89.09,20,UPI,285.09
583,576,36,2023-07-26,4,144.55,10,UPI,520.38
584,848,197,2024-01-06,3,89.34,15,UPI,227.82
585,739,280,2023-12-07,2,114.58,5,Card,217.7
586,143,64,2023-02-21,2,70.07,20,PayPal,112.11
587,144,388,2023-04-09,2,173.14,15,Card,294.34
588,150,200,2023-05-17,4,47.67,20,Card,152.54
589,267,261,2024-12-03,3,79.84,10,Card,215.57
590,454,297,2023-07-17,1,257.02,0,UPI,257.02
591,709,481,2023-01-18,4,61.67,5,Card,234.35
592,701,405,2023-11-09,5,416.41,0,Card,2082.05
593,945,214,2024-09-04,5,90.37,20,UPI,361.48
594,938,369,2024-07-31,2,410.67,0,Cash,821.34
595,178,97,2024-11-09,1,319.89,0,UPI,319.89
596,612,57,2023-08-28,2,112.12,0,Cash,224.24
597,585,216,2024-06-07,2,487.12,0,PayPal,974.24
598,33,252,2024-04-20,2,251.75,10,UPI,453.15
599,347,301,2024-03-02,5,422.93,15,Cash,1797.45
600,984,425,2023-01-07,3,235.64,15,Cash,600.88
601,197,171,2023-02-16,1,424.77,15,Cash,361.05
602,697,134,2023-05-12,5,125.3,15,Cash,532.52
603,830,303,2025-04-13,1,257.54,10,PayPal,231.79
604,688,380,2024-06-25,3,278.29,10,PayPal,751.38
605,251,489,2025-05-25,5,422.03,10,UPI,1899.13
606,585,142,2023-09-06,3,290.3,10,Card,783.81
607,508,336,2024-07-17,2,472.79,10,Cash,851.02
608,896,277,2024-05-03,5,45.4,15,UPI,192.95
609,77,163,2024-11-12,5,261.29,5,Cash,1241.13
610,352,182,2023-06-25,5,260.66,20,Cash,1042.64
611,899,326,2024-07-07,2,295.4,5,Card,561.26
612,652,291,2024-02-25,4,98.08,15,UPI,333.47
613,863,349,2023-05-10,1,161.28,5,Cash,153.22
614,429,459,2023-05-02,5,246.07,20,Card,984.28
615,598,422,2023-07-02,1,12.97,15,Card,11.02
616,91,280,2025-04-04,2,351.0,15,UPI,596.7
617,354,98,2025-03-15,4,451.32,15,PayPal,1534.49
618,506,308,2023-09-25,4,317.65,20,Card,1016.48
619,349,173,2023-10-15,1,231.0,15,PayPal,196.35
620,70,170,2023-05-31,3,72.78,0,Cash,218.34
621,634,96,2024-02-18,4,431.02,5,Cash,1637.88
622,299,366,2024-02-12,3,312.08,5,Card,889.43
623,631,475,2023-04-15,4,184.41,0,Cash,737.64
624,776,353,2024-01-11,4,43.73,20,UPI,139.94
625,120,198,2023-08-11,2,308.71,5,Cash,586.55
626,966,239,2023-09-21,2,267.36,15,PayPal,454.51
627,401,116,2023-02-21,1,11.07,5,Cash,10.52
628,324,164,2025-04-16,1,211.74,5,Card,201.15
629,592,140,2023-12-18,3,348.55,20,PayPal,836.52
630,290,71,2025-06-01,3,476.97,10,PayPal,1287.82
631,779,15,2023-02-21,5,394.74,5,UPI,1875.01
632,835,93,2023-07-16,4,150.67,0,Card,602.68
633,910,95,2024-06-01,5,7.71,5,Cash,36.62
634,53,382,2025-04-23,2,88.15,5,Cash,167.49
635,674,447,2023-09-13,2,269.38,5,UPI,511.82
636,530,466,2025-05-12,5,469.61,5,Cash,2230.65
637,601,194,2024-01-31,5,381.45,5,PayPal,1811.89
638,160,258,2024-07-08,1,286.6,5,Cash,272.27
639,906,340,2023-03-09,2,244.74,15,UPI,416.06
640,61,460,2024-06-01,4,66.9,5,PayPal,254.22
641,402,428,2023-06-18,1,466.61,0,Cash,466.61
642,579,314,2023-10-13,2,137.4,15,Card,233.58
643,493,19,2025-03-05,4,483.61,0,PayPal,1934.44
644,136,454,2023-01-19,4,110.02,20,Card,352.06
645,767,138,2024-11-20,1,122.45,5,PayPal,116.33
646,273,294,2023-10-10,2,253.44,5,UPI,481.54
647,636,200,2025-02-23,1,404.07,15,Card,343.46
648,557,449,2023-05-02,4,151.32,10,Cash,544.75
649,127,243,2025-06-05,3,326.55,20,Cash,783.72
650,9,313,2023-06-12,4,191.32,0,Cash,765.28
651,260,324,2023-05-20,4,304.35,15,Card,1034.79
652,767,185,2024-09-11,4,307.85,10,Cash,1108.26
653,460,86,2024-10-17,4,101.27,15,Card,344.32
654,720,99,2023-03-18,4,97.04,0,Card,388.16
655,892,339,2024-03-19,2,448.31,5,Cash,851.79
656,401,310,2025-03-12,5,54.15,15,PayPal,230.14
657,705,146,2025-02-13,2,213.06,0,UPI,426.12
658,387,129,2025-04-21,4,150.37,10,Cash,541.33
659,86,28,2023-12-13,1,95.4,15,PayPal,81.09
660,43,377,2023-09-18,4,445.58,15,Cash,1514.97
661,172,194,2024-02-02,4,115.43,10,Card,415.55
662,482,358,2025-03-20,5,444.66,10,Cash,2000.97
663,80,29,2023-08-07,3,370.42,20,PayPal,889.01
664,562,110,2023-03-09,5,366.77,0,UPI,1833.85
665,774,329,2024-11-14,1,313.17,20,Card,250.54
666,694,386,2024-10-16,2,227.85,0,Card,455.7
667,880,335,2023-02-01,2,115.76,20,PayPal,185.22
668,435,125,2023-02-28,2,325.81,10,UPI,586.46
669,993,223,2025-02-03,1,406.16,10,Card,365.54
670,491,113,2024-12-08,5,204.22,5,PayPal,970.04
671,174,144,2023-01-07,3,327.13,0,PayPal,981.39
672,403,286,2024-10-04,5,285.62,20,Card,1142.48
673,738,67,2023-02-16,2,142.71,10,UPI,256.88
674,394,100,2023-06-07,1,483.09,0,Card,483.09
675,160,497,2025-06-04,2,229.44,5,Cash,435.94
676,884,488,2024-08-12,2,285.81,10,Cash,514.46
677,128,312,2023-06-30,3,129.97,0,Card,389.91
678,635,28,2024-07-13,2,28.24,5,Card,53.66
679,679,353,2024-03-17,2,466.65,0,Card,933.3
680,185,63,2023-12-11,1,24.59,0,PayPal,24.59
681,973,426,2025-02-01,5,227.73,10,PayPal,1024.78
682,865,285,2025-03-25,1,451.62,20,Cash,361.3
683,319,115,2023-10-31,5,209.91,0,PayPal,1049.55
684,207,225,2025-04-07,4,410.47,5,Cash,1559.79
685,326,34,2023-04-11,2,252.08,0,UPI,504.16
686,835,379,2023-11-21,1,442.61,20,Cash,354.09
687,988,406,2023-12-23,2,104.55,20,Cash,167.28
688,884,375,2025-05-06,3,84.19,15,PayPal,214.68
689,174,356,2023-09-29,4,183.95,10,Cash,662.22
690,932,496,2024-11-06,3,62.6,20,Cash,150.24
691,591,377,2024-06-24,2,141.34,5,UPI,268.55
692,251,291,2024-10-31,2,318.06,5,UPI,604.31
693,278,348,2024-01-13,4,160.79,5,UPI,611.0
694,671,3,2025-02-12,1,267.67,15,PayPal,227.52
695,717,146,2024-11-28,3,495.08,5,Card,1410.98
696,589,44,2025-04-15,5,312.51,0,Cash,1562.55
697,370,115,2024-02-26,1,114.05,10,PayPal,102.64
698,561,400,2025-01-13,3,221.67,0,UPI,665.01
699,777,386,2023-03-15,4,355.33,15,UPI,1208.12
700,917,298,2023-04-29,1,178.2,10,PayPal,160.38
701,296,398,2023-07-13,4,219.24,5,UPI,833.11
702,765,306,2023-11-23,2,202.82,20,Card,324.51
703,539,87,2024-12-18,1,43.17,20,Cash,34.54
704,641,8,2025-04-25,4,394.96,15,PayPal,1342.86
705,615,89,2025-03-04,3,364.27,0,UPI,1092.81
706,957,431,2024-11-20,1,17.24,0,PayPal,17.24
707,639,113,2023-04-09,3,160.75,10,Cash,434.03
708,826,148,2023-03-21,3,477.23,20,PayPal,1145.35
709,325,445,2024-08-03,4,323.8,5,UPI,1230.44
710,289,22,2024-09-04,4,13.58,20,Cash,43.46
711,798,71,2024-08-18,1,496.44,20,PayPal,397.15
712,270,390,2024-03-06,3,54.17,10,PayPal,146.26
713,395,222,2023-12-14,1,493.69,20,Card,394.95
714,118,490,2024-05-04,2,197.11,10,PayPal,354.8
715,369,349,2023-03-29,4,223.29,15,UPI,759.19
716,299,247,2023-04-15,4,37.8,0,PayPal,151.2
717,183,391,2023-03-12,3,389.01,5,PayPal,1108.68
718,942,268,2024-08-04,1,117.52,15,Cash,99.89
719,833,267,2023-08-09,1,411.08,0,UPI,411.08
720,114,169,2024-05-10,2,120.23,0,Cash,240.46
721,992,252,2025-03-21,3,105.37,10,UPI,284.5
722,48,233,2025-06-16,3,167.13,15,PayPal,426.18
723,50,248,2023-01-19,3,235.24,10,UPI,635.15
724,202,470,2025-06-07,2,40.74,0,UPI,81.48
725,417,436,2024-11-13,4,160.53,20,UPI,513.7
726,396,64,2024-04-30,2,445.71,0,Cash,891.42
727,575,92,2023-10-17,5,272.92,5,Card,1296.37
728,778,387,2023-08-10,2,223.25,15,PayPal,379.52
729,297,25,2025-02-08,3,6.32,5,UPI,18.01
730,623,400,2024-12-18,4,148.44,10,UPI,534.38
731,710,485,2025-01-18,4,451.42,10,PayPal,1625.11
732,668,488,2023-11-03,2,388.49,5,PayPal,738.13
733,818,20,2024-01-19,1,280.9,0,PayPal,280.9
734,787,178,2023-08-23,2,337.13,0,UPI,674.26
735,424,401,2023-11-01,3,487.49,20,Card,1169.98
736,285,389,2024-09-01,3,229.67,15,PayPal,585.66
737,36,396,2023-02-09,5,432.92,10,Cash,1948.14
738,899,131,2023-12-14,1,366.0,5,PayPal,347.7
739,985,143,2024-06-16,4,152.62,20,Cash,488.38
740,169,405,2025-02-13,5,224.58,0,PayPal,1122.9
741,33,287,2023-02-24,3,483.22,10,Cash,1304.69
742,962,413,2024-07-27,4,239.62,15,Card,814.71
743,358,397,2024-07-09,4,88.8,20,UPI,284.16
744,878,56,2023-05-05,3,39.12,0,Cash,117.36
745,210,61,2024-04-22,5,167.64,5,PayPal,796.29
746,870,160,2023-05-30,1,391.57,15,UPI,332.83
747,561,244,2025-05-07,4,315.3,15,PayPal,1072.02
748,971,460,2023-12-29,1,23.9,20,Cash,19.12
749,499,168,2023-03-04,4,6.41,0,UPI,25.64
750,210,128,2023-10-26,1,371.06,15,PayPal,315.4
751,972,334,2025-05-25,1,72.01,5,Cash,68.41
752,911,304,2023-12-22,4,372.25,10,PayPal,1340.1
753,377,310,2023-03-27,1,405.48,0,Card,405.48
754,56,78,2025-04-15,1,395.7,0,PayPal,395.7
755,914,395,2024-07-15,3,295.36,5,Cash,841.78
756,475,102,2023-01-14,4,312.07,15,Card,1061.04
757,917,395,2025-06-01,3,106.28,5,UPI,302.9
758,888,164,2024-11-09,3,294.44,20,UPI,706.66
759,270,38,2023-06-12,5,104.29,15,PayPal,443.23
760,579,75,2024-01-24,2,197.86,10,Card,356.15
761,446,353,2023-08-31,5,63.69,15,PayPal,270.68
762,924,34,2024-08-06,2,158.74,10,UPI,285.73
763,931,177,2024-01-29,2,280.72,20,Card,449.15
764,234,145,2024-08-03,3,203.69,20,PayPal,488.86
765,843,414,2025-06-10,3,279.87,5,Cash,797.63
766,553,424,2025-05-16,2,121.73,0,Card,243.46
767,269,384,2023-07-22,2,108.97,10,Cash,196.15
768,157,333,2024-06-22,4,231.0,0,Cash,924.0
769,200,108,2023-02-26,4,232.23,10,Card,836.03
770,688,414,2023-08-02,2,255.62,5,Cash,485.68
771,809,311,2024-08-21,4,408.73,0,UPI,1634.92
772,237,234,2023-04-03,2,48.46,10,Card,87.23
773,532,182,2024-04-26,2,167.13,15,UPI,284.12
774,473,54,2024-03-01,3,183.27,5,Card,522.32
775,881,369,2025-02-18,3,384.34,15,UPI,980.07
776,943,495,2023-07-31,1,111.87,20,UPI,89.5
777,360,220,2023-11-23,1,6.59,15,Card,5.6
778,382,474,2023-04-09,2,278.63,0,Card,557.26
779,423,18,2024-09-25,3,30.44,20,Card,73.06
780,939,182,2023-11-30,2,170.25,15,Card,289.43
781,468,330,2024-10-29,1,351.51,20,Card,281.21
782,112,207,2025-03-27,4,328.09,20,Card,1049.89
783,823,339,2023-05-29,3,194.7,0,UPI,584.1
784,230,197,2024-10-31,4,228.62,20,PayPal,731.58
785,560,378,2023-05-07,4,209.61,5,Card,796.52
786,125,113,2025-01-21,1,241.58,5,Cash,229.5
787,672,302,2024-12-10,4,482.72,20,Card,1544.7
788,427,389,2025-01-08,4,189.05,20,UPI,604.96
789,179,364,2024-04-19,2,306.46,5,UPI,582.27
790,217,440,2023-02-24,1,386.65,5,Card,367.32
791,448,368,2025-03-01,5,57.56,5,PayPal,273.41
792,990,114,2024-03-25,4,43.66,10,PayPal,157.18
793,561,349,2023-01-12,4,304.83,15,PayPal,1036.42
794,803,19,2025-05-19,1,204.24,0,PayPal,204.24
795,349,217,2024-05-26,1,297.3,15,UPI,252.71
796,704,471,2024-12-14,4,330.0,15,Cash,1122.0
797,586,491,2024-11-23,5,50.32,10,Card,226.44
798,408,481,2023-12-15,2,447.56,5,UPI,850.36
799,218,339,2024-05-31,3,223.54,5,Cash,637.09
800,114,64,2024-10-08,3,214.07,15,UPI,545.88
801,993,474,2023-10-02,2,67.35,10,Cash,121.23
802,990,468,2025-03-05,1,63.14,0,UPI,63.14
803,139,267,2024-09-01,1,312.48,15,UPI,265.61
804,265,298,2025-06-12,1,300.04,5,UPI,285.04
805,419,338,2025-05-21,3,87.2,5,UPI,248.52
806,177,128,2024-11-15,2,478.1,15,PayPal,812.77
807,380,468,2023-02-18,1,290.37,15,UPI,246.81
808,246,382,2024-05-22,3,383.37,0,UPI,1150.11
809,79,266,2025-06-06,1,431.57,5,Card,409.99
810,952,226,2023-09-05,1,189.1,10,Cash,170.19
811,529,131,2024-05-25,3,201.97,5,UPI,575.61
812,833,276,2024-02-14,4,103.34,20,PayPal,330.69
813,781,287,2024-09-15,1,8.17,10,Card,7.35
814,188,17,2024-02-03,5,246.8,15,Cash,1048.9
815,507,217,2023-09-01,3,453.38,15,Card,1156.12
816,773,265,2024-04-21,2,324.68,5,Cash,616.89
817,235,293,2023-02-11,1,28.33,20,Cash,22.66
818,136,164,2024-08-04,5,354.25,5,PayPal,1682.69
819,772,39,2025-01-11,2,223.62,10,PayPal,402.52
820,554,192,2023-07-05,5,128.03,0,UPI,640.15
821,564,135,2023-03-13,2,257.69,10,PayPal,463.84
822,978,75,2023-08-24,2,121.24,10,UPI,218.23
823,725,64,2024-06-16,3,362.59,5,UPI,1033.38
824,449,74,2023-02-14,3,385.67,15,PayPal,983.46
825,522,381,2023-02-05,3,220.21,10,UPI,594.57
826,954,154,2024-06-12,2,369.54,0,Cash,739.08
827,956,331,2024-01-05,3,108.04,0,PayPal,324.12
828,798,296,2023-07-27,1,438.98,0,Cash,438.98
829,359,417,2025-05-19,4,66.59,5,Cash,253.04
830,98,408,2023-01-04,4,128.17,20,UPI,410.14
831,384,15,2025-03-16,1,90.48,15,Cash,76.91
832,300,275,2023-01-22,1,129.78,15,Cash,110.31
833,785,449,2024-02-28,2,462.05,5,UPI,877.89
834,191,294,2023-03-28,4,227.22,20,Card,727.1
835,789,307,2023-12-25,5,308.74,0,Card,1543.7
836,222,442,2024-03-18,4,417.64,15,Cash,1419.98
837,62,351,2024-01-01,5,200.64,5,Card,953.04
838,374,380,2023-08-07,3,433.51,10,Card,1170.48
839,449,173,2024-05-10,2,152.74,0,Card,305.48
840,57,220,2024-03-08,3,429.23,10,UPI,1158.92
841,445,454,2024-02-03,5,343.96,0,Cash,1719.8
842,38,322,2025-01-15,2,419.45,0,Card,838.9
843,322,431,2024-07-31,2,158.8,15,PayPal,269.96
844,966,32,2025-03-25,3,329.06,0,Card,987.18
845,977,407,2023-05-09,3,281.18,0,PayPal,843.54
846,748,91,2023-06-06,1,140.4,15,Card,119.34
847,577,101,2024-03-22,4,215.98,10,Cash,777.53
848,554,396,2023-05-26,3,351.54,0,Card,1054.62
849,457,23,2025-05-21,1,349.28,20,UPI,279.42
850,636,149,2023-06-24,5,93.63,5,Card,444.74
851,316,361,2024-08-06,5,132.25,0,Cash,661.25
852,22,271,2023-03-06,3,397.6,20,Card,954.24
853,367,429,2024-06-12,5,78.05,0,Cash,390.25
854,390,219,2024-06-01,4,9.62,15,Card,32.71
855,12,47,2024-06-11,2,412.29,10,PayPal,742.12
856,902,151,2024-04-07,2,357.21,0,Card,714.42
857,865,325,2024-11-29,2,386.11,20,Cash,617.78
858,893,304,2023-08-02,1,46.59,10,Card,41.93
859,103,157,2023-02-04,3,246.72,0,Card,740.16
860,808,286,2024-10-18,4,423.5,5,Cash,1609.3
861,561,279,2023-05-28,1,452.81,15,Cash,384.89
862,746,157,2023-11-27,4,83.1,10,PayPal,299.16
863,635,385,2023-10-18,5,244.63,20,PayPal,978.52
864,794,385,2023-10-06,3,15.22,10,Cash,41.09
865,417,205,2023-02-21,4,240.21,20,Cash,768.67
866,449,123,2024-04-23,2,34.62,0,PayPal,69.24
867,565,223,2023-12-28,3,137.66,0,PayPal,412.98
868,389,171,2023-02-19,4,11.22,15,Cash,38.15
869,598,329,2024-12-26,3,416.79,0,PayPal,1250.37
870,876,410,2024-01-29,1,209.81,20,Card,167.85
871,198,374,2024-07-18,3,42.28,0,Card,126.84
872,302,383,2025-04-04,3,37.02,10,Card,99.95
873,656,62,2024-09-13,1,97.34,20,Card,77.87
874,536,267,2023-06-17,1,450.57,10,Cash,405.51
875,258,12,2025-05-22,5,206.73,15,PayPal,878.6
876,626,107,2023-03-31,2,395.31,5,Cash,751.09
877,577,439,2025-06-10,2,254.08,20,Cash,406.53
878,915,117,2024-06-11,4,480.42,20,Cash,1537.34
879,488,473,2023-03-24,2,282.43,15,Cash,480.13
880,984,185,2024-08-16,3,233.54,0,PayPal,700.62
881,42,53,2024-01-12,5,27.54,20,Card,110.16
882,137,152,2025-03-12,3,189.34,5,Card,539.62
883,352,47,2024-01-10,2,47.04,5,Cash,89.38
884,903,422,2025-02-12,1,494.03,15,PayPal,419.93
885,856,427,2023-03-13,2,241.61,0,PayPal,483.22
886,537,54,2023-12-01,3,338.56,15,UPI,863.33
887,371,18,2023-06-10,5,169.18,0,Cash,845.9
888,108,69,2023-08-29,2,154.68,10,Cash,278.42
889,617,495,2025-05-11,3,19.48,10,Cash,52.6
890,74,386,2023-12-24,1,187.19,20,PayPal,149.75
891,981,239,2025-03-28,3,390.62,0,PayPal,1171.86
892,767,321,2023-07-23,4,468.6,15,UPI,1593.24
893,335,20,2025-05-24,2,330.92,0,PayPal,661.84
894,447,253,2024-08-07,3,224.48,15,UPI,572.42
895,152,46,2023-11-17,1,125.1,15,UPI,106.33
896,314,43,2023-01-02,2,499.29,5,Cash,948.65
897,753,260,2023-04-08,5,34.69,15,UPI,147.43
898,306,171,2024-11-08,3,184.58,5,Cash,526.05
899,468,316,2024-01-22,1,275.32,10,Cash,247.79
900,147,282,2023-11-01,1,171.62,0,Cash,171.62
901,54,454,2023-01-16,2,326.07,20,PayPal,521.71
902,707,367,2023-09-30,2,121.14,5,PayPal,230.17
903,835,68,2024-01-17,4,413.19,15,UPI,1404.85
904,388,12,2024-08-10,1,140.21,5,PayPal,133.2
905,8,435,2024-01-11,3,438.44,5,Cash,1249.55
906,274,38,2024-06-08,1,68.39,10,Cash,61.55
907,798,57,2024-11-07,2,485.05,10,Cash,873.09
908,770,478,2024-06-12,2,227.34,5,Card,431.95
909,417,47,2024-11-14,4,218.64,20,PayPal,699.65
910,846,89,2023-04-21,4,287.99,10,Cash,1036.76
911,100,155,2023-01-05,3,158.9,0,Cash,476.7
912,99,164,2024-01-28,5,109.9,15,Cash,467.07
913,447,128,2023-10-10,4,406.38,10,UPI,1462.97
914,945,64,2024-12-23,1,472.9,15,UPI,401.96
915,587,252,2024-04-09,2,163.17,20,Cash,261.07
916,885,158,2024-12-05,5,211.25,20,PayPal,845.0
917,854,205,2023-01-17,2,432.72,5,Cash,822.17
918,978,178,2024-11-09,2,152.35,0,Card,304.7
919,64,26,2024-07-09,3,256.32,5,Cash,730.51
920,960,172,2023-08-11,5,382.22,15,Card,1624.44
921,125,148,2025-01-08,2,58.79,10,UPI,105.82
922,842,402,2023-10-01,5,272.41,5,Card,1293.95
923,677,101,2023-12-26,3,382.16,0,PayPal,1146.48
924,89,488,2023-02-10,2,412.92,20,Card,660.67
925,459,460,2025-04-06,3,460.39,5,Card,1312.11
926,467,199,2025-04-02,2,497.78,15,Card,846.23
927,134,5,2025-03-19,3,241.31,15,Card,615.34
928,463,383,2024-03-16,2,102.02,0,Cash,204.04
929,906,3,2023-03-10,1,270.12,10,Cash,243.11
930,556,2,2024-10-13,2,52.54,10,Cash,94.57
931,493,143,2024-09-30,2,413.22,15,Cash,702.47
932,914,496,2024-08-27,5,161.84,15,Cash,687.82
933,611,153,2023-07-08,3,231.43,5,Cash,659.58
934,511,81,2024-09-24,4,374.39,5,Cash,1422.68
935,861,136,2024-02-18,5,326.2,0,UPI,1631.0
936,954,335,2024-07-01,2,274.05,0,UPI,548.1
937,180,23,2024-10-22,4,16.88,0,Card,67.52
938,555,296,2024-01-10,1,233.76,15,Cash,198.7
939,182,461,2024-10-26,1,9.8,20,Card,7.84
940,57,487,2023-09-19,1,77.05,0,Cash,77.05
941,760,293,2023-12-19,5,462.43,0,PayPal,2312.15
942,753,177,2023-10-03,4,195.3,5,Cash,742.14
943,422,371,2023-11-27,2,193.44,0,Cash,386.88
944,694,207,2025-04-05,2,162.05,10,Card,291.69
945,167,107,2023-04-13,3,155.04,15,Card,395.35
946,849,96,2023-10-12,5,186.94,5,Cash,887.97
947,196,57,2023-07-31,4,282.13,10,Card,1015.67
948,876,145,2025-05-05,4,253.56,5,Card,963.53
949,266,446,2024-10-30,3,199.0,5,UPI,567.15
950,986,432,2023-04-12,3,228.42,20,PayPal,548.21
951,158,65,2023-05-15,1,194.54,5,Card,184.81
952,653,285,2023-02-26,2,318.14,0,PayPal,636.28
953,554,115,2023-04-03,4,360.14,10,Cash,1296.5
954,764,189,2023-10-24,1,52.08,10,UPI,46.87
955,442,94,2023-10-15,4,164.51,15,PayPal,559.33
956,214,464,2024-04-01,4,178.54,20,UPI,571.33
957,406,158,2023-10-19,3,355.05,0,Cash,1065.15
958,116,454,2024-06-12,3,122.11,5,UPI,348.01
959,616,72,2024-08-19,1,472.58,5,UPI,448.95
960,957,417,2024-12-30,5,465.06,15,Card,1976.51
961,636,372,2025-05-11,2,153.59,10,UPI,276.46
962,764,264,2023-01-03,5,371.41,0,PayPal,1857.05
963,291,476,2023-10-17,1,54.13,20,Card,43.3
964,44,469,2024-05-03,3,30.77,20,PayPal,73.85
965,926,27,2025-05-14,2,428.97,0,UPI,857.94
966,976,144,2023-11-27,3,259.26,10,PayPal,700.0
967,951,476,2023-05-12,1,297.8,5,Cash,282.91
968,241,336,2023-02-22,1,461.99,0,Cash,461.99
969,368,387,2023-07-18,4,392.76,5,Cash,1492.49
970,676,192,2023-11-24,2,118.51,15,PayPal,201.47
971,351,67,2024-04-08,2,412.51,0,UPI,825.02
972,412,375,2023-04-13,4,403.49,20,Cash,1291.17
973,726,417,2023-12-26,3,486.48,20,PayPal,1167.55
974,896,200,2024-05-07,4,489.11,0,Card,1956.44
975,739,249,2025-03-17,1,166.46,5,Cash,158.14
976,420,163,2024-12-09,2,288.5,5,Cash,548.15
977,832,372,2024-09-22,5,184.2,0,Cash,921.0
978,619,454,2023-06-09,5,386.57,20,PayPal,1546.28
979,384,483,2024-05-10,3,360.13,10,Card,972.35
980,394,472,2023-11-10,2,310.62,15,UPI,528.05
981,584,313,2023-09-05,1,175.33,15,Card,149.03
982,474,3,2024-09-09,1,165.89,15,Cash,141.01
983,516,52,2023-11-01,1,376.92,20,PayPal,301.54
984,323,106,2023-06-20,4,317.99,5,Cash,1208.36
985,506,25,2024-11-03,4,61.94,0,Card,247.76
986,468,43,2024-06-24,5,217.95,5,Card,1035.26
987,487,183,2025-05-17,1,186.32,15,Cash,158.37
988,83,362,2023-02-02,5,132.69,20,PayPal,530.76
989,787,75,2023-12-02,5,137.03,5,PayPal,650.89
990,573,112,2024-05-25,1,111.89,20,Cash,89.51
991,844,389,2023-08-26,3,193.99,0,PayPal,581.97
992,942,454,2024-02-09,4,415.06,15,UPI,1411.2
993,129,357,2024-07-09,2,420.41,0,Card,840.82
994,923,496,2023-02-26,1,162.52,15,PayPal,138.14
995,722,313,2024-11-19,5,62.55,15,Cash,265.84
996,688,241,2025-06-08,5,455.57,10,PayPal,2050.07
997,266,180,2024-12-25,5,389.98,5,Card,1852.4
998,989,359,2024-07-26,5,324.69,0,Card,1623.45
999,48,417,2024-02-21,1,92.19,10,Card,82.97
1000,118,43,2023-01-09,2,303.06,15,Cash,515.2
1001,221,101,2024-01-07,2,481.3,0,Card,962.6
1002,47,120,2023-09-01,5,74.84,0,PayPal,374.2
1003,214,75,2023-10-19,3,30.55,10,UPI,82.49
1004,221,25,2023-02-17,4,19.04,20,Card,60.93
1005,220,256,2023-02-02,1,316.26,0,PayPal,316.26
1006,863,394,2024-07-14,4,61.69,0,Card,246.76
1007,263,306,2023-06-15,1,339.3,10,UPI,305.37
1008,103,28,2024-06-04,5,173.61,5,PayPal,824.65
1009,558,47,2025-05-01,3,270.77,0,PayPal,812.31
1010,121,51,2024-10-17,1,348.08,0,Card,348.08
1011,840,73,2024-10-04,2,210.68,10,Cash,379.22
1012,661,146,2023-09-29,1,265.14,20,UPI,212.11
1013,462,397,2024-03-09,4,308.88,15,Cash,1050.19
1014,31,432,2024-11-26,3,57.97,5,Cash,165.21
1015,711,258,2023-01-08,2,229.53,20,Card,367.25
1016,388,213,2024-09-09,3,259.51,15,UPI,661.75
1017,745,9,2024-12-18,1,5.88,5,Cash,5.59
1018,498,359,2023-04-13,2,56.95,10,Cash,102.51
1019,760,418,2023-12-12,2,440.66,5,Cash,837.25
1020,131,275,2024-05-04,1,295.1,15,Cash,250.84
1021,820,27,2025-05-29,4,113.35,20,PayPal,362.72
1022,590,428,2025-03-12,2,364.44,5,UPI,692.44
1023,297,440,2024-06-25,1,319.19,15,Cash,271.31
1024,783,323,2024-12-11,4,286.88,10,Cash,1032.77
1025,992,487,2024-08-27,3,223.83,5,Card,637.92
1026,305,229,2025-02-21,4,206.31,15,PayPal,701.45
1027,177,200,2023-07-16,5,307.73,15,Cash,1307.85
1028,659,39,2024-08-09,4,336.62,20,UPI,1077.18
1029,751,120,2023-04-16,4,379.84,10,Card,1367.42
1030,23,199,2024-04-09,2,308.21,20,PayPal,493.14
1031,951,129,2024-02-09,1,462.52,5,Card,439.39
1032,293,262,2025-05-31,4,331.59,10,PayPal,1193.72
1033,474,272,2023-12-22,2,176.99,5,Card,336.28
1034,650,129,2025-02-11,5,468.39,0,PayPal,2341.95
1035,686,390,2023-02-09,3,455.46,0,UPI,1366.38
1036,402,278,2023-12-09,4,93.59,0,UPI,374.36
1037,326,1,2024-06-09,3,377.52,5,Card,1075.93
1038,394,457,2023-12-05,4,337.49,10,UPI,1214.96
1039,222,246,2025-04-24,5,323.12,10,Card,1454.04
1040,414,476,2024-05-02,4,272.73,10,Card,981.83
1041,340,62,2023-04-19,5,229.2,20,UPI,916.8
1042,222,71,2024-07-08,1,342.72,15,Card,291.31
1043,923,37,2024-11-20,2,18.08,20,Card,28.93
1044,629,3,2025-01-18,1,319.1,15,PayPal,271.24
1045,430,182,2023-02-01,1,101.84,5,Cash,96.75
1046,81,301,2023-01-09,2,419.9,5,PayPal,797.81
1047,245,164,2024-06-21,5,68.28,15,PayPal,290.19
1048,934,102,2024-10-27,4,132.7,20,UPI,424.64
1049,227,389,2024-03-15,2,401.35,0,UPI,802.7
1050,374,459,2023-06-30,1,351.94,10,PayPal,316.75
1051,941,41,2023-08-28,1,398.24,5,Card,378.33
1052,281,111,2023-07-12,2,162.05,20,Card,259.28
1053,199,246,2025-02-28,5,359.67,5,Card,1708.43
1054,546,264,2023-02-08,3,10.92,15,PayPal,27.85
1055,114,496,2023-12-25,4,205.96,20,PayPal,659.07
1056,683,192,2024-06-08,3,236.25,10,Cash,637.88
1057,973,403,2024-03-09,5,442.67,0,Cash,2213.35
1058,714,377,2025-02-19,1,103.98,15,PayPal,88.38
1059,586,356,2023-02-21,3,254.87,15,UPI,649.92
1060,583,93,2023-10-07,2,296.23,15,PayPal,503.59
1061,614,452,2023-06-05,2,272.76,5,UPI,518.24
1062,732,298,2024-12-11,2,125.88,15,Card,214.0
1063,963,245,2023-08-09,3,72.4,20,UPI,173.76
1064,969,175,2023-01-27,3,468.32,0,Card,1404.96
1065,416,124,2024-06-12,5,468.89,5,Card,2227.23
1066,893,421,2023-09-03,5,103.27,5,UPI,490.53
1067,872,223,2025-04-19,3,31.73,0,PayPal,95.19
1068,953,174,2025-04-12,3,84.82,5,PayPal,241.74
1069,402,4,2023-01-15,1,145.23,15,UPI,123.45
1070,953,75,2024-03-14,2,315.23,0,PayPal,630.46
1071,997,319,2023-11-19,2,105.04,0,PayPal,210.08
1072,994,224,2025-05-06,1,161.04,5,Card,152.99
1073,640,112,2025-04-07,4,444.5,0,PayPal,1778.0
1074,137,283,2024-04-13,5,195.68,15,PayPal,831.64
1075,640,480,2024-08-07,2,309.51,15,Cash,526.17
1076,882,423,2023-08-21,1,17.7,10,UPI,15.93
1077,427,325,2023-08-29,3,334.88,10,Cash,904.18
1078,716,304,2023-05-26,2,248.49,5,Cash,472.13
1079,883,274,2023-12-13,1,377.61,10,PayPal,339.85
1080,568,405,2024-04-26,3,182.3,5,PayPal,519.56
1081,475,447,2024-11-23,2,260.35,0,Cash,520.7
1082,155,102,2023-12-12,5,292.97,5,PayPal,1391.61
1083,643,233,2023-01-04,4,236.74,5,PayPal,899.61
1084,413,395,2025-04-30,4,105.0,20,PayPal,336.0
1085,77,322,2023-02-21,5,89.6,10,PayPal,403.2
1086,618,386,2023-06-24,3,454.83,5,PayPal,1296.27
1087,313,493,2024-04-30,3,498.84,15,UPI,1272.04
1088,549,185,2024-05-08,4,161.59,0,Cash,646.36
1089,678,235,2023-10-14,4,99.87,10,Cash,359.53
1090,269,495,2023-03-29,4,171.97,20,PayPal,550.3
1091,755,277,2023-10-19,4,438.31,15,PayPal,1490.25
1092,118,154,2023-05-25,1,349.96,0,Card,349.96
1093,163,135,2024-08-21,1,248.27,15,PayPal,211.03
1094,326,429,2023-06-04,4,254.44,5,Card,966.87
1095,651,216,2023-08-30,3,255.35,5,Cash,727.75
1096,136,498,2023-12-12,4,99.08,20,Card,317.06
1097,83,94,2024-03-18,2,478.09,0,UPI,956.18
1098,42,356,2023-07-19,4,307.7,5,PayPal,1169.26
1099,702,425,2025-03-23,1,258.63,20,UPI,206.9
1100,779,348,2025-06-09,5,472.39,5,Card,2243.85
1101,337,409,2023-08-04,1,423.9,15,Cash,360.31
1102,165,240,2023-06-15,2,434.91,20,PayPal,695.86
1103,859,183,2024-09-24,1,123.54,10,PayPal,111.19
1104,459,221,2024-03-21,1,446.24,5,UPI,423.93
1105,630,199,2025-03-31,3,155.34,15,PayPal,396.12
1106,617,369,2025-02-20,5,323.04,10,Card,1453.68
1107,159,86,2024-06-18,3,408.31,20,Cash,979.94
1108,971,45,2025-04-23,4,251.2,20,Card,803.84
1109,552,265,2024-01-20,4,385.65,20,UPI,1234.08
1110,308,159,2023-11-05,4,239.25,15,UPI,813.45
1111,776,244,2024-07-04,2,168.15,20,PayPal,269.04
1112,840,156,2024-01-30,1,276.61,10,PayPal,248.95
1113,831,55,2023-12-09,1,66.16,15,UPI,56.24
1114,65,198,2023-03-23,3,105.43,0,PayPal,316.29
1115,872,187,2025-02-09,3,333.66,0,PayPal,1000.98
1116,57,410,2025-01-10,2,382.42,15,PayPal,650.11
1117,122,468,2023-04-25,3,182.47,5,PayPal,520.04
1118,447,80,2023-04-08,1,27.12,0,UPI,27.12
1119,629,354,2025-03-23,1,107.74,0,UPI,107.74
1120,18,295,2024-05-27,5,259.16,20,Card,1036.64
1121,629,149,2023-05-18,2,368.21,15,Cash,625.96
1122,756,378,2023-07-14,5,316.49,5,PayPal,1503.33
1123,466,290,2024-11-18,5,340.77,0,Cash,1703.85
1124,940,246,2023-09-25,3,486.01,0,Cash,1458.03
1125,634,460,2024-06-05,5,92.69,20,Cash,370.76
1126,161,238,2023-06-02,5,424.25,15,Cash,1803.06
1127,299,1,2023-03-02,5,338.94,20,Cash,1355.76
1128,456,206,2024-09-29,2,332.78,20,Cash,532.45
1129,568,374,2024-07-14,4,102.94,5,Card,391.17
1130,264,340,2024-07-14,3,474.22,0,UPI,1422.66
1131,324,406,2024-06-21,3,430.13,20,Card,1032.31
1132,335,480,2023-06-29,1,7.49,15,PayPal,6.37
1133,582,111,2025-01-30,1,360.85,5,Cash,342.81
1134,956,250,2023-06-26,1,186.0,15,PayPal,158.1
1135,705,390,2025-04-12,2,91.27,20,Cash,146.03
1136,915,238,2023-01-21,1,310.86,5,UPI,295.32
1137,373,15,2024-08-17,1,160.36,10,PayPal,144.32
1138,894,221,2024-04-30,5,131.33,10,PayPal,590.99
1139,926,391,2024-12-03,5,465.49,20,PayPal,1861.96
1140,238,482,2023-05-15,4,496.86,10,PayPal,1788.7
1141,98,32,2024-03-06,2,252.24,0,UPI,504.48
1142,683,482,2024-10-14,2,499.19,10,Card,898.54
1143,665,122,2024-08-04,3,290.26,10,Card,783.7
1144,258,352,2024-09-16,3,361.26,0,Card,1083.78
1145,606,287,2024-02-07,2,85.63,20,Card,137.01
1146,887,112,2023-07-23,3,126.36,20,Cash,303.26
1147,610,433,2023-05-12,5,306.16,15,PayPal,1301.18
1148,26,286,2023-05-17,3,214.26,0,PayPal,642.78
1149,330,221,2024-03-16,1,329.47,20,UPI,263.58
1150,480,2,2025-01-08,3,11.7,10,Cash,31.59
1151,345,204,2023-12-05,5,409.13,0,PayPal,2045.65
1152,53,457,2024-04-11,5,402.01,20,PayPal,1608.04
1153,679,398,2025-03-14,2,415.31,20,Card,664.5
1154,352,400,2023-08-19,1,102.86,5,UPI,97.72
1155,915,141,2023-11-15,2,32.48,15,UPI,55.22
1156,427,144,2023-10-09,1,265.63,0,Card,265.63
1157,302,481,2023-10-04,1,299.4,5,Card,284.43
1158,481,58,2023-01-11,2,12.66,5,PayPal,24.05
1159,206,235,2025-02-12,5,242.53,5,UPI,1152.02
1160,47,266,2023-05-05,3,474.17,5,Cash,1351.38
1161,925,143,2025-02-08,5,122.89,0,Card,614.45
1162,465,286,2024-12-15,2,470.4,5,Card,893.76
1163,165,436,2023-05-20,4,391.95,20,Card,1254.24
1164,55,437,2025-03-19,4,50.55,10,PayPal,181.98
1165,551,426,2024-01-17,3,356.34,20,Card,855.22
1166,245,355,2024-08-08,1,7.43,0,UPI,7.43
1167,375,483,2023-06-21,4,312.38,10,Cash,1124.57
1168,552,500,2024-09-07,1,387.25,20,PayPal,309.8
1169,823,129,2023-10-16,4,272.2,5,UPI,1034.36
1170,727,51,2024-03-05,2,131.73,15,PayPal,223.94
1171,383,316,2025-02-05,5,182.62,15,UPI,776.13
1172,242,215,2024-08-26,5,188.18,20,Cash,752.72
1173,175,87,2023-07-31,2,46.08,5,PayPal,87.55
1174,841,464,2023-07-19,1,57.32,10,PayPal,51.59
1175,932,194,2024-10-30,4,460.06,20,UPI,1472.19
1176,601,193,2023-06-11,3,466.17,5,PayPal,1328.58
1177,806,60,2023-03-10,1,214.53,15,PayPal,182.35
1178,159,493,2023-03-07,5,92.49,15,Cash,393.08
1179,389,87,2024-07-28,3,75.06,5,UPI,213.92
1180,778,172,2023-05-06,5,136.03,5,UPI,646.14
1181,225,364,2023-07-05,2,35.5,10,Cash,63.9
1182,177,106,2024-04-04,5,10.81,20,Card,43.24
1183,557,376,2025-01-18,3,171.09,5,UPI,487.61
1184,504,93,2025-05-04,5,210.94,5,Card,1001.97
1185,234,223,2023-01-21,3,266.19,10,UPI,718.71
1186,108,293,2024-11-26,2,32.73,15,UPI,55.64
1187,921,306,2024-12-30,1,244.52,15,PayPal,207.84
1188,793,437,2024-06-23,5,483.42,20,UPI,1933.68
1189,287,24,2023-07-13,3,452.1,15,Card,1152.86
1190,822,104,2025-05-27,5,146.25,5,PayPal,694.69
1191,282,298,2024-10-18,3,301.88,10,UPI,815.08
1192,786,347,2023-10-16,5,427.82,15,Card,1818.23
1193,878,76,2023-05-11,3,383.6,10,Card,1035.72
1194,835,436,2024-07-17,2,261.16,10,Cash,470.09
1195,880,445,2025-02-16,1,57.56,20,PayPal,46.05
1196,167,362,2023-08-09,4,91.46,10,UPI,329.26
1197,476,359,2024-11-01,4,38.6,10,Cash,138.96
1198,773,47,2023-09-29,3,101.05,10,PayPal,272.83
1199,212,174,2025-03-01,5,265.05,5,PayPal,1258.99
1200,904,398,2025-04-10,5,465.96,10,UPI,2096.82
1201,122,259,2025-02-15,3,19.54,15,UPI,49.83
1202,303,388,2024-05-31,4,459.07,10,Cash,1652.65
1203,931,77,2023-11-27,4,421.95,0,PayPal,1687.8
1204,810,122,2024-03-25,4,438.53,0,Cash,1754.12
1205,655,114,2024-11-23,2,299.86,0,Cash,599.72
1206,921,117,2025-03-13,3,14.72,15,PayPal,37.54
1207,542,228,2023-01-28,2,237.26,5,PayPal,450.79
1208,572,145,2025-05-23,4,10.58,0,PayPal,42.32
1209,299,487,2025-01-21,1,203.6,5,Cash,193.42
1210,572,19,2024-03-07,2,85.44,5,UPI,162.34
1211,845,76,2025-06-15,3,20.28,20,UPI,48.67
1212,2,45,2024-07-16,3,111.82,10,UPI,301.91
1213,721,113,2023-12-01,2,97.29,10,UPI,175.12
1214,99,24,2024-05-14,3,392.02,0,Card,1176.06
1215,487,406,2023-09-27,4,125.66,10,UPI,452.38
1216,506,81,2023-12-13,1,259.9,15,Cash,220.91
1217,109,383,2023-02-21,4,363.7,5,PayPal,1382.06
1218,171,500,2025-05-11,5,315.74,20,Card,1262.96
1219,43,128,2024-11-23,5,253.22,0,UPI,1266.1
1220,891,313,2023-08-19,5,413.13,5,Cash,1962.37
1221,809,155,2024-05-27,4,29.59,5,Card,112.44
1222,522,116,2025-01-31,2,288.14,10,Cash,518.65
1223,272,114,2025-05-28,5,451.99,20,UPI,1807.96
1224,871,1,2024-03-30,2,400.2,10,PayPal,720.36
1225,620,488,2023-07-31,3,313.46,5,UPI,893.36
1226,586,433,2024-03-04,2,227.13,10,Card,408.83
1227,447,226,2023-02-11,5,138.74,20,Card,554.96
1228,385,181,2023-02-13,1,101.5,5,Card,96.42
1229,17,292,2025-04-13,5,377.93,0,Cash,1889.65
1230,663,234,2023-04-10,2,138.47,0,Card,276.94
1231,121,304,2023-08-12,5,161.25,20,PayPal,645.0
1232,480,435,2024-03-18,2,170.8,0,Card,341.6
1233,225,498,2024-01-31,1,359.5,5,PayPal,341.52
1234,285,21,2023-10-30,1,391.36,0,Cash,391.36
1235,861,496,2023-02-25,1,317.21,20,Cash,253.77
1236,70,177,2025-04-05,5,220.83,20,PayPal,883.32
1237,600,118,2025-03-29,1,19.36,0,UPI,19.36
1238,236,41,2024-12-24,4,177.5,20,UPI,568.0
1239,275,358,2024-08-31,5,243.98,20,UPI,975.92
1240,534,483,2025-01-27,1,333.61,10,PayPal,300.25
1241,603,33,2023-05-17,1,93.35,0,PayPal,93.35
1242,855,230,2025-03-20,3,434.7,0,Cash,1304.1
1243,592,74,2024-12-11,1,170.09,5,PayPal,161.59
1244,445,60,2023-04-27,3,33.28,20,Cash,79.87
1245,39,80,2024-09-08,4,129.6,15,Cash,440.64
1246,131,288,2023-12-31,3,287.39,20,UPI,689.74
1247,464,38,2023-10-13,2,312.96,10,UPI,563.33
1248,853,335,2023-12-28,4,108.72,0,PayPal,434.88
1249,852,355,2023-05-16,3,144.42,20,UPI,346.61
1250,710,352,2025-01-18,1,211.77,0,Card,211.77
1251,622,335,2025-05-04,4,449.93,20,PayPal,1439.78
1252,949,467,2024-06-04,2,466.13,10,UPI,839.03
1253,769,492,2024-04-28,5,221.92,10,Card,998.64
1254,188,70,2023-05-16,5,123.26,10,Card,554.67
1255,795,259,2024-07-28,2,453.05,5,PayPal,860.79
1256,29,417,2025-03-31,2,69.46,0,UPI,138.92
1257,329,110,2023-03-29,4,172.03,15,Cash,584.9
1258,476,125,2023-11-13,1,418.32,20,Cash,334.66
1259,393,463,2023-04-20,1,155.2,15,PayPal,131.92
1260,904,418,2023-10-25,1,261.18,20,Card,208.94
1261,770,144,2024-09-19,1,143.65,15,PayPal,122.1
1262,249,222,2023-04-08,3,118.2,0,UPI,354.6
1263,209,104,2023-12-28,5,82.85,15,UPI,352.11
1264,870,467,2023-01-09,5,221.23,15,PayPal,940.23
1265,935,280,2024-11-22,5,33.55,20,PayPal,134.2
1266,476,241,2024-09-06,1,414.41,0,UPI,414.41
1267,812,75,2025-02-01,5,166.78,15,Card,708.81
1268,350,283,2024-09-26,2,65.12,5,Cash,123.73
1269,371,474,2025-02-25,2,40.73,15,UPI,69.24
1270,516,323,2024-10-10,5,164.73,20,UPI,658.92
1271,130,233,2025-06-14,2,463.92,10,UPI,835.06
1272,322,164,2025-06-11,5,138.28,0,Cash,691.4
1273,87,30,2025-04-19,1,443.49,15,UPI,376.97
1274,42,438,2024-05-02,3,244.85,10,PayPal,661.1
1275,558,254,2024-11-26,1,247.83,0,UPI,247.83
1276,775,132,2024-10-13,2,203.97,0,PayPal,407.94
1277,446,397,2023-10-08,3,143.45,15,Cash,365.8
1278,754,185,2024-11-20,3,181.79,5,PayPal,518.1
1279,25,163,2024-11-26,3,340.26,10,PayPal,918.7
1280,203,47,2024-04-22,5,483.97,10,PayPal,2177.87
1281,399,296,2025-03-15,5,458.74,0,Card,2293.7
1282,667,300,2023-07-21,2,314.42,20,UPI,503.07
1283,66,444,2023-06-23,1,481.61,10,Cash,433.45
1284,289,317,2025-01-15,1,316.95,5,UPI,301.1
1285,55,344,2023-04-06,2,6.74,10,Card,12.13
1286,939,312,2024-04-16,3,351.49,5,Cash,1001.75
1287,450,378,2025-05-09,4,55.38,0,Card,221.52
1288,26,325,2023-09-19,1,265.7,0,PayPal,265.7
1289,607,482,2024-05-09,1,173.97,10,UPI,156.57
1290,561,63,2024-05-01,1,25.91,15,Cash,22.02
1291,586,198,2024-01-14,4,187.34,20,UPI,599.49
1292,787,274,2024-10-20,2,406.47,20,Cash,650.35
1293,550,317,2023-01-10,5,104.42,20,UPI,417.68
1294,535,120,2023-09-03,1,192.05,5,UPI,182.45
1295,463,104,2024-07-26,3,285.5,20,PayPal,685.2
1296,478,201,2023-04-28,5,325.48,15,Card,1383.29
1297,446,473,2024-02-11,3,367.93,0,Cash,1103.79
1298,627,118,2024-06-28,5,40.2,10,Card,180.9
1299,974,434,2025-05-19,5,16.52,20,PayPal,66.08
1300,802,311,2024-10-23,5,421.22,15,PayPal,1790.19
1301,717,385,2023-03-12,1,428.47,10,UPI,385.62
1302,137,270,2025-02-27,3,400.58,20,Cash,961.39
1303,526,341,2024-10-03,5,476.79,5,Card,2264.75
1304,775,379,2023-09-10,2,311.19,15,Card,529.02
1305,960,177,2023-08-22,5,184.1,10,Card,828.45
1306,173,495,2024-03-11,4,191.66,5,PayPal,728.31
1307,419,145,2025-04-06,4,497.04,10,Cash,1789.34
1308,124,284,2023-10-06,1,431.85,15,PayPal,367.07
1309,930,394,2023-08-15,5,426.9,5,Cash,2027.77
1310,645,110,2024-05-04,2,238.19,20,Cash,381.1
1311,713,39,2023-04-25,4,154.34,20,PayPal,493.89
1312,466,348,2025-03-30,1,130.76,20,UPI,104.61
1313,412,118,2024-05-02,1,70.71,20,Card,56.57
1314,786,437,2023-12-21,3,406.89,15,UPI,1037.57
1315,821,452,2025-02-11,2,397.3,10,Card,715.14
1316,38,29,2025-01-03,2,148.57,5,Cash,282.28
1317,135,104,2023-12-08,5,381.34,15,PayPal,1620.69
1318,601,37,2023-05-31,4,491.96,5,Card,1869.45
1319,937,119,2024-01-27,3,318.42,20,UPI,764.21
1320,963,395,2023-06-30,2,257.37,5,UPI,489.0
1321,242,151,2023-06-09,2,360.04,15,Cash,612.07
1322,150,180,2024-04-22,5,358.8,20,UPI,1435.2
1323,54,79,2023-04-07,3,150.22,5,UPI,428.13
1324,765,343,2024-09-24,2,45.67,10,UPI,82.21
1325,760,142,2024-04-02,4,168.64,15,Card,573.38
1326,709,19,2023-05-21,3,25.97,15,UPI,66.22
1327,120,364,2023-05-08,4,244.31,15,PayPal,830.65
1328,770,54,2023-11-10,1,288.72,15,Cash,245.41
1329,627,283,2023-05-17,3,376.1,10,UPI,1015.47
1330,897,424,2024-12-07,4,75.71,10,PayPal,272.56
1331,438,84,2023-07-29,3,359.73,10,Cash,971.27
1332,244,350,2024-05-16,1,200.03,0,Cash,200.03
1333,398,333,2023-05-31,3,399.54,10,Cash,1078.76
1334,425,281,2024-05-06,4,189.52,20,UPI,606.46
1335,278,441,2024-04-04,4,302.94,20,PayPal,969.41
1336,350,465,2024-05-29,2,304.87,0,UPI,609.74
1337,332,57,2023-08-19,2,410.08,0,UPI,820.16
1338,746,358,2023-07-11,5,465.61,10,PayPal,2095.25
1339,677,402,2025-05-13,4,92.13,15,Cash,313.24
1340,774,462,2024-09-11,4,63.21,0,UPI,252.84
1341,489,375,2024-04-08,5,363.86,20,PayPal,1455.44
1342,187,191,2025-04-17,2,191.37,0,PayPal,382.74
1343,346,446,2023-11-26,5,435.61,0,PayPal,2178.05
1344,726,46,2023-04-28,3,318.44,5,UPI,907.55
1345,804,266,2025-02-06,2,205.52,20,UPI,328.83
1346,540,163,2024-08-30,5,384.59,5,Card,1826.8
1347,377,108,2024-12-15,4,362.8,0,Card,1451.2
1348,626,493,2023-06-27,1,335.26,15,UPI,284.97
1349,783,257,2023-06-23,4,263.67,20,PayPal,843.74
1350,857,336,2024-03-25,5,464.9,0,Cash,2324.5
1351,903,485,2023-05-23,1,43.23,15,Cash,36.75
1352,175,279,2025-04-24,1,95.53,10,PayPal,85.98
1353,605,238,2024-05-26,4,312.89,20,UPI,1001.25
1354,160,167,2025-01-13,4,131.15,15,UPI,445.91
1355,668,22,2024-02-07,4,157.41,20,UPI,503.71
1356,955,252,2025-01-29,2,226.87,10,UPI,408.37
1357,755,454,2023-07-10,2,80.95,20,PayPal,129.52
1358,132,455,2023-05-15,3,363.53,20,UPI,872.47
1359,599,265,2024-10-10,2,412.98,20,PayPal,660.77
1360,436,13,2023-10-19,3,165.68,15,UPI,422.48
1361,630,147,2023-03-01,5,153.52,0,Card,767.6
1362,77,248,2023-06-19,3,354.96,20,UPI,851.9
1363,607,76,2023-03-06,4,384.09,5,UPI,1459.54
1364,935,69,2023-05-06,5,340.55,5,Cash,1617.61
1365,259,442,2025-05-06,1,71.01,20,Card,56.81
1366,558,281,2025-01-24,1,88.85,5,Cash,84.41
1367,274,328,2023-09-01,4,393.01,10,PayPal,1414.84
1368,469,290,2023-08-03,5,31.92,10,Card,143.64
1369,331,85,2023-04-08,5,267.89,20,PayPal,1071.56
1370,372,161,2023-06-27,1,382.85,5,Card,363.71
1371,28,192,2025-05-01,2,136.12,20,UPI,217.79
1372,421,469,2024-12-05,2,438.03,5,PayPal,832.26
1373,128,367,2024-01-20,4,124.42,15,Cash,423.03
1374,929,63,2024-06-13,2,174.02,20,Card,278.43
1375,204,349,2024-08-28,1,278.77,5,Cash,264.83
1376,759,336,2025-02-26,5,273.15,15,Card,1160.89
1377,965,303,2024-02-12,5,385.89,15,PayPal,1640.03
1378,474,260,2025-06-16,2,382.88,5,UPI,727.47
1379,276,167,2024-06-11,1,161.44,15,Card,137.22
1380,582,261,2023-08-29,4,371.31,0,Cash,1485.24
1381,25,74,2023-10-07,2,6.5,20,UPI,10.4
1382,2,394,2025-05-21,1,340.25,20,PayPal,272.2
1383,554,95,2024-05-22,3,344.22,15,Cash,877.76
1384,274,150,2023-09-07,2,363.0,10,UPI,653.4
1385,731,411,2023-02-18,2,174.67,15,UPI,296.94
1386,781,178,2024-03-15,4,340.78,5,Cash,1294.96
1387,890,386,2025-03-22,3,421.25,0,PayPal,1263.75
1388,567,470,2024-07-20,4,486.1,5,UPI,1847.18
1389,453,91,2023-08-10,5,157.75,15,Cash,670.44
1390,83,31,2024-01-05,2,468.18,5,PayPal,889.54
1391,770,465,2023-01-01,2,481.0,5,PayPal,913.9
1392,523,186,2024-05-31,5,395.91,10,Cash,1781.6
1393,119,425,2023-03-31,2,404.8,20,Cash,647.68
1394,724,408,2023-12-09,4,221.78,20,Card,709.7
1395,650,268,2024-06-01,3,34.98,10,UPI,94.45
1396,815,487,2024-02-02,5,447.26,5,Cash,2124.49
1397,381,395,2025-01-05,3,72.38,20,PayPal,173.71
1398,659,447,2024-02-18,4,370.95,15,Cash,1261.23
1399,964,404,2023-12-13,3,402.29,15,Cash,1025.84
1400,75,190,2025-03-29,5,75.36,0,Cash,376.8
1401,681,138,2024-08-09,3,104.66,0,Card,313.98
1402,54,203,2023-05-29,4,457.81,15,UPI,1556.55
1403,609,276,2025-01-18,1,390.68,5,Cash,371.15
1404,77,454,2024-12-15,5,325.83,0,Card,1629.15
1405,156,489,2025-02-24,5,451.47,0,PayPal,2257.35
1406,957,292,2024-09-17,1,360.49,10,Cash,324.44
1407,18,348,2025-02-18,5,19.05,15,Cash,80.96
1408,161,308,2023-09-23,4,333.01,0,Cash,1332.04
1409,667,173,2023-01-01,3,117.15,0,PayPal,351.45
1410,850,85,2025-03-09,3,452.39,20,Card,1085.74
1411,601,421,2023-10-23,5,141.33,10,UPI,635.99
1412,962,185,2023-10-25,3,489.76,5,PayPal,1395.82
1413,721,203,2024-12-24,2,422.3,10,Card,760.14
1414,941,321,2024-04-22,4,434.55,0,UPI,1738.2
1415,563,40,2023-09-27,4,140.39,20,Cash,449.25
1416,459,238,2023-01-08,2,334.76,15,PayPal,569.09
1417,303,465,2023-08-05,3,395.74,0,PayPal,1187.22
1418,248,140,2023-10-27,4,178.48,15,Card,606.83
1419,191,138,2023-05-28,3,8.36,0,Cash,25.08
1420,484,377,2023-10-08,5,312.12,10,PayPal,1404.54
1421,931,319,2024-10-14,3,64.04,20,Card,153.7
1422,976,79,2024-07-15,3,40.3,5,UPI,114.85
1423,793,490,2025-05-14,5,473.64,20,Card,1894.56
1424,219,485,2023-03-06,2,177.89,5,Cash,337.99
1425,120,260,2023-09-23,2,74.15,15,PayPal,126.06
1426,366,434,2023-01-02,5,52.52,20,Cash,210.08
1427,784,368,2023-04-04,2,135.88,5,PayPal,258.17
1428,24,63,2025-05-01,2,338.29,10,UPI,608.92
1429,612,338,2023-10-29,1,59.17,5,Card,56.21
1430,732,447,2023-01-27,5,369.66,10,PayPal,1663.47
1431,197,81,2025-04-19,2,213.78,15,PayPal,363.43
1432,133,422,2024-10-14,3,62.07,0,Card,186.21
1433,621,345,2023-03-25,2,285.84,15,UPI,485.93
1434,964,164,2025-06-13,3,47.54,10,Cash,128.36
1435,499,275,2023-06-05,3,134.22,0,UPI,402.66
1436,236,69,2024-09-18,4,320.54,20,Card,1025.73
1437,261,128,2024-01-20,4,450.49,20,Cash,1441.57
1438,22,458,2024-03-01,2,353.6,15,UPI,601.12
1439,47,337,2024-02-03,1,16.17,10,Card,14.55
1440,201,185,2024-05-29,4,487.05,0,PayPal,1948.2
1441,857,316,2024-12-09,5,72.43,5,Card,344.04
1442,882,49,2024-01-08,5,303.45,10,Card,1365.53
1443,299,246,2025-06-07,3,450.45,0,PayPal,1351.35
1444,190,12,2023-03-05,1,35.89,20,UPI,28.71
1445,173,128,2024-03-07,5,320.42,0,Card,1602.1
1446,318,262,2023-01-21,3,301.27,5,PayPal,858.62
1447,403,281,2023-02-19,1,335.87,20,PayPal,268.7
1448,602,189,2023-01-10,1,102.35,15,Cash,87.0
1449,675,429,2024-02-04,4,292.89,15,Card,995.83
1450,21,165,2023-11-10,5,447.97,0,Card,2239.85
1451,154,225,2024-11-12,1,280.57,20,PayPal,224.46
1452,645,418,2024-04-25,1,83.97,20,UPI,67.18
1453,351,122,2023-05-09,2,200.03,20,Cash,320.05
1454,850,447,2023-10-29,3,38.25,15,Card,97.54
1455,448,196,2024-04-24,2,391.55,5,Cash,743.94
1456,753,171,2024-05-13,4,302.84,20,Cash,969.09
1457,83,392,2024-01-15,2,460.85,20,Card,737.36
1458,211,90,2023-02-03,5,31.26,5,PayPal,148.49
1459,342,394,2023-07-26,5,479.59,10,Card,2158.15
1460,967,107,2024-08-13,5,188.88,15,UPI,802.74
1461,537,54,2025-01-17,1,52.59,15,Card,44.7
1462,962,101,2024-04-22,4,50.01,20,PayPal,160.03
1463,646,60,2023-04-07,2,356.68,10,Cash,642.02
1464,137,25,2024-07-28,2,420.54,0,Cash,841.08
1465,293,430,2024-12-01,2,146.95,20,PayPal,235.12
1466,612,350,2023-11-17,3,418.47,15,Card,1067.1
1467,405,189,2025-01-19,1,408.23,0,Cash,408.23
1468,804,96,2024-06-20,2,422.14,10,Cash,759.85
1469,526,364,2024-12-26,3,77.88,15,UPI,198.59
1470,483,438,2025-04-07,2,317.91,10,Cash,572.24
1471,505,161,2024-02-17,1,346.72,15,Cash,294.71
1472,559,223,2023-01-01,3,428.67,5,PayPal,1221.71
1473,664,42,2023-05-09,2,7.6,0,Card,15.2
1474,192,127,2023-02-24,5,209.63,10,UPI,943.34
1475,189,30,2024-11-23,3,407.18,20,Cash,977.23
1476,491,297,2024-06-07,3,81.02,0,Card,243.06
1477,678,340,2023-10-29,3,295.41,15,PayPal,753.3
1478,800,112,2023-05-18,1,332.57,20,Cash,266.06
1479,843,248,2024-10-20,3,489.4,20,Card,1174.56
1480,119,264,2025-01-08,2,186.01,5,Cash,353.42
1481,270,8,2024-04-03,5,201.59,10,PayPal,907.16
1482,129,458,2025-01-11,4,104.41,0,UPI,417.64
1483,266,136,2024-01-24,1,333.84,5,PayPal,317.15
1484,552,120,2024-07-29,2,130.42,5,UPI,247.8
1485,45,465,2023-06-05,1,441.8,0,Cash,441.8
1486,35,449,2025-02-23,5,143.28,10,Card,644.76
1487,10,267,2024-12-02,5,311.92,5,PayPal,1481.62
1488,594,447,2024-06-04,1,367.79,15,Cash,312.62
1489,81,109,2025-04-27,1,305.31,20,PayPal,244.25
1490,80,396,2023-04-21,5,13.72,5,Card,65.17
1491,7,338,2023-09-28,2,246.57,15,PayPal,419.17
1492,314,307,2023-11-01,4,475.13,20,Card,1520.42
1493,414,289,2025-03-31,3,248.33,5,UPI,707.74
1494,180,180,2024-01-07,1,50.35,15,UPI,42.8
1495,829,239,2023-08-31,4,119.8,10,PayPal,431.28
1496,97,82,2023-06-30,2,284.51,15,Cash,483.67
1497,673,11,2023-03-06,3,100.61,10,Cash,271.65
1498,618,288,2023-09-21,1,94.33,10,Card,84.9
1499,338,460,2024-08-15,4,171.8,0,UPI,687.2
1500,516,141,2023-09-01,5,92.75,0,Card,463.75
1501,569,153,2023-12-29,1,452.43,15,Cash,384.57
1502,431,289,2024-12-20,2,115.62,20,Cash,184.99
1503,466,123,2024-12-03,2,26.35,20,Cash,42.16
1504,664,428,2024-12-20,5,184.03,5,Cash,874.14
1505,592,97,2024-12-23,1,138.52,0,UPI,138.52
1506,850,271,2025-02-11,1,358.76,0,Card,358.76
1507,183,143,2025-04-28,5,54.79,5,UPI,260.25
1508,882,201,2023-02-15,5,159.05,20,PayPal,636.2
1509,181,214,2023-10-13,4,411.96,20,Cash,1318.27
1510,31,485,2023-08-11,3,469.64,15,PayPal,1197.58
1511,269,205,2023-03-31,1,99.5,10,Card,89.55
1512,582,96,2024-01-13,1,119.67,10,Card,107.7
1513,882,41,2023-07-21,3,495.66,5,UPI,1412.63
1514,16,263,2024-04-25,4,470.67,10,Cash,1694.41
1515,40,361,2023-01-08,5,202.93,15,Cash,862.45
1516,523,59,2024-05-02,3,230.09,5,Cash,655.76
1517,595,61,2023-12-06,2,319.55,20,Cash,511.28
1518,441,159,2025-05-23,4,213.06,5,PayPal,809.63
1519,918,366,2023-01-29,2,333.43,15,Cash,566.83
1520,692,86,2024-06-12,2,460.88,20,Cash,737.41
1521,747,369,2025-03-29,3,397.79,20,Cash,954.7
1522,206,266,2024-06-09,3,465.28,5,Card,1326.05
1523,817,12,2025-03-08,5,446.0,10,Card,2007.0
1524,304,96,2024-03-05,5,385.52,20,Card,1542.08
1525,62,183,2023-04-27,5,333.34,15,PayPal,1416.69
1526,356,329,2024-12-06,4,373.96,15,Card,1271.46
1527,663,337,2024-12-23,1,168.07,20,Cash,134.46
1528,225,145,2024-08-15,2,80.92,20,PayPal,129.47
1529,636,378,2024-03-13,1,416.97,5,Cash,396.12
1530,97,255,2025-04-11,5,54.64,10,PayPal,245.88
1531,703,110,2024-03-10,4,43.05,15,UPI,146.37
1532,910,243,2025-02-27,4,316.2,20,Card,1011.84
1533,926,177,2024-01-14,1,429.48,5,Cash,408.01
1534,386,59,2024-02-13,4,493.18,0,PayPal,1972.72
1535,747,98,2023-02-14,2,31.37,15,UPI,53.33
1536,170,208,2024-12-12,1,317.84,20,Cash,254.27
1537,791,79,2024-12-14,2,195.29,15,PayPal,331.99
1538,988,237,2023-02-24,5,187.96,10,PayPal,845.82
1539,848,195,2024-10-22,4,318.84,20,Card,1020.29
1540,648,473,2023-02-13,1,243.81,10,PayPal,219.43
1541,742,56,2023-01-29,3,292.09,5,PayPal,832.46
1542,1000,18,2025-06-01,2,355.12,0,PayPal,710.24
1543,999,455,2024-05-28,3,247.35,15,UPI,630.74
1544,887,88,2023-11-05,3,436.79,15,Card,1113.81
1545,11,283,2023-10-26,3,351.02,20,Cash,842.45
1546,50,203,2025-02-26,3,206.22,20,Cash,494.93
1547,552,349,2024-01-09,5,408.27,5,Card,1939.28
1548,659,468,2024-04-12,5,282.58,15,PayPal,1200.96
1549,561,432,2024-07-10,5,221.13,0,Card,1105.65
1550,231,3,2024-01-18,2,467.92,10,UPI,842.26
1551,905,427,2023-06-06,3,372.97,10,Card,1007.02
1552,70,443,2023-09-28,4,271.72,20,UPI,869.5
1553,214,307,2025-05-07,2,398.09,5,PayPal,756.37
1554,814,225,2024-03-05,1,162.98,15,Card,138.53
1555,418,226,2023-07-18,4,266.73,20,Cash,853.54
1556,938,204,2025-05-24,1,207.5,5,PayPal,197.12
1557,977,247,2023-02-28,3,215.19,15,PayPal,548.73
1558,592,41,2023-11-17,1,281.07,15,Cash,238.91
1559,297,49,2023-05-09,3,135.44,0,PayPal,406.32
1560,294,467,2023-11-18,1,438.31,10,Cash,394.48
1561,99,380,2024-02-20,1,36.12,20,Cash,28.9
1562,584,441,2025-06-01,4,74.22,0,Cash,296.88
1563,21,413,2023-11-27,3,486.03,15,PayPal,1239.38
1564,385,184,2025-05-11,5,265.26,20,Cash,1061.04
1565,635,238,2023-08-27,4,159.64,10,Card,574.7
1566,386,309,2023-04-03,5,345.21,10,Cash,1553.44
1567,806,267,2025-03-11,5,127.75,20,UPI,511.0
1568,811,250,2023-02-08,3,336.91,10,Card,909.66
1569,354,105,2025-05-24,5,191.16,5,PayPal,908.01
1570,938,25,2023-04-11,3,303.89,20,UPI,729.34
1571,358,197,2024-10-11,5,130.06,10,PayPal,585.27
1572,422,177,2024-07-24,2,450.16,5,Cash,855.3
1573,850,344,2024-02-16,2,342.43,0,Card,684.86
1574,215,92,2024-10-14,5,7.63,10,Cash,34.34
1575,563,235,2023-08-18,3,434.41,5,UPI,1238.07
1576,95,85,2024-12-21,5,152.17,15,Cash,646.72
1577,790,132,2023-01-17,2,100.28,0,Cash,200.56
1578,55,79,2023-09-06,2,100.09,0,PayPal,200.18
1579,94,329,2024-04-22,3,226.47,20,PayPal,543.53
1580,716,275,2025-02-16,5,226.52,5,UPI,1075.97
1581,318,349,2025-01-08,2,57.15,5,UPI,108.58
1582,891,264,2023-06-30,2,216.16,15,PayPal,367.47
1583,494,89,2024-02-25,1,377.66,15,Card,321.01
1584,805,473,2025-05-15,3,22.59,5,Card,64.38
1585,600,463,2024-02-05,1,313.4,20,UPI,250.72
1586,501,123,2023-12-03,5,124.44,15,Cash,528.87
1587,711,366,2023-04-27,2,296.2,20,PayPal,473.92
1588,332,490,2023-06-21,1,470.02,15,PayPal,399.52
1589,354,137,2024-05-03,4,6.29,15,UPI,21.39
1590,708,128,2025-06-02,2,246.96,10,Card,444.53
1591,483,86,2023-11-21,3,45.47,15,Card,115.95
1592,349,44,2024-07-18,1,279.59,5,Card,265.61
1593,203,211,2025-02-08,1,412.34,15,PayPal,350.49
1594,599,51,2023-08-07,4,256.23,0,PayPal,1024.92
1595,821,403,2023-02-22,2,277.25,5,PayPal,526.77
1596,179,39,2023-01-02,2,449.97,10,PayPal,809.95
1597,939,421,2023-12-09,5,327.39,5,UPI,1555.1
1598,385,245,2023-10-03,1,117.9,5,Card,112.0
1599,723,364,2023-08-28,3,208.38,15,Card,531.37
1600,966,463,2023-06-10,5,100.49,20,Card,401.96
1601,465,12,2023-02-25,3,282.83,10,Cash,763.64
1602,924,299,2025-03-27,1,44.4,0,Cash,44.4
1603,790,257,2025-01-13,1,232.24,10,UPI,209.02
1604,530,289,2023-03-29,2,406.81,10,Card,732.26
1605,855,382,2025-05-26,1,203.36,0,PayPal,203.36
1606,459,330,2025-05-21,4,498.24,0,Cash,1992.96
1607,28,351,2023-06-12,1,338.57,15,Card,287.78
1608,281,482,2024-10-05,4,441.84,15,Card,1502.26
1609,505,324,2023-09-06,1,481.26,5,UPI,457.2
1610,145,399,2024-05-19,1,498.62,15,Card,423.83
1611,243,447,2024-07-24,4,91.02,0,Card,364.08
1612,484,398,2024-06-07,3,418.7,10,UPI,1130.49
1613,221,182,2023-12-11,1,387.57,5,PayPal,368.19
1614,267,78,2025-02-05,1,342.84,15,Card,291.41
1615,821,422,2024-09-02,3,228.59,5,Card,651.48
1616,218,2,2024-01-19,5,176.86,5,PayPal,840.09
1617,459,417,2024-05-26,4,72.14,10,PayPal,259.7
1618,942,109,2025-01-03,1,413.32,0,UPI,413.32
1619,95,213,2023-11-19,3,269.84,20,Card,647.62
1620,925,179,2024-08-02,1,54.02,5,Card,51.32
1621,728,66,2023-06-05,4,271.68,20,PayPal,869.38
1622,931,187,2025-02-09,5,155.55,5,UPI,738.86
1623,325,30,2024-11-28,4,189.94,0,Card,759.76
1624,434,167,2025-05-13,1,352.04,5,PayPal,334.44
1625,997,453,2023-04-15,1,468.44,20,UPI,374.75
1626,883,290,2023-06-21,3,79.25,0,UPI,237.75
1627,874,254,2025-05-14,4,78.93,15,Card,268.36
1628,354,177,2023-04-15,3,407.74,0,PayPal,1223.22
1629,511,209,2023-07-25,4,357.77,5,Card,1359.53
1630,545,24,2024-09-02,1,243.57,10,Cash,219.21
1631,731,270,2024-06-11,5,45.12,20,UPI,180.48
1632,880,390,2023-10-28,1,277.03,15,UPI,235.48
1633,15,217,2023-12-06,1,132.19,0,Cash,132.19
1634,58,174,2024-08-09,5,53.4,10,PayPal,240.3
1635,795,144,2023-07-07,3,92.19,10,Card,248.91
1636,707,107,2024-10-04,2,341.96,10,PayPal,615.53
1637,919,488,2023-10-14,1,415.62,15,Cash,353.28
1638,27,93,2024-05-26,1,303.53,0,Cash,303.53
1639,225,191,2024-07-08,5,110.09,20,UPI,440.36
1640,707,303,2023-02-13,2,245.94,20,Card,393.5
1641,329,47,2023-08-05,4,240.8,15,Card,818.72
1642,732,68,2024-01-19,2,84.61,0,PayPal,169.22
1643,976,146,2023-05-29,3,328.44,10,PayPal,886.79
1644,335,391,2025-02-12,4,377.22,0,Cash,1508.88
1645,41,428,2024-03-20,5,331.3,0,Cash,1656.5
1646,334,214,2023-06-13,3,321.85,5,PayPal,917.27
1647,778,472,2024-01-03,4,31.99,5,Card,121.56
1648,432,201,2024-02-09,3,291.48,5,UPI,830.72
1649,417,244,2023-09-06,2,113.62,20,Cash,181.79
1650,72,330,2025-06-09,5,178.34,15,PayPal,757.95
1651,797,98,2025-05-26,5,397.83,20,Cash,1591.32
1652,535,266,2023-05-11,3,50.12,0,PayPal,150.36
1653,592,83,2024-09-16,5,444.41,15,Card,1888.74
1654,181,232,2023-11-20,2,389.79,20,Cash,623.66
1655,698,61,2025-03-08,3,251.67,5,Card,717.26
1656,327,150,2023-07-07,3,415.63,5,PayPal,1184.55
1657,356,462,2024-02-28,2,228.95,15,PayPal,389.21
1658,749,433,2024-09-23,1,217.57,20,Cash,174.06
1659,510,382,2024-03-16,1,155.69,10,PayPal,140.12
1660,409,149,2023-09-27,4,494.34,5,UPI,1878.49
1661,47,204,2023-06-23,3,77.39,10,Card,208.95
1662,678,394,2024-07-23,4,404.24,0,UPI,1616.96
1663,942,262,2024-09-05,2,220.0,0,PayPal,440.0
1664,465,90,2025-03-15,5,248.61,10,PayPal,1118.75
1665,123,480,2024-12-28,5,46.52,15,Card,197.71
1666,381,225,2024-11-12,2,212.94,0,PayPal,425.88
1667,717,178,2023-08-16,5,45.26,0,PayPal,226.3
1668,574,39,2024-02-28,1,96.9,5,Card,92.06
1669,224,199,2024-04-11,2,419.94,20,UPI,671.9
1670,366,123,2024-07-21,1,366.53,15,Card,311.55
1671,802,147,2025-04-11,4,275.8,5,UPI,1048.04
1672,780,451,2023-12-17,5,142.22,0,UPI,711.1
1673,826,257,2025-05-27,3,442.76,5,UPI,1261.87
1674,291,105,2023-06-15,3,297.38,15,Cash,758.32
1675,592,251,2025-02-18,4,283.53,15,UPI,964.0
1676,155,31,2023-03-01,4,211.61,20,Cash,677.15
1677,444,177,2023-01-29,3,358.8,5,PayPal,1022.58
1678,639,94,2024-10-11,2,121.89,5,Cash,231.59
1679,934,281,2023-01-20,2,327.4,5,Card,622.06
1680,150,246,2023-09-07,2,379.9,15,PayPal,645.83
1681,819,335,2023-09-13,2,347.92,15,Cash,591.46
1682,152,389,2025-05-09,1,489.62,10,PayPal,440.66
1683,823,269,2024-11-04,4,80.17,15,Card,272.58
1684,142,442,2024-09-13,3,294.16,0,PayPal,882.48
1685,586,196,2025-05-28,1,264.42,10,UPI,237.98
1686,566,327,2023-05-25,1,300.15,5,PayPal,285.14
1687,821,7,2023-02-24,2,224.0,0,UPI,448.0
1688,238,5,2025-02-21,5,181.31,15,PayPal,770.57
1689,486,157,2025-05-17,4,496.62,10,Cash,1787.83
1690,61,414,2024-02-12,2,200.59,15,Card,341.0
1691,394,183,2024-08-09,2,258.76,15,Card,439.89
1692,926,217,2024-01-25,3,445.6,0,PayPal,1336.8
1693,55,147,2023-09-25,4,190.47,0,Cash,761.88
1694,786,349,2023-01-22,1,465.94,10,Card,419.35
1695,302,218,2023-04-25,2,6.26,15,UPI,10.64
1696,598,170,2025-05-31,5,264.79,20,Card,1059.16
1697,566,337,2025-01-27,3,126.8,10,Cash,342.36
1698,283,395,2025-06-15,5,265.15,10,Cash,1193.17
1699,32,100,2024-06-17,3,443.81,10,PayPal,1198.29
1700,808,112,2024-01-12,4,135.3,0,PayPal,541.2
1701,440,117,2023-07-11,1,112.25,5,Cash,106.64
1702,572,7,2023-03-07,1,266.07,0,UPI,266.07
1703,441,244,2023-06-29,2,492.01,10,Cash,885.62
1704,852,407,2023-12-11,5,327.07,10,Card,1471.82
1705,502,72,2024-09-27,1,370.22,5,UPI,351.71
1706,712,487,2025-06-14,2,479.7,5,Card,911.43
1707,986,355,2025-02-19,5,81.99,10,PayPal,368.95
1708,182,158,2024-08-17,1,173.81,5,PayPal,165.12
1709,588,330,2024-07-30,2,275.94,20,PayPal,441.5
1710,642,424,2023-02-14,4,306.22,15,UPI,1041.15
1711,596,45,2024-02-09,1,171.98,20,UPI,137.58
1712,555,216,2024-12-29,4,313.79,10,PayPal,1129.64
1713,893,335,2024-05-11,1,481.55,0,PayPal,481.55
1714,293,178,2023-07-10,2,307.62,0,PayPal,615.24
1715,155,10,2025-03-05,5,317.34,15,PayPal,1348.69
1716,190,483,2023-07-08,3,117.97,15,PayPal,300.82
1717,418,80,2025-03-30,1,239.72,0,Cash,239.72
1718,542,65,2025-02-27,4,126.0,5,Cash,478.8
1719,622,236,2024-04-01,3,415.99,20,UPI,998.38
1720,348,261,2023-04-03,2,104.73,15,PayPal,178.04
1721,42,369,2024-02-18,1,441.01,5,Cash,418.96
1722,776,140,2025-01-28,5,149.54,10,PayPal,672.93
1723,309,102,2023-03-21,2,372.02,20,PayPal,595.23
1724,423,268,2025-06-03,3,341.41,5,PayPal,973.02
1725,640,340,2023-11-06,5,198.59,15,PayPal,844.01
1726,235,153,2025-01-20,1,207.49,5,UPI,197.12
1727,65,434,2025-06-05,5,346.89,15,PayPal,1474.28
1728,484,374,2024-03-31,3,216.89,0,PayPal,650.67
1729,309,443,2025-01-29,2,172.78,20,UPI,276.45
1730,837,451,2023-10-03,5,466.93,15,PayPal,1984.45
1731,777,97,2024-09-07,2,196.99,20,Card,315.18
1732,661,396,2023-01-03,4,130.23,20,UPI,416.74
1733,832,436,2024-07-31,4,61.04,10,Card,219.74
1734,161,276,2023-11-15,3,23.75,0,UPI,71.25
1735,385,419,2024-02-27,2,167.66,0,UPI,335.32
1736,516,315,2024-01-27,3,159.88,5,UPI,455.66
1737,991,490,2023-12-26,5,70.59,0,PayPal,352.95
1738,249,162,2023-12-19,2,418.02,0,Cash,836.04
1739,650,363,2024-12-06,5,298.58,0,PayPal,1492.9
1740,99,334,2023-07-31,2,251.38,0,Cash,502.76
1741,312,473,2023-03-20,1,365.81,20,Card,292.65
1742,537,127,2024-03-15,5,12.64,0,Card,63.2
1743,302,160,2024-04-22,3,49.11,5,UPI,139.96
1744,129,400,2025-06-14,3,359.31,5,PayPal,1024.03
1745,632,490,2024-04-04,4,416.4,15,Cash,1415.76
1746,372,313,2023-09-29,4,74.53,5,Cash,283.21
1747,543,199,2023-07-02,2,467.14,10,Card,840.85
1748,999,469,2023-06-28,1,125.26,20,Cash,100.21
1749,645,307,2024-12-17,2,284.78,20,PayPal,455.65
1750,603,92,2023-09-13,5,396.93,0,Cash,1984.65
1751,332,187,2023-12-18,5,463.31,15,PayPal,1969.07
1752,140,483,2024-08-25,3,467.81,0,PayPal,1403.43
1753,991,274,2024-09-03,5,87.78,10,Cash,395.01
1754,884,195,2023-07-02,5,443.28,15,PayPal,1883.94
1755,238,123,2023-11-07,4,84.93,10,Card,305.75
1756,852,296,2024-09-24,4,475.26,10,Cash,1710.94
1757,328,131,2024-02-15,5,416.53,20,Cash,1666.12
1758,863,450,2024-07-01,1,202.55,15,PayPal,172.17
1759,301,54,2024-06-16,3,59.1,15,UPI,150.71
1760,989,148,2023-06-03,4,311.93,5,Cash,1185.33
1761,559,317,2024-03-18,4,75.99,20,Cash,243.17
1762,142,34,2023-02-26,4,399.9,10,Cash,1439.64
1763,181,389,2025-03-31,4,262.85,5,PayPal,998.83
1764,580,454,2024-07-07,4,293.51,20,Cash,939.23
1765,216,348,2025-06-19,4,215.35,10,Cash,775.26
1766,720,113,2024-09-10,5,360.55,10,PayPal,1622.48
1767,695,85,2023-07-21,5,10.18,0,PayPal,50.9
1768,887,209,2025-03-07,5,9.73,0,Cash,48.65
1769,508,287,2024-12-18,1,213.62,5,UPI,202.94
1770,985,181,2024-05-09,5,181.37,15,UPI,770.82
1771,629,349,2025-02-25,2,81.3,0,UPI,162.6
1772,978,175,2023-04-30,2,298.08,10,PayPal,536.54
1773,705,66,2024-04-22,5,160.55,0,Cash,802.75
1774,661,293,2023-06-10,5,73.8,10,Cash,332.1
1775,911,183,2024-03-29,2,354.2,20,PayPal,566.72
1776,99,182,2024-02-07,1,217.99,10,Cash,196.19
1777,271,261,2024-06-07,2,365.37,0,PayPal,730.74
1778,891,256,2023-03-28,1,232.2,15,Card,197.37
1779,448,220,2023-08-15,4,495.79,0,UPI,1983.16
1780,117,492,2023-10-13,4,311.26,10,Cash,1120.54
1781,970,336,2024-04-24,5,77.5,20,Card,310.0
1782,504,328,2024-02-28,1,224.29,20,PayPal,179.43
1783,863,429,2024-05-01,5,411.85,15,PayPal,1750.36
1784,47,401,2023-01-28,1,442.65,0,Card,442.65
1785,527,88,2024-04-15,1,343.98,20,Cash,275.18
1786,284,94,2024-08-16,5,330.77,15,Card,1405.77
1787,286,247,2024-02-26,5,181.99,0,Card,909.95
1788,991,276,2024-03-05,5,259.56,20,PayPal,1038.24
1789,823,297,2025-06-11,4,361.66,20,Card,1157.31
1790,776,179,2024-06-03,3,223.18,0,PayPal,669.54
1791,970,322,2024-12-11,5,146.81,15,UPI,623.94
1792,418,51,2024-07-04,4,38.73,10,UPI,139.43
1793,421,463,2023-11-15,4,266.76,20,PayPal,853.63
1794,80,146,2024-11-30,4,262.57,0,PayPal,1050.28
1795,917,110,2024-01-05,4,131.51,0,PayPal,526.04
1796,305,211,2025-02-16,3,436.32,5,UPI,1243.51
1797,497,290,2024-07-27,2,13.49,20,Cash,21.58
1798,982,176,2024-08-12,1,394.61,10,Cash,355.15
1799,108,179,2024-04-16,1,337.83,20,PayPal,270.26
1800,511,485,2023-05-07,1,171.61,10,UPI,154.45
1801,650,164,2024-05-28,3,462.5,10,Cash,1248.75
1802,970,220,2023-08-05,4,373.69,0,Cash,1494.76
1803,758,290,2024-05-29,4,162.92,5,Cash,619.1
1804,661,456,2025-02-12,2,37.98,0,PayPal,75.96
1805,184,242,2023-09-28,1,295.93,15,PayPal,251.54
1806,953,403,2025-04-22,5,385.75,0,Card,1928.75
1807,144,131,2024-12-16,2,234.69,5,Card,445.91
1808,319,421,2023-05-27,2,420.51,15,Cash,714.87
1809,434,184,2023-03-06,3,451.84,0,PayPal,1355.52
1810,63,421,2024-03-11,5,254.91,20,UPI,1019.64
1811,528,75,2023-10-20,4,380.25,0,UPI,1521.0
1812,536,496,2024-10-13,1,368.3,5,Cash,349.88
1813,637,320,2024-01-28,1,458.54,10,PayPal,412.69
1814,423,286,2025-05-05,4,491.81,20,PayPal,1573.79
1815,709,478,2024-03-17,4,184.12,20,UPI,589.18
1816,140,14,2023-06-29,2,71.35,10,UPI,128.43
1817,9,329,2023-12-11,4,318.26,15,UPI,1082.08
1818,75,40,2024-01-12,2,454.5,10,Cash,818.1
1819,917,67,2023-03-15,5,36.4,0,UPI,182.0
1820,405,195,2023-05-05,5,467.4,5,Card,2220.15
1821,2,374,2025-03-03,4,385.52,0,UPI,1542.08
1822,373,103,2023-12-02,2,76.39,10,UPI,137.5
1823,667,84,2023-09-25,2,153.79,20,Card,246.06
1824,81,117,2025-05-15,5,389.23,15,UPI,1654.23
1825,344,237,2024-10-23,3,476.79,0,PayPal,1430.37
1826,819,366,2023-02-10,4,72.08,10,PayPal,259.49
1827,363,296,2023-09-16,3,396.37,15,PayPal,1010.74
1828,6,308,2023-11-09,1,460.23,15,UPI,391.2
1829,316,170,2024-10-26,2,274.66,15,UPI,466.92
1830,538,309,2023-03-11,5,299.89,5,Card,1424.48
1831,866,39,2025-03-08,1,94.21,20,PayPal,75.37
1832,568,254,2024-12-05,4,459.91,5,Card,1747.66
1833,560,206,2025-01-07,2,189.58,15,Card,322.29
1834,518,154,2024-03-14,2,318.73,0,UPI,637.46
1835,702,287,2024-08-04,2,111.63,20,Card,178.61
1836,261,465,2024-09-03,4,480.52,10,Card,1729.87
1837,52,132,2023-09-29,2,211.66,0,Card,423.32
1838,522,466,2025-03-12,2,433.41,10,PayPal,780.14
1839,188,452,2023-07-16,3,433.65,20,UPI,1040.76
1840,441,316,2024-07-16,1,106.75,5,UPI,101.41
1841,648,213,2023-11-02,2,296.83,5,UPI,563.98
1842,94,197,2025-04-13,4,399.49,20,Cash,1278.37
1843,353,307,2023-12-07,3,61.72,15,Cash,157.39
1844,127,81,2023-10-12,1,65.36,5,UPI,62.09
1845,680,132,2025-06-03,4,495.52,5,PayPal,1882.98
1846,763,376,2024-10-27,1,204.95,0,PayPal,204.95
1847,112,52,2023-09-17,3,498.79,20,Cash,1197.1
1848,223,90,2025-04-24,2,327.7,15,Cash,557.09
1849,691,63,2025-05-15,2,243.09,15,Cash,413.25
1850,100,220,2023-09-22,1,391.17,20,UPI,312.94
1851,269,222,2024-02-18,2,370.36,0,UPI,740.72
1852,179,302,2025-01-07,5,161.76,10,Cash,727.92
1853,37,54,2023-04-30,2,270.96,10,Card,487.73
1854,785,14,2023-05-29,5,208.06,10,UPI,936.27
1855,538,324,2024-01-07,3,439.28,15,PayPal,1120.16
1856,740,223,2024-04-06,5,180.91,5,PayPal,859.32
1857,978,125,2024-10-16,1,364.26,5,Cash,346.05
1858,489,403,2023-09-09,1,169.31,0,UPI,169.31
1859,708,379,2025-04-29,4,262.98,20,PayPal,841.54
1860,633,316,2023-09-14,1,322.0,5,PayPal,305.9
1861,560,130,2025-05-17,1,138.35,0,Card,138.35
1862,13,449,2025-06-11,4,477.76,20,PayPal,1528.83
1863,768,428,2024-03-14,2,184.99,10,Cash,332.98
1864,342,115,2025-04-16,2,266.69,10,Cash,480.04
1865,637,390,2023-07-19,5,313.81,5,UPI,1490.6
1866,893,230,2023-01-02,3,381.47,15,Card,972.75
1867,773,479,2023-05-02,5,178.06,10,UPI,801.27
1868,687,104,2024-06-06,3,318.71,0,Card,956.13
1869,550,11,2024-06-02,1,481.18,10,Cash,433.06
1870,135,95,2025-03-25,3,264.27,5,PayPal,753.17
1871,470,339,2025-06-16,2,55.84,10,PayPal,100.51
1872,241,478,2023-07-04,1,36.92,0,UPI,36.92
1873,274,248,2023-04-12,1,493.78,0,PayPal,493.78
1874,890,93,2023-06-02,1,161.95,0,Card,161.95
1875,738,198,2023-11-11,5,125.88,20,Card,503.52
1876,604,99,2023-01-04,2,372.49,15,UPI,633.23
1877,557,91,2024-12-22,5,77.47,15,UPI,329.25
1878,875,209,2024-05-14,3,353.9,10,UPI,955.53
1879,521,220,2023-01-07,2,50.26,5,Card,95.49
1880,994,32,2024-02-18,4,406.88,5,PayPal,1546.14
1881,956,494,2024-01-23,4,428.85,20,UPI,1372.32
1882,481,253,2025-05-24,2,167.08,15,Cash,284.04
1883,507,447,2023-11-24,4,39.51,20,Cash,126.43
1884,576,65,2023-05-26,1,445.38,15,UPI,378.57
1885,805,496,2024-10-05,3,249.84,10,Card,674.57
1886,681,248,2024-08-09,4,174.09,0,UPI,696.36
1887,981,409,2024-09-12,5,63.96,10,Cash,287.82
1888,762,343,2023-02-07,5,366.85,0,Card,1834.25
1889,287,358,2024-04-09,3,398.96,0,UPI,1196.88
1890,155,317,2023-09-05,3,416.4,15,Card,1061.82
1891,183,182,2024-09-24,2,220.03,15,Card,374.05
1892,989,101,2025-01-03,5,281.98,15,UPI,1198.41
1893,208,6,2023-08-14,2,223.42,15,PayPal,379.81
1894,538,395,2023-02-16,5,306.5,5,Cash,1455.88
1895,817,427,2025-03-23,4,80.66,10,Cash,290.38
1896,182,414,2025-03-26,5,413.21,10,Card,1859.44
1897,782,60,2025-03-21,5,316.42,5,Card,1503.0
1898,612,305,2023-05-19,2,129.22,10,PayPal,232.6
1899,600,336,2023-07-11,4,300.28,20,Cash,960.9
1900,338,358,2023-10-18,3,102.1,0,Card,306.3
1901,366,340,2025-05-16,2,82.1,0,Card,164.2
1902,735,270,2024-04-24,2,343.29,0,PayPal,686.58
1903,83,27,2025-06-19,2,126.1,15,PayPal,214.37
1904,117,275,2023-03-06,2,201.41,0,UPI,402.82
1905,257,156,2023-05-03,4,171.32,0,Cash,685.28
1906,20,27,2024-03-19,1,223.79,0,Cash,223.79
1907,856,219,2023-08-23,1,227.04,20,Card,181.63
1908,128,406,2023-10-01,2,462.96,5,UPI,879.62
1909,16,381,2024-02-10,2,101.92,15,UPI,173.26
1910,723,345,2024-06-12,3,269.55,15,Cash,687.35
1911,958,141,2025-02-27,5,130.8,20,Card,523.2
1912,161,305,2023-06-24,2,420.67,10,UPI,757.21
1913,500,210,2023-12-28,5,9.38,15,UPI,39.87
1914,7,97,2023-12-07,4,485.89,10,Card,1749.2
1915,314,443,2024-05-20,1,346.26,10,Card,311.63
1916,80,91,2025-01-31,4,401.35,5,UPI,1525.13
1917,239,14,2024-10-13,4,415.24,0,PayPal,1660.96
1918,317,225,2023-11-16,2,360.18,20,PayPal,576.29
1919,828,129,2024-01-02,1,78.65,0,Cash,78.65
1920,145,479,2023-03-01,1,6.29,0,Cash,6.29
1921,63,58,2025-04-29,5,305.21,0,UPI,1526.05
1922,642,441,2025-02-28,5,36.19,20,Cash,144.76
1923,506,361,2025-04-26,1,418.6,5,Card,397.67
1924,299,255,2023-12-07,5,495.13,5,PayPal,2351.87
1925,109,357,2023-04-27,5,346.44,15,Cash,1472.37
1926,220,37,2025-06-08,1,359.63,10,Cash,323.67
1927,215,104,2024-07-31,4,121.64,15,Card,413.58
1928,933,452,2023-11-09,5,72.98,0,Card,364.9
1929,165,51,2023-05-08,5,390.65,20,Card,1562.6
1930,973,191,2023-11-21,4,329.36,15,UPI,1119.82
1931,666,327,2023-01-31,5,260.03,15,Card,1105.13
1932,227,269,2025-04-08,3,359.58,15,Cash,916.93
1933,753,83,2023-01-13,1,173.48,10,Card,156.13
1934,636,375,2025-05-05,3,437.89,5,PayPal,1247.99
1935,510,249,2023-05-30,4,360.66,20,UPI,1154.11
1936,912,384,2023-03-09,3,34.67,15,Card,88.41
1937,730,275,2025-01-08,3,498.65,10,Cash,1346.35
1938,818,84,2023-09-08,5,177.91,20,UPI,711.64
1939,944,329,2025-03-21,4,355.58,20,PayPal,1137.86
1940,26,336,2024-06-29,3,423.78,0,Card,1271.34
1941,268,393,2024-12-21,3,74.98,15,UPI,191.2
1942,299,42,2024-03-22,5,249.2,5,UPI,1183.7
1943,215,465,2024-01-06,5,450.78,15,PayPal,1915.81
1944,241,483,2023-03-29,3,99.23,20,PayPal,238.15
1945,668,27,2024-05-15,4,412.14,0,UPI,1648.56
1946,874,179,2024-06-10,4,195.83,20,UPI,626.66
1947,569,412,2023-09-27,1,227.95,10,Card,205.16
1948,174,377,2024-07-29,2,135.42,15,Card,230.21
1949,818,71,2025-02-03,4,343.94,5,Card,1306.97
1950,87,215,2023-04-15,4,377.14,0,Cash,1508.56
1951,452,316,2023-07-28,4,163.09,10,PayPal,587.12
1952,808,384,2023-07-18,3,496.99,0,Cash,1490.97
1953,89,334,2025-03-11,5,317.7,0,PayPal,1588.5
1954,170,213,2023-05-02,3,52.95,0,UPI,158.85
1955,472,200,2024-10-30,5,302.81,15,Cash,1286.94
1956,40,183,2024-09-05,1,390.82,15,UPI,332.2
1957,367,212,2025-01-27,2,316.82,5,Cash,601.96
1958,882,357,2023-03-24,2,321.2,15,PayPal,546.04
1959,672,473,2024-06-09,3,119.0,10,PayPal,321.3
1960,659,126,2024-12-06,5,228.52,20,Cash,914.08
1961,910,460,2023-03-13,3,198.51,15,Card,506.2
1962,481,474,2024-10-25,4,235.2,20,PayPal,752.64
1963,100,361,2023-09-16,5,184.16,20,UPI,736.64
1964,854,144,2023-04-10,4,285.47,10,PayPal,1027.69
1965,323,3,2023-09-18,4,346.45,20,PayPal,1108.64
1966,200,235,2023-12-18,1,203.06,10,Cash,182.75
1967,851,48,2023-10-04,5,112.14,10,PayPal,504.63
1968,582,98,2025-04-18,1,465.91,5,UPI,442.61
1969,545,399,2023-06-27,1,430.04,20,UPI,344.03
1970,462,325,2025-03-26,2,39.76,5,Cash,75.54
1971,756,64,2025-01-16,1,134.84,20,Card,107.87
1972,568,239,2024-09-06,1,70.54,0,Card,70.54
1973,204,122,2023-11-12,1,266.95,20,Cash,213.56
1974,413,255,2025-02-09,3,264.82,15,UPI,675.29
1975,179,47,2024-02-23,4,179.75,5,Card,683.05
1976,661,239,2023-10-25,4,322.25,10,PayPal,1160.1
1977,948,54,2024-05-16,1,49.56,10,Cash,44.6
1978,998,102,2024-06-05,4,453.11,15,UPI,1540.57
1979,172,266,2024-02-25,2,230.07,20,UPI,368.11
1980,211,370,2023-09-02,5,268.22,20,UPI,1072.88
1981,627,170,2023-09-04,3,203.85,15,Cash,519.82
1982,37,300,2024-10-28,4,12.27,10,Card,44.17
1983,907,336,2025-06-05,1,295.04,15,PayPal,250.78
1984,846,394,2024-04-01,1,383.08,15,Cash,325.62
1985,876,86,2024-11-06,4,307.19,15,Cash,1044.45
1986,342,40,2024-01-22,2,499.54,5,PayPal,949.13
1987,534,94,2023-05-23,2,250.36,10,PayPal,450.65
1988,253,444,2024-04-09,4,196.13,15,Cash,666.84
1989,303,399,2024-09-24,1,159.61,15,Cash,135.67
1990,131,125,2024-06-12,3,6.51,0,PayPal,19.53
1991,295,204,2023-11-28,1,496.73,0,Cash,496.73
1992,752,355,2023-09-22,2,371.91,0,Cash,743.82
1993,83,193,2024-11-07,5,215.09,20,UPI,860.36
1994,59,464,2023-12-14,1,472.33,15,Card,401.48
1995,784,184,2023-09-04,2,61.07,5,PayPal,116.03
1996,295,161,2025-01-20,3,30.61,20,UPI,73.46
1997,76,92,2023-02-01,1,13.21,0,PayPal,13.21
1998,921,179,2023-09-29,3,453.04,10,Card,1223.21
1999,727,462,2024-03-18,1,481.63,10,Cash,433.47
2000,29,148,2024-08-19,1,8.17,20,Cash,6.54
2001,112,66,2023-09-15,5,226.2,5,Cash,1074.45
2002,43,372,2025-05-20,1,381.52,5,Cash,362.44
2003,942,201,2023-09-10,4,312.9,10,Card,1126.44
2004,487,23,2025-05-28,1,204.97,20,Cash,163.98
2005,879,213,2025-01-06,3,267.24,15,PayPal,681.46
2006,16,236,2024-08-10,1,132.43,5,Card,125.81
2007,819,441,2023-06-07,3,101.25,5,PayPal,288.56
2008,913,239,2024-09-07,4,345.8,5,UPI,1314.04
2009,805,349,2023-03-17,3,240.54,0,Cash,721.62
2010,94,118,2025-04-18,2,120.67,20,UPI,193.07
2011,111,182,2024-06-04,2,470.64,15,PayPal,800.09
2012,786,123,2023-05-14,4,415.47,5,Cash,1578.79
2013,928,25,2024-01-09,2,370.69,0,Cash,741.38
2014,245,39,2025-06-17,1,484.3,5,PayPal,460.08
2015,526,406,2023-03-10,4,304.74,0,Cash,1218.96
2016,389,444,2024-10-19,4,261.08,20,Card,835.46
2017,54,181,2024-01-09,2,255.1,5,PayPal,484.69
2018,415,118,2024-10-13,5,366.39,20,PayPal,1465.56
2019,804,40,2023-07-19,2,427.95,20,Card,684.72
2020,235,433,2024-04-24,5,424.91,15,UPI,1805.87
2021,7,344,2023-05-18,1,472.37,0,UPI,472.37
2022,912,357,2024-11-06,3,352.69,5,Card,1005.17
2023,642,425,2024-01-01,1,425.7,10,UPI,383.13
2024,412,65,2023-05-26,4,255.89,10,Cash,921.2
2025,200,166,2023-12-15,2,86.85,10,Cash,156.33
2026,796,362,2024-08-21,5,388.98,10,Card,1750.41
2027,846,165,2024-12-17,3,321.55,20,PayPal,771.72
2028,767,162,2024-06-23,5,355.32,0,Card,1776.6
2029,933,242,2024-09-09,2,365.93,20,PayPal,585.49
2030,233,208,2024-01-08,3,300.48,5,Cash,856.37
2031,356,296,2023-12-29,2,445.26,10,UPI,801.47
2032,481,184,2025-02-08,1,163.77,15,PayPal,139.2
2033,897,239,2023-04-01,2,393.54,15,Cash,669.02
2034,952,153,2023-01-27,3,211.91,10,PayPal,572.16
2035,818,300,2024-01-03,5,453.84,0,PayPal,2269.2
2036,188,452,2024-10-12,2,225.19,10,UPI,405.34
2037,88,84,2024-01-08,3,214.48,20,PayPal,514.75
2038,690,172,2023-01-11,2,176.08,20,Card,281.73
2039,733,359,2025-02-15,3,298.58,10,UPI,806.17
2040,283,57,2024-08-06,4,240.1,0,PayPal,960.4
2041,945,397,2023-04-19,2,143.66,15,Cash,244.22
2042,71,5,2025-06-18,2,85.58,0,Cash,171.16
2043,89,187,2025-04-05,2,339.17,5,UPI,644.42
2044,623,457,2023-04-01,5,315.59,20,Card,1262.36
2045,552,421,2025-01-03,3,268.22,20,UPI,643.73
2046,372,339,2023-03-20,3,240.79,10,Cash,650.13
2047,496,300,2025-05-18,1,158.77,5,PayPal,150.83
2048,255,45,2023-11-11,3,277.71,15,PayPal,708.16
2049,902,64,2024-07-03,2,417.08,0,Cash,834.16
2050,527,111,2024-05-23,5,411.16,20,PayPal,1644.64
2051,113,208,2023-10-20,3,253.82,15,UPI,647.24
2052,812,340,2024-03-06,3,489.66,15,Card,1248.63
2053,514,24,2023-09-05,4,329.49,0,Cash,1317.96
2054,478,196,2025-05-20,2,64.88,20,UPI,103.81
2055,1,278,2023-04-25,3,26.76,5,PayPal,76.27
2056,186,341,2023-08-26,4,485.04,15,Card,1649.14
2057,58,199,2024-08-06,3,353.3,5,Card,1006.91
2058,117,9,2024-05-13,1,302.8,0,UPI,302.8
2059,430,226,2024-01-15,3,426.86,10,Card,1152.52
2060,102,360,2025-05-19,4,450.19,0,Cash,1800.76
2061,491,21,2025-05-11,5,120.16,0,UPI,600.8
2062,650,367,2024-12-02,1,136.92,5,UPI,130.07
2063,232,52,2024-05-01,1,159.47,20,Cash,127.58
2064,843,224,2023-01-29,4,217.24,5,PayPal,825.51
2065,145,34,2024-03-27,4,179.82,20,PayPal,575.42
2066,936,469,2024-05-25,4,85.16,5,Cash,323.61
2067,193,231,2024-06-26,5,220.84,20,PayPal,883.36
2068,552,36,2023-10-22,2,102.53,5,PayPal,194.81
2069,934,147,2023-10-23,5,153.75,15,UPI,653.44
2070,809,366,2025-04-24,4,232.28,20,PayPal,743.3
2071,469,195,2025-03-26,2,99.31,5,UPI,188.69
2072,213,499,2025-04-01,4,208.48,20,Card,667.14
2073,320,212,2024-04-16,2,424.43,0,PayPal,848.86
2074,525,145,2023-12-23,2,464.64,5,PayPal,882.82
2075,996,458,2024-04-27,4,138.17,10,PayPal,497.41
2076,765,131,2024-10-18,2,32.05,5,PayPal,60.89
2077,356,360,2023-08-13,2,123.01,10,PayPal,221.42
2078,230,371,2024-10-27,1,365.98,0,PayPal,365.98
2079,477,309,2024-05-06,3,200.24,15,Cash,510.61
2080,774,187,2024-01-16,3,32.55,15,Cash,83.0
2081,679,456,2024-04-16,2,163.64,15,Card,278.19
2082,442,104,2023-06-14,3,169.99,10,Cash,458.97
2083,780,189,2024-10-02,4,228.34,15,PayPal,776.36
2084,852,220,2023-05-21,4,202.53,0,PayPal,810.12
2085,266,451,2023-12-31,5,492.61,10,Card,2216.75
2086,232,166,2024-08-21,1,276.84,0,Card,276.84
2087,915,73,2023-02-03,4,149.25,20,Cash,477.6
2088,576,247,2023-09-08,5,352.04,15,Cash,1496.17
2089,551,408,2024-10-28,5,328.54,5,Cash,1560.57
2090,547,271,2024-11-29,2,145.42,20,UPI,232.67
2091,54,50,2024-07-16,5,324.22,15,PayPal,1377.94
2092,628,372,2023-03-27,1,306.4,15,Card,260.44
2093,889,451,2024-03-14,3,437.85,0,UPI,1313.55
2094,767,453,2025-03-05,1,272.4,5,Cash,258.78
2095,366,497,2023-05-09,2,129.45,0,PayPal,258.9
2096,384,456,2024-11-10,1,264.44,0,UPI,264.44
2097,108,104,2024-10-16,5,258.34,0,Card,1291.7
2098,449,194,2024-07-08,5,44.22,10,PayPal,198.99
2099,161,54,2024-08-02,3,205.44,15,PayPal,523.87
2100,895,304,2023-01-14,5,147.0,10,Card,661.5
2101,589,35,2023-07-16,3,146.61,20,UPI,351.86
2102,763,248,2023-04-14,3,450.35,5,PayPal,1283.5
2103,207,78,2023-02-05,2,234.19,10,Card,421.54
2104,451,224,2023-01-30,2,315.29,0,Card,630.58
2105,268,207,2025-02-03,1,342.16,0,PayPal,342.16
2106,912,256,2023-08-16,5,371.52,0,Card,1857.6
2107,165,82,2023-06-13,2,241.89,20,Cash,387.02
2108,104,489,2024-12-21,2,259.28,0,Card,518.56
2109,361,114,2024-12-10,4,269.01,5,UPI,1022.24
2110,172,140,2023-03-13,2,317.59,5,PayPal,603.42
2111,235,378,2023-06-07,2,401.13,0,UPI,802.26
2112,268,110,2025-05-13,4,409.42,15,Card,1392.03
2113,321,258,2024-07-02,1,30.26,15,UPI,25.72
2114,922,28,2024-08-16,4,62.54,5,PayPal,237.65
2115,518,205,2023-01-10,5,132.76,20,Cash,531.04
2116,856,68,2024-06-08,4,352.4,15,UPI,1198.16
2117,374,19,2023-03-18,2,246.74,10,Card,444.13
2118,994,70,2024-05-27,3,467.82,0,PayPal,1403.46
2119,286,243,2024-12-11,5,416.25,20,Cash,1665.0
2120,572,111,2024-07-02,5,108.67,20,UPI,434.68
2121,32,107,2024-05-23,1,120.57,5,Card,114.54
2122,250,347,2024-03-29,4,116.11,5,Card,441.22
2123,74,444,2023-10-23,1,419.77,0,Card,419.77
2124,89,133,2023-11-29,2,266.39,10,UPI,479.5
2125,92,176,2024-03-12,5,137.46,15,Card,584.21
2126,499,214,2024-10-21,1,241.12,0,Cash,241.12
2127,535,373,2024-02-19,2,187.61,5,UPI,356.46
2128,617,61,2023-06-24,3,164.11,10,PayPal,443.1
2129,997,423,2024-06-18,3,106.41,10,UPI,287.31
2130,915,98,2023-03-23,1,95.5,15,UPI,81.17
2131,218,273,2025-03-22,5,424.48,15,UPI,1804.04
2132,901,293,2023-12-04,1,168.68,5,Cash,160.25
2133,723,457,2024-08-13,2,125.73,15,PayPal,213.74
2134,632,186,2023-11-17,1,25.01,5,PayPal,23.76
2135,853,25,2024-12-15,3,213.87,20,Card,513.29
2136,108,375,2024-07-16,2,282.83,0,Cash,565.66
2137,422,193,2024-10-18,3,273.4,20,Card,656.16
2138,181,45,2023-09-16,2,317.56,5,PayPal,603.36
2139,785,239,2023-11-15,3,51.32,10,Card,138.56
2140,740,60,2023-06-23,3,287.73,15,PayPal,733.71
2141,69,350,2025-06-19,4,408.1,0,Card,1632.4
2142,53,491,2024-10-22,1,371.39,20,PayPal,297.11
2143,388,88,2024-06-07,3,209.29,20,UPI,502.3
2144,598,53,2024-04-02,5,288.62,10,UPI,1298.79
2145,577,168,2023-07-02,4,452.75,20,Cash,1448.8
2146,712,21,2024-07-15,5,190.85,5,Cash,906.54
2147,76,286,2024-07-27,2,137.91,15,Card,234.45
2148,978,389,2025-04-25,1,318.19,15,Card,270.46
2149,391,231,2023-03-16,2,319.9,20,Cash,511.84
2150,368,257,2024-06-06,4,199.78,20,UPI,639.3
2151,584,373,2024-05-13,3,59.2,20,Cash,142.08
2152,282,290,2023-06-23,5,209.26,15,Cash,889.35
2153,214,3,2024-07-04,3,296.02,15,Card,754.85
2154,565,99,2023-10-20,1,476.93,0,Cash,476.93
2155,960,341,2024-11-30,2,17.79,20,PayPal,28.46
2156,771,160,2024-08-29,1,379.59,5,Cash,360.61
2157,3,228,2023-01-18,2,141.34,15,Card,240.28
2158,496,468,2024-07-10,2,264.99,0,Card,529.98
2159,101,201,2024-12-24,4,50.07,20,Cash,160.22
2160,281,423,2025-06-01,4,214.01,0,Card,856.04
2161,174,84,2023-01-01,2,405.75,20,PayPal,649.2
2162,132,400,2024-11-27,2,9.32,15,Card,15.84
2163,604,158,2025-01-10,1,395.31,0,PayPal,395.31
2164,860,52,2024-04-19,5,264.88,20,Card,1059.52
2165,971,142,2024-10-22,5,224.74,10,UPI,1011.33
2166,317,456,2024-04-22,5,416.41,20,Cash,1665.64
2167,386,269,2024-11-06,3,397.81,0,Card,1193.43
2168,826,352,2023-04-30,3,110.45,20,Cash,265.08
2169,647,231,2024-12-17,4,69.26,20,PayPal,221.63
2170,410,354,2024-08-05,3,17.48,20,Card,41.95
2171,638,224,2023-04-02,3,411.92,15,Cash,1050.4
2172,775,392,2023-07-14,4,158.07,0,Card,632.28
2173,191,204,2024-12-01,3,141.75,10,Card,382.73
2174,233,244,2025-01-24,2,386.05,5,Card,733.5
2175,227,234,2025-05-24,1,232.59,20,UPI,186.07
2176,762,217,2023-02-13,3,319.56,10,Cash,862.81
2177,400,418,2023-11-28,1,173.7,10,Card,156.33
2178,413,494,2024-11-24,4,432.03,5,Cash,1641.71
2179,56,40,2023-04-29,3,68.78,10,Cash,185.71
2180,37,79,2023-10-22,5,419.72,10,PayPal,1888.74
2181,966,206,2023-07-20,2,118.23,20,UPI,189.17
2182,460,182,2023-02-04,5,423.84,5,PayPal,2013.24
2183,798,113,2025-06-15,1,394.82,0,Cash,394.82
2184,176,159,2023-05-13,4,357.51,10,UPI,1287.04
2185,855,391,2025-06-13,5,122.46,15,UPI,520.45
2186,316,323,2023-02-19,3,135.83,10,PayPal,366.74
2187,876,269,2024-10-12,3,472.64,5,PayPal,1347.02
2188,595,9,2023-11-23,4,233.89,0,PayPal,935.56
2189,750,482,2024-08-31,2,60.6,15,Card,103.02
2190,714,160,2023-03-03,2,132.42,5,Card,251.6
2191,339,298,2023-03-03,1,256.76,10,PayPal,231.08
2192,448,37,2024-11-20,2,475.67,0,UPI,951.34
2193,336,336,2024-10-08,1,364.63,10,Cash,328.17
2194,100,455,2024-06-25,3,478.84,5,Cash,1364.69
2195,902,211,2023-03-12,3,80.77,5,PayPal,230.19
2196,84,151,2023-05-31,1,35.47,0,Cash,35.47
2197,635,132,2023-02-10,3,201.04,10,Cash,542.81
2198,995,266,2024-07-20,2,142.64,5,Cash,271.02
2199,619,221,2024-10-24,5,475.03,15,UPI,2018.88
2200,42,499,2024-09-26,5,269.12,10,UPI,1211.04
2201,257,385,2025-02-28,1,212.79,5,PayPal,202.15
2202,665,5,2025-06-14,2,454.82,10,UPI,818.68
2203,611,37,2023-09-07,4,251.77,10,Cash,906.37
2204,840,497,2024-07-27,4,135.67,5,Cash,515.55
2205,185,264,2024-08-24,3,96.46,10,PayPal,260.44
2206,833,212,2023-06-22,5,137.1,20,UPI,548.4
2207,373,215,2025-01-18,2,443.08,0,Cash,886.16
2208,227,286,2024-05-26,1,208.15,0,Cash,208.15
2209,338,202,2023-07-05,3,291.8,0,Cash,875.4
2210,104,334,2025-05-10,1,137.64,15,PayPal,116.99
2211,503,329,2025-02-23,3,250.85,20,PayPal,602.04
2212,360,94,2023-02-05,1,497.26,10,Cash,447.53
2213,479,114,2024-10-19,4,213.72,15,UPI,726.65
2214,315,249,2025-01-05,3,45.5,0,Cash,136.5
2215,239,74,2023-12-27,3,375.95,5,Card,1071.46
2216,58,47,2025-01-06,1,110.18,5,Card,104.67
2217,607,448,2024-06-10,5,310.5,15,UPI,1319.62
2218,592,303,2023-08-11,4,484.89,15,PayPal,1648.63
2219,639,405,2024-03-24,5,195.17,0,UPI,975.85
2220,322,319,2024-06-11,1,277.43,5,Card,263.56
2221,279,140,2024-10-08,1,261.07,20,Card,208.86
2222,946,351,2024-01-09,5,370.44,0,Cash,1852.2
2223,392,12,2023-11-24,1,129.57,20,UPI,103.66
2224,522,201,2024-04-28,5,281.96,5,Card,1339.31
2225,356,101,2024-01-24,2,158.66,20,PayPal,253.86
2226,95,234,2025-03-26,5,259.36,10,UPI,1167.12
2227,104,204,2024-07-21,4,271.52,0,Card,1086.08
2228,824,155,2024-04-26,2,407.02,20,UPI,651.23
2229,460,23,2023-03-20,3,359.57,10,Card,970.84
2230,471,440,2023-08-04,2,229.31,10,PayPal,412.76
2231,468,54,2023-09-14,3,466.2,5,UPI,1328.67
2232,395,94,2023-02-04,2,251.75,0,PayPal,503.5
2233,743,209,2024-10-29,5,272.66,20,Card,1090.64
2234,194,228,2024-01-15,3,90.63,20,PayPal,217.51
2235,500,235,2023-02-17,3,32.55,5,UPI,92.77
2236,689,288,2024-03-01,2,222.57,20,Card,356.11
2237,658,221,2024-06-16,5,305.71,20,PayPal,1222.84
2238,888,33,2023-03-23,1,361.12,20,Card,288.9
2239,584,250,2023-08-31,3,87.07,10,UPI,235.09
2240,646,113,2024-09-29,1,96.4,10,Card,86.76
2241,458,486,2024-02-23,3,358.04,0,Cash,1074.12
2242,569,446,2025-03-15,3,496.16,5,PayPal,1414.06
2243,76,57,2024-09-28,2,292.52,15,UPI,497.28
2244,645,256,2023-09-12,4,16.53,0,Cash,66.12
2245,624,372,2023-12-21,3,38.42,20,Card,92.21
2246,561,227,2024-03-11,3,100.9,15,Cash,257.3
2247,487,483,2023-05-28,1,311.31,0,UPI,311.31
2248,106,6,2025-03-30,1,86.45,0,UPI,86.45
2249,671,273,2025-04-27,2,253.02,5,UPI,480.74
2250,772,427,2025-06-17,1,161.02,15,Card,136.87
2251,235,242,2023-05-05,2,125.25,10,UPI,225.45
2252,468,181,2024-07-08,5,478.83,20,UPI,1915.32
2253,337,291,2023-12-29,3,139.16,20,Cash,333.98
2254,400,287,2023-03-13,5,279.12,20,Card,1116.48
2255,421,245,2024-10-07,5,97.33,20,Card,389.32
2256,324,291,2023-11-25,3,63.37,0,Cash,190.11
2257,250,214,2023-06-08,3,416.8,10,Card,1125.36
2258,735,486,2023-05-06,2,210.03,15,PayPal,357.05
2259,170,109,2023-02-13,5,428.86,0,Card,2144.3
2260,547,247,2024-09-19,2,308.62,0,PayPal,617.24
2261,802,265,2024-08-16,4,435.14,0,PayPal,1740.56
2262,311,18,2023-11-28,1,192.04,20,Card,153.63
2263,136,334,2025-01-29,5,427.86,15,Cash,1818.41
2264,354,162,2023-02-28,2,339.38,20,Cash,543.01
2265,899,161,2023-07-02,5,428.88,0,Card,2144.4
2266,492,300,2023-04-07,4,216.7,15,Cash,736.78
2267,208,378,2023-07-24,3,298.39,15,Cash,760.89
2268,156,43,2025-03-21,2,419.92,0,PayPal,839.84
2269,696,402,2024-07-26,1,451.58,15,Cash,383.84
2270,823,282,2024-04-11,1,444.7,20,Card,355.76
2271,286,424,2024-09-01,3,419.02,0,Cash,1257.06
2272,466,490,2023-05-29,2,226.64,5,UPI,430.62
2273,887,374,2024-06-13,1,186.88,20,Cash,149.5
2274,186,213,2023-12-23,1,173.54,0,UPI,173.54
2275,546,445,2023-09-19,1,293.22,5,PayPal,278.56
2276,62,135,2023-11-24,3,204.48,15,Card,521.42
2277,239,344,2023-09-18,4,91.54,10,Cash,329.54
2278,112,100,2023-06-17,1,211.91,15,UPI,180.12
2279,940,254,2023-07-02,3,297.47,0,Cash,892.41
2280,273,211,2025-04-27,4,479.98,5,PayPal,1823.92
2281,994,148,2023-09-18,2,194.32,20,Cash,310.91
2282,376,196,2024-11-19,2,151.38,15,PayPal,257.35
2283,348,421,2023-05-21,2,112.18,0,UPI,224.36
2284,171,147,2023-01-12,1,130.65,5,PayPal,124.12
2285,512,292,2023-05-27,1,24.14,0,PayPal,24.14
2286,996,242,2023-08-24,5,420.18,15,UPI,1785.77
2287,718,480,2023-01-26,5,282.71,5,Card,1342.87
2288,200,206,2024-05-12,2,390.59,0,PayPal,781.18
2289,272,316,2024-09-25,4,257.98,10,Cash,928.73
2290,275,62,2024-01-08,2,290.54,20,PayPal,464.86
2291,240,54,2025-05-04,4,129.23,20,Cash,413.54
2292,863,424,2024-05-06,4,209.3,5,Card,795.34
2293,250,448,2025-04-28,5,188.54,20,Card,754.16
2294,189,189,2024-01-25,2,38.6,5,Card,73.34
2295,31,254,2025-03-27,2,106.24,0,Cash,212.48
2296,920,12,2025-06-15,4,401.76,20,Card,1285.63
2297,96,36,2023-05-13,5,305.17,10,PayPal,1373.27
2298,966,75,2023-12-24,4,140.06,10,Card,504.22
2299,634,404,2024-07-03,5,430.25,5,Card,2043.69
2300,650,226,2024-09-10,3,257.33,0,Card,771.99
2301,440,401,2023-12-06,4,301.64,20,PayPal,965.25
2302,275,2,2024-04-06,1,118.7,10,Card,106.83
2303,785,480,2023-07-24,4,478.85,20,UPI,1532.32
2304,328,318,2023-12-11,4,432.66,0,PayPal,1730.64
2305,437,434,2024-12-12,5,33.28,15,PayPal,141.44
2306,5,65,2023-12-05,1,19.4,5,Card,18.43
2307,84,487,2023-02-22,1,319.53,0,Card,319.53
2308,164,145,2024-10-27,4,121.57,5,PayPal,461.97
2309,816,449,2023-04-04,1,220.96,10,Card,198.86
2310,152,394,2024-08-23,3,236.85,20,UPI,568.44
2311,574,119,2023-01-27,4,45.33,15,Card,154.12
2312,376,211,2023-05-28,1,29.47,0,Card,29.47
2313,757,335,2024-07-29,3,342.12,20,UPI,821.09
2314,5,52,2023-11-04,5,444.49,15,PayPal,1889.08
2315,282,188,2023-02-16,3,465.16,0,Card,1395.48
2316,496,232,2024-06-24,2,286.33,20,PayPal,458.13
2317,822,421,2024-05-26,4,332.03,20,Cash,1062.5
2318,812,326,2023-06-22,1,379.05,0,UPI,379.05
2319,178,76,2024-10-07,3,253.86,20,PayPal,609.26
2320,68,498,2023-09-21,5,277.63,0,Cash,1388.15
2321,63,111,2023-10-02,3,40.62,5,UPI,115.77
2322,678,12,2023-03-07,2,311.08,0,Card,622.16
2323,293,406,2024-07-01,2,90.14,20,Cash,144.22
2324,405,479,2023-01-16,2,453.64,15,Card,771.19
2325,674,26,2024-05-15,4,423.95,0,Cash,1695.8
2326,852,324,2025-04-06,5,261.31,15,UPI,1110.57
2327,230,237,2023-08-13,5,64.79,0,UPI,323.95
2328,406,205,2024-12-07,2,423.76,0,Card,847.52
2329,544,159,2023-09-19,5,368.93,15,PayPal,1567.95
2330,81,324,2024-10-09,2,40.1,0,PayPal,80.2
2331,657,183,2025-06-02,1,262.05,10,PayPal,235.85
2332,68,341,2024-12-27,4,496.61,0,PayPal,1986.44
2333,270,323,2024-11-16,2,485.4,10,Cash,873.72
2334,525,434,2023-11-25,4,39.37,0,PayPal,157.48
2335,979,321,2025-04-30,4,244.01,15,Cash,829.63
2336,568,109,2025-04-04,5,429.18,10,PayPal,1931.31
2337,321,86,2023-10-26,2,161.74,15,UPI,274.96
2338,767,69,2024-07-30,1,45.85,0,Card,45.85
2339,402,233,2025-05-13,3,415.44,20,Cash,997.06
2340,821,40,2023-01-27,1,223.54,15,Card,190.01
2341,658,260,2023-08-05,1,285.04,20,PayPal,228.03
2342,498,187,2024-12-19,5,363.45,10,PayPal,1635.53
2343,46,193,2024-06-08,3,136.89,10,PayPal,369.6
2344,298,374,2023-04-07,1,396.92,0,PayPal,396.92
2345,326,179,2024-10-27,2,364.68,5,Card,692.89
2346,732,88,2023-08-23,1,64.24,10,PayPal,57.82
2347,544,276,2023-04-27,2,219.37,20,UPI,350.99
2348,763,356,2024-07-29,3,261.03,10,Cash,704.78
2349,163,197,2023-12-09,1,80.39,0,PayPal,80.39
2350,454,177,2024-08-30,3,309.79,15,Cash,789.96
2351,625,167,2023-08-15,1,225.73,15,Cash,191.87
2352,735,151,2024-11-14,1,291.5,10,PayPal,262.35
2353,341,91,2025-06-11,5,333.68,20,Cash,1334.72
2354,894,219,2024-10-08,4,492.27,20,PayPal,1575.26
2355,464,105,2023-06-12,4,280.05,20,Card,896.16
2356,11,29,2024-09-29,3,293.29,10,PayPal,791.88
2357,635,101,2023-03-28,3,429.76,10,UPI,1160.35
2358,467,41,2023-03-20,5,92.77,15,Card,394.27
2359,821,231,2025-03-02,1,419.2,10,PayPal,377.28
2360,554,241,2023-08-16,1,100.11,5,UPI,95.1
2361,93,270,2023-06-12,2,280.32,20,Card,448.51
2362,993,278,2023-12-30,1,193.44,0,PayPal,193.44
2363,212,51,2024-05-04,5,223.62,5,UPI,1062.19
2364,808,176,2024-12-20,3,176.81,0,UPI,530.43
2365,611,324,2025-03-03,3,81.71,10,Cash,220.62
2366,855,492,2023-12-18,1,159.64,20,Cash,127.71
2367,410,339,2023-07-03,4,421.18,5,Card,1600.48
2368,402,423,2024-02-13,3,228.86,0,PayPal,686.58
2369,28,396,2024-12-23,2,427.7,20,PayPal,684.32
2370,887,343,2024-07-21,3,338.85,20,PayPal,813.24
2371,891,377,2024-05-06,2,340.97,0,Cash,681.94
2372,525,206,2023-01-07,3,465.08,5,Card,1325.48
2373,803,19,2023-10-19,3,378.19,15,Cash,964.38
2374,661,218,2024-10-01,3,194.59,15,UPI,496.2
2375,314,475,2024-03-06,5,246.2,5,UPI,1169.45
2376,740,260,2025-04-01,5,450.15,10,PayPal,2025.67
2377,4,415,2023-08-08,3,459.88,20,UPI,1103.71
2378,974,289,2024-03-11,3,376.25,20,PayPal,903.0
2379,922,28,2024-02-09,5,146.12,5,Card,694.07
2380,21,455,2025-01-14,4,449.17,10,UPI,1617.01
2381,803,210,2025-01-21,4,26.52,5,Cash,100.78
2382,917,13,2023-01-25,5,20.95,5,UPI,99.51
2383,921,60,2024-05-15,3,388.38,20,Card,932.11
2384,215,307,2023-08-10,5,220.78,15,Card,938.32
2385,436,429,2023-10-27,4,123.69,10,UPI,445.28
2386,568,302,2023-07-07,3,466.88,0,UPI,1400.64
2387,567,358,2023-11-19,5,259.36,0,UPI,1296.8
2388,861,88,2024-11-01,2,262.24,5,PayPal,498.26
2389,494,231,2023-09-19,5,283.1,10,Card,1273.95
2390,320,212,2024-04-29,3,38.39,5,Cash,109.41
2391,784,170,2024-10-12,2,229.9,20,UPI,367.84
2392,911,492,2024-04-24,5,351.5,0,UPI,1757.5
2393,273,181,2025-06-17,4,297.82,0,Cash,1191.28
2394,426,218,2024-02-12,4,449.84,0,Cash,1799.36
2395,351,72,2023-10-24,2,244.41,10,Cash,439.94
2396,729,191,2025-04-09,2,74.44,5,UPI,141.44
2397,544,248,2024-11-18,1,164.89,10,UPI,148.4
2398,938,268,2023-04-22,3,102.91,15,Card,262.42
2399,361,351,2024-06-04,2,168.4,0,UPI,336.8
2400,846,54,2025-03-28,5,137.24,20,PayPal,548.96
2401,459,358,2024-06-12,4,274.85,20,Cash,879.52
2402,905,141,2025-05-11,5,263.55,15,PayPal,1120.09
2403,904,201,2025-05-11,5,159.92,15,PayPal,679.66
2404,998,77,2024-07-19,1,134.98,5,UPI,128.23
2405,392,28,2023-08-06,3,432.41,0,Card,1297.23
2406,843,92,2023-07-17,1,218.13,5,Cash,207.22
2407,640,110,2025-04-15,4,82.42,10,UPI,296.71
2408,914,203,2024-11-04,1,436.72,20,Cash,349.38
2409,701,287,2023-05-08,2,154.0,15,PayPal,261.8
2410,797,348,2024-08-13,5,357.58,20,PayPal,1430.32
2411,608,440,2023-04-12,5,59.36,5,PayPal,281.96
2412,468,116,2025-05-18,3,239.36,20,Cash,574.46
2413,581,316,2025-04-05,3,129.82,0,PayPal,389.46
2414,424,78,2024-02-18,1,345.76,5,Cash,328.47
2415,947,224,2024-03-03,1,220.59,10,PayPal,198.53
2416,113,19,2023-03-26,3,405.32,10,Cash,1094.36
2417,883,410,2023-07-19,1,281.39,15,UPI,239.18
2418,897,472,2023-04-06,4,231.43,10,PayPal,833.15
2419,266,183,2023-04-22,5,140.5,20,Card,562.0
2420,250,294,2023-02-21,3,96.34,15,Card,245.67
2421,56,32,2025-02-19,5,253.22,10,Cash,1139.49
2422,398,490,2023-11-13,5,323.8,5,UPI,1538.05
2423,151,174,2024-03-02,1,329.96,10,UPI,296.96
2424,849,242,2024-11-27,3,476.84,15,UPI,1215.94
2425,376,329,2023-10-21,5,328.77,5,Cash,1561.66
2426,657,187,2024-02-04,1,488.15,15,PayPal,414.93
2427,706,323,2024-01-14,5,314.34,15,UPI,1335.94
2428,247,458,2024-07-29,1,62.68,5,Card,59.55
2429,305,41,2024-01-18,1,227.95,20,PayPal,182.36
2430,935,180,2024-07-14,4,88.75,15,Cash,301.75
2431,902,7,2024-11-26,5,120.27,0,UPI,601.35
2432,14,336,2024-11-28,3,315.76,5,PayPal,899.92
2433,605,227,2024-03-05,4,81.14,15,PayPal,275.88
2434,296,246,2024-10-22,1,179.83,0,Cash,179.83
2435,819,121,2024-05-03,5,276.43,5,Card,1313.04
2436,866,435,2023-04-22,1,259.01,15,Card,220.16
2437,303,199,2025-03-01,1,299.25,20,UPI,239.4
2438,549,60,2024-02-25,2,276.98,15,UPI,470.87
2439,235,55,2024-10-04,1,197.3,0,Cash,197.3
2440,283,206,2024-11-27,3,13.46,15,UPI,34.32
2441,165,479,2023-07-15,3,368.21,15,Card,938.94
2442,431,94,2023-10-14,5,73.74,10,PayPal,331.83
2443,323,268,2024-07-04,2,116.59,10,PayPal,209.86
2444,469,392,2024-04-05,2,302.16,20,PayPal,483.46
2445,231,287,2023-04-06,5,223.07,5,Card,1059.58
2446,946,157,2023-10-14,3,349.22,15,UPI,890.51
2447,487,269,2023-01-01,5,76.96,20,UPI,307.84
2448,435,390,2023-09-20,2,464.5,5,UPI,882.55
2449,727,493,2025-01-31,1,276.93,5,Cash,263.08
2450,432,413,2024-02-17,2,238.76,10,Cash,429.77
2451,401,316,2025-04-19,5,48.7,10,Cash,219.15
2452,739,414,2023-03-08,2,21.45,0,UPI,42.9
2453,242,357,2023-05-11,1,458.98,15,Card,390.13
2454,234,250,2024-11-27,5,488.94,15,PayPal,2077.99
2455,114,143,2023-12-16,3,499.56,15,Card,1273.88
2456,100,334,2025-02-04,2,298.34,10,PayPal,537.01
2457,80,457,2024-04-15,1,265.24,0,Cash,265.24
2458,574,458,2024-10-01,1,451.87,15,UPI,384.09
2459,883,453,2025-05-24,3,403.27,5,UPI,1149.32
2460,141,92,2023-09-25,3,317.66,0,PayPal,952.98
2461,646,65,2023-11-14,5,175.6,0,Card,878.0
2462,987,461,2025-06-06,5,475.42,15,PayPal,2020.53
2463,335,137,2024-08-11,5,422.4,0,PayPal,2112.0
2464,944,291,2024-08-31,1,413.49,15,Cash,351.47
2465,815,108,2025-02-15,3,268.75,5,PayPal,765.94
2466,72,251,2023-08-27,4,300.28,0,Cash,1201.12
2467,574,167,2024-01-28,2,159.41,5,UPI,302.88
2468,297,357,2025-02-21,3,226.15,0,PayPal,678.45
2469,821,267,2023-07-10,4,300.73,20,PayPal,962.34
2470,332,288,2024-11-26,4,397.8,0,UPI,1591.2
2471,684,411,2024-04-18,3,374.16,15,Cash,954.11
2472,383,140,2023-10-16,3,137.9,5,UPI,393.02
2473,920,44,2024-07-09,1,137.68,0,UPI,137.68
2474,293,293,2024-05-28,4,179.84,10,PayPal,647.42
2475,805,372,2023-09-16,3,260.18,5,Card,741.51
2476,513,467,2024-02-07,3,128.03,10,Card,345.68
2477,503,50,2024-12-16,4,341.59,20,UPI,1093.09
2478,857,47,2024-03-02,2,475.77,5,Cash,903.96
2479,466,260,2024-03-21,4,114.59,10,PayPal,412.52
2480,893,387,2024-07-24,1,341.46,0,PayPal,341.46
2481,682,469,2024-11-23,1,293.27,10,PayPal,263.94
2482,485,307,2023-11-30,4,150.5,10,UPI,541.8
2483,783,419,2024-11-07,3,335.49,20,PayPal,805.18
2484,592,231,2025-03-21,2,392.52,10,Cash,706.54
2485,44,468,2024-04-07,5,71.39,5,PayPal,339.1
2486,531,399,2023-07-09,5,344.59,20,UPI,1378.36
2487,629,7,2023-12-28,3,182.0,10,Cash,491.4
2488,948,391,2024-07-31,2,256.66,10,Card,461.99
2489,272,89,2024-09-04,4,477.05,10,UPI,1717.38
2490,220,103,2024-06-17,1,251.59,20,UPI,201.27
2491,198,144,2024-02-25,1,396.52,20,UPI,317.22
2492,558,217,2024-04-13,3,117.33,0,UPI,351.99
2493,890,162,2024-11-25,3,473.29,10,Card,1277.88
2494,856,465,2025-05-14,3,335.42,5,Cash,955.95
2495,227,412,2025-02-11,1,337.31,5,Card,320.44
2496,381,432,2024-07-26,1,415.42,5,Card,394.65
2497,570,462,2023-01-23,1,300.77,20,PayPal,240.62
2498,23,392,2024-11-10,3,439.41,5,PayPal,1252.32
2499,300,128,2023-06-29,1,270.13,10,Cash,243.12
2500,560,185,2023-11-02,3,299.46,15,Card,763.62
2501,238,215,2023-12-13,4,481.12,0,Cash,1924.48
2502,636,26,2025-04-29,2,339.82,5,Card,645.66
2503,583,239,2023-08-19,5,243.35,15,UPI,1034.24
2504,794,86,2025-03-26,2,199.28,0,Card,398.56
2505,219,428,2024-12-04,4,321.51,0,UPI,1286.04
2506,110,230,2023-03-09,2,373.34,0,Cash,746.68
2507,334,140,2023-01-26,5,187.79,0,UPI,938.95
2508,882,430,2024-01-18,1,343.37,5,UPI,326.2
2509,499,136,2025-04-28,5,430.61,20,UPI,1722.44
2510,191,307,2023-04-13,5,321.25,15,PayPal,1365.31
2511,296,273,2023-04-08,2,441.67,5,UPI,839.17
2512,138,173,2024-08-11,4,165.21,5,Cash,627.8
2513,832,361,2024-04-30,4,88.88,20,UPI,284.42
2514,414,377,2023-07-22,2,298.35,20,PayPal,477.36
2515,516,16,2023-03-23,2,425.74,10,UPI,766.33
2516,79,202,2023-08-08,2,170.25,10,UPI,306.45
2517,724,97,2023-06-13,1,251.84,15,Cash,214.06
2518,903,492,2025-05-05,1,54.96,15,Cash,46.72
2519,152,157,2023-03-15,2,255.14,20,PayPal,408.22
2520,124,486,2025-02-19,3,334.22,15,Cash,852.26
2521,800,401,2025-04-13,5,164.18,0,Cash,820.9
2522,210,263,2023-07-25,5,313.55,15,Card,1332.59
2523,464,95,2023-12-16,1,402.83,0,UPI,402.83
2524,661,335,2025-05-14,3,103.77,15,Card,264.61
2525,39,51,2023-04-28,1,109.88,0,Card,109.88
2526,376,381,2024-04-15,1,102.8,0,Card,102.8
2527,69,114,2023-05-05,2,482.93,10,Card,869.27
2528,940,69,2024-06-10,5,149.53,15,Cash,635.5
2529,167,264,2023-04-26,2,403.46,20,UPI,645.54
2530,814,325,2024-03-09,2,330.02,20,Cash,528.03
2531,620,237,2024-09-16,1,103.56,10,Cash,93.2
2532,440,361,2024-04-01,2,285.0,5,Card,541.5
2533,398,99,2023-10-17,3,102.66,0,Card,307.98
2534,341,117,2024-05-01,1,244.23,0,UPI,244.23
2535,337,293,2024-04-15,1,5.98,10,UPI,5.38
2536,940,51,2024-02-09,2,303.45,10,PayPal,546.21
2537,692,319,2024-03-11,5,378.52,5,Cash,1797.97
2538,151,490,2025-03-05,1,123.91,0,UPI,123.91
2539,213,301,2024-05-25,4,442.7,20,PayPal,1416.64
2540,208,218,2023-09-26,1,268.61,5,Card,255.18
2541,142,23,2023-12-09,1,12.32,20,Cash,9.86
2542,971,26,2024-11-10,3,31.52,5,Cash,89.83
2543,372,431,2025-03-02,3,368.75,0,Cash,1106.25
2544,558,390,2024-04-01,5,416.39,5,Card,1977.85
2545,532,46,2023-01-02,2,363.64,0,Card,727.28
2546,857,220,2024-05-10,4,418.42,10,UPI,1506.31
2547,894,1,2024-01-01,3,467.57,10,UPI,1262.44
2548,293,287,2023-04-23,4,125.82,10,UPI,452.95
2549,309,439,2024-05-18,5,246.83,20,UPI,987.32
2550,174,285,2023-09-17,3,169.55,20,PayPal,406.92
2551,102,444,2023-11-06,3,373.1,5,Card,1063.34
2552,971,222,2023-04-05,2,383.04,20,Cash,612.86
2553,719,62,2025-03-28,4,126.75,0,UPI,507.0
2554,549,244,2025-01-30,1,27.75,15,PayPal,23.59
2555,662,424,2025-03-11,5,490.27,15,PayPal,2083.65
2556,439,55,2023-07-15,4,146.17,15,UPI,496.98
2557,345,243,2024-09-01,1,64.92,5,Cash,61.67
2558,705,140,2024-07-25,3,240.98,10,Card,650.65
2559,837,227,2024-05-14,4,333.28,10,UPI,1199.81
2560,490,401,2023-12-05,3,230.14,5,UPI,655.9
2561,359,111,2023-07-12,4,383.85,20,Cash,1228.32
2562,359,28,2023-07-27,3,120.17,10,UPI,324.46
2563,270,231,2023-04-08,1,364.61,15,UPI,309.92
2564,505,485,2023-08-02,2,157.36,20,UPI,251.78
2565,264,141,2024-06-27,1,29.75,20,Card,23.8
2566,854,347,2023-01-29,5,211.13,5,Card,1002.87
2567,940,419,2023-08-27,1,170.85,15,UPI,145.22
2568,625,234,2024-05-18,5,351.47,5,Card,1669.48
2569,760,66,2025-01-26,1,181.73,5,Card,172.64
2570,243,115,2023-03-17,4,374.46,20,Card,1198.27
2571,47,10,2023-11-01,4,67.47,0,PayPal,269.88
2572,797,400,2023-09-11,1,346.3,20,UPI,277.04
2573,470,3,2024-11-24,4,240.64,20,Card,770.05
2574,213,5,2023-03-04,2,470.37,15,UPI,799.63
2575,346,422,2023-01-04,2,171.12,20,Card,273.79
2576,178,12,2025-01-24,4,493.52,0,UPI,1974.08
2577,799,476,2023-07-01,4,365.93,10,PayPal,1317.35
2578,580,456,2023-10-05,3,482.1,15,Cash,1229.36
2579,941,146,2025-03-31,3,82.93,20,PayPal,199.03
2580,320,187,2023-03-18,4,283.82,5,Card,1078.52
2581,285,459,2024-09-24,5,159.17,10,PayPal,716.26
2582,38,106,2023-04-01,5,476.97,10,Card,2146.37
2583,120,190,2023-02-28,1,198.3,20,PayPal,158.64
2584,103,500,2025-01-10,1,46.27,0,UPI,46.27
2585,962,346,2023-04-13,1,223.42,15,Card,189.91
2586,275,97,2025-01-05,2,244.12,10,PayPal,439.42
2587,324,184,2023-09-21,5,382.24,5,Card,1815.64
2588,824,265,2023-01-29,4,43.04,10,Card,154.94
2589,326,497,2023-05-15,2,494.3,10,PayPal,889.74
2590,477,88,2023-07-07,1,265.95,10,PayPal,239.35
2591,570,498,2025-03-19,2,297.98,15,PayPal,506.57
2592,253,118,2023-11-19,3,499.27,5,PayPal,1422.92
2593,642,280,2023-12-23,5,34.8,5,UPI,165.3
2594,70,421,2023-04-08,3,415.99,5,UPI,1185.57
2595,526,472,2025-02-16,3,174.94,10,UPI,472.34
2596,968,186,2024-01-18,4,354.28,5,UPI,1346.26
2597,179,494,2025-01-09,1,454.92,20,UPI,363.94
2598,190,97,2024-09-15,1,367.47,20,UPI,293.98
2599,768,274,2024-04-12,4,192.86,10,PayPal,694.3
2600,3,347,2023-05-02,2,359.75,20,Cash,575.6
2601,925,428,2023-04-13,3,226.44,5,PayPal,645.35
2602,540,309,2025-04-10,4,86.73,10,Card,312.23
2603,82,448,2023-09-07,1,470.89,20,Card,376.71
2604,843,275,2023-11-16,2,200.4,20,UPI,320.64
2605,9,55,2023-11-08,5,86.81,5,PayPal,412.35
2606,753,250,2023-08-16,5,365.83,20,Card,1463.32
2607,745,216,2023-07-18,5,436.21,10,Card,1962.94
2608,671,134,2025-03-04,2,250.37,10,Card,450.67
2609,206,179,2023-06-21,3,369.23,15,PayPal,941.54
2610,359,489,2023-11-22,3,46.73,5,UPI,133.18
2611,347,152,2023-03-14,4,300.34,20,Cash,961.09
2612,191,358,2024-02-26,5,303.99,5,UPI,1443.95
2613,568,312,2023-08-20,5,168.55,15,Card,716.34
2614,664,445,2023-11-19,2,166.36,10,Card,299.45
2615,889,7,2024-04-21,4,387.31,20,UPI,1239.39
2616,411,368,2023-09-13,2,282.16,15,Card,479.67
2617,601,186,2024-08-19,5,452.96,20,Cash,1811.84
2618,531,111,2023-07-05,5,268.68,10,Cash,1209.06
2619,276,89,2023-08-28,2,290.15,0,PayPal,580.3
2620,415,26,2024-03-26,3,419.39,20,UPI,1006.54
2621,315,251,2023-08-18,5,414.42,5,Card,1968.49
2622,733,309,2023-05-05,1,306.97,20,PayPal,245.58
2623,219,333,2023-12-10,4,8.52,10,Card,30.67
2624,973,33,2024-04-06,1,367.96,15,UPI,312.77
2625,446,290,2023-10-31,4,319.47,5,Cash,1213.99
2626,970,221,2024-02-20,2,340.37,20,UPI,544.59
2627,160,67,2023-01-30,4,256.7,5,Card,975.46
2628,481,8,2023-09-02,3,258.66,20,UPI,620.78
2629,94,129,2024-09-14,5,7.48,20,Cash,29.92
2630,343,254,2024-12-10,2,483.52,5,Cash,918.69
2631,157,302,2024-10-20,4,432.44,15,PayPal,1470.3
2632,560,191,2023-08-03,5,141.02,0,Card,705.1
2633,767,6,2024-08-12,4,214.39,10,UPI,771.8
2634,657,295,2023-05-07,1,284.43,20,UPI,227.54
2635,129,481,2023-10-11,5,339.09,10,Card,1525.9
2636,755,170,2023-01-07,1,371.3,10,Cash,334.17
2637,169,59,2025-01-02,2,189.99,10,PayPal,341.98
2638,431,323,2025-05-20,3,260.83,10,Card,704.24
2639,327,95,2024-04-03,2,467.97,15,PayPal,795.55
2640,835,373,2024-06-19,3,140.1,10,Cash,378.27
2641,859,274,2025-02-04,2,249.13,5,PayPal,473.35
2642,537,399,2023-01-25,2,204.47,0,Card,408.94
2643,848,487,2023-11-24,2,127.23,15,PayPal,216.29
2644,780,188,2023-01-15,2,319.41,0,Card,638.82
2645,849,358,2025-02-04,2,457.29,20,Card,731.66
2646,147,117,2023-05-05,2,400.34,0,Card,800.68
2647,348,129,2023-08-06,3,331.41,20,Cash,795.38
2648,213,165,2023-09-19,3,242.7,20,UPI,582.48
2649,783,410,2024-07-14,5,93.24,0,Cash,466.2
2650,71,489,2025-02-05,4,363.85,10,Card,1309.86
2651,523,178,2023-12-10,4,96.17,20,UPI,307.74
2652,50,67,2024-01-16,1,430.7,5,UPI,409.16
2653,736,195,2024-09-22,4,381.43,15,PayPal,1296.86
2654,708,396,2023-04-04,5,473.72,5,Card,2250.17
2655,962,291,2024-02-11,4,366.77,15,Cash,1247.02
2656,659,262,2023-04-20,2,423.95,20,UPI,678.32
2657,360,274,2023-03-27,1,156.85,0,Cash,156.85
2658,794,249,2025-06-03,4,218.55,5,Card,830.49
2659,198,423,2025-03-24,2,263.68,20,PayPal,421.89
2660,18,120,2023-11-02,3,19.43,5,Cash,55.38
2661,284,129,2024-02-10,5,230.23,10,PayPal,1036.03
2662,161,36,2025-03-16,4,105.6,0,Cash,422.4
2663,380,68,2025-06-05,4,218.07,10,PayPal,785.05
2664,682,374,2024-10-02,3,472.36,15,Cash,1204.52
2665,194,169,2024-01-06,4,383.88,15,Card,1305.19
2666,827,478,2024-03-07,2,343.28,5,PayPal,652.23
2667,397,78,2024-07-14,1,442.01,20,PayPal,353.61
2668,862,440,2023-01-27,1,364.39,10,UPI,327.95
2669,985,320,2025-06-19,4,456.52,0,Cash,1826.08
2670,297,13,2024-09-16,5,182.85,15,PayPal,777.11
2671,352,410,2023-09-14,2,230.58,5,PayPal,438.1
2672,16,287,2024-02-15,5,248.47,0,PayPal,1242.35
2673,862,426,2023-07-03,4,41.6,0,PayPal,166.4
2674,546,30,2024-03-04,5,399.99,0,UPI,1999.95
2675,736,84,2024-01-13,3,113.91,15,PayPal,290.47
2676,280,1,2025-05-03,5,115.97,10,Card,521.87
2677,299,298,2024-07-13,2,443.82,10,Cash,798.88
2678,418,274,2023-12-12,4,128.3,15,Cash,436.22
2679,596,230,2023-09-09,1,485.35,10,Card,436.82
2680,855,68,2023-12-21,1,68.67,10,UPI,61.8
2681,860,424,2023-08-05,4,82.36,10,UPI,296.5
2682,760,475,2024-05-15,1,377.99,10,PayPal,340.19
2683,557,72,2023-03-30,3,170.16,10,Cash,459.43
2684,703,236,2024-07-10,1,204.99,0,PayPal,204.99
2685,996,302,2023-02-12,1,225.33,0,PayPal,225.33
2686,882,438,2024-10-29,5,386.58,20,Cash,1546.32
2687,531,270,2024-12-06,4,343.52,15,Card,1167.97
2688,400,136,2023-03-13,1,55.76,15,UPI,47.4
2689,446,101,2024-10-21,4,319.51,20,UPI,1022.43
2690,53,228,2025-01-07,4,168.47,15,Cash,572.8
2691,665,326,2025-06-04,3,321.84,10,Cash,868.97
2692,306,388,2023-07-02,4,272.75,15,Card,927.35
2693,164,314,2024-11-30,1,457.51,0,Cash,457.51
2694,783,291,2023-02-09,2,159.13,20,Card,254.61
2695,698,143,2023-12-16,5,46.69,0,Cash,233.45
2696,869,337,2023-10-02,1,248.48,10,Card,223.63
2697,452,337,2023-07-30,3,96.81,5,Card,275.91
2698,790,479,2023-04-18,5,116.1,5,Cash,551.48
2699,220,253,2025-01-20,2,495.51,0,PayPal,991.02
2700,152,53,2024-03-22,5,74.75,20,Card,299.0
2701,492,48,2024-03-19,4,198.31,0,PayPal,793.24
2702,252,43,2025-03-17,3,371.92,0,PayPal,1115.76
2703,138,239,2025-04-22,2,255.03,20,Cash,408.05
2704,972,128,2024-02-06,4,482.62,15,PayPal,1640.91
2705,184,184,2023-01-04,4,19.88,5,PayPal,75.54
2706,601,111,2024-11-12,3,290.97,15,PayPal,741.97
2707,49,97,2024-12-26,2,86.1,0,Card,172.2
2708,898,221,2025-01-22,2,38.17,20,Card,61.07
2709,597,127,2024-09-09,2,155.31,0,UPI,310.62
2710,298,231,2024-01-26,2,26.39,10,UPI,47.5
2711,948,452,2024-08-19,2,6.34,0,PayPal,12.68
2712,557,240,2023-02-15,2,174.13,15,Cash,296.02
2713,4,124,2023-05-13,5,395.13,20,Card,1580.52
2714,923,69,2024-09-20,2,233.6,20,Cash,373.76
2715,9,198,2025-03-10,3,312.4,0,UPI,937.2
2716,573,39,2025-05-25,3,435.56,0,PayPal,1306.68
2717,171,236,2024-11-25,1,179.69,10,Card,161.72
2718,202,305,2025-04-15,5,216.91,0,Cash,1084.55
2719,5,75,2024-06-16,4,213.76,10,Cash,769.54
2720,262,226,2025-03-17,2,41.66,20,PayPal,66.66
2721,893,168,2023-05-20,5,313.68,5,Cash,1489.98
2722,548,479,2023-02-13,4,293.12,15,Card,996.61
2723,512,188,2023-10-13,4,82.77,20,PayPal,264.86
2724,137,160,2025-06-01,5,81.88,0,UPI,409.4
2725,763,176,2023-01-11,1,343.92,15,Cash,292.33
2726,884,441,2025-05-05,3,176.55,10,Card,476.69
2727,416,55,2023-10-23,1,54.37,10,Cash,48.93
2728,13,48,2024-10-22,2,65.06,0,Cash,130.12
2729,725,281,2024-05-19,4,407.59,5,PayPal,1548.84
2730,94,453,2025-03-18,5,268.03,0,Cash,1340.15
2731,570,389,2023-12-23,1,49.37,0,UPI,49.37
2732,108,319,2024-09-22,3,291.87,20,UPI,700.49
2733,386,83,2025-03-02,1,190.31,20,PayPal,152.25
2734,758,163,2023-07-28,4,88.95,20,Cash,284.64
2735,347,62,2024-02-04,4,36.57,5,UPI,138.97
2736,97,257,2024-09-06,2,229.39,5,Cash,435.84
2737,671,72,2024-10-06,3,81.6,0,Card,244.8
2738,239,448,2025-06-15,3,368.65,0,Cash,1105.95
2739,707,336,2024-05-12,4,279.43,0,UPI,1117.72
2740,723,192,2023-03-04,1,77.7,15,PayPal,66.05
2741,149,149,2023-05-31,3,316.96,0,PayPal,950.88
2742,108,210,2025-01-05,5,439.89,0,UPI,2199.45
2743,723,290,2025-05-13,1,366.57,10,Cash,329.91
2744,788,30,2025-02-21,2,329.31,5,PayPal,625.69
2745,567,27,2025-06-02,2,272.42,20,UPI,435.87
2746,315,220,2024-04-25,4,375.9,0,UPI,1503.6
2747,418,407,2025-04-18,3,118.34,5,Card,337.27
2748,666,67,2023-12-31,4,137.64,15,UPI,467.98
2749,723,67,2024-07-17,1,361.0,20,UPI,288.8
2750,64,206,2024-09-05,5,186.71,15,PayPal,793.52
2751,954,262,2023-06-01,1,280.19,20,Cash,224.15
2752,535,138,2023-07-16,5,20.23,0,UPI,101.15
2753,454,382,2024-09-29,5,308.5,10,UPI,1388.25
2754,814,28,2025-05-17,4,190.7,10,UPI,686.52
2755,533,278,2024-10-03,5,422.99,15,Cash,1797.71
2756,699,113,2025-04-23,1,495.54,15,Cash,421.21
2757,970,43,2023-10-22,4,320.19,20,UPI,1024.61
2758,665,447,2024-04-16,4,253.21,5,Cash,962.2
2759,541,359,2024-09-16,4,227.14,10,Cash,817.7
2760,226,499,2025-01-01,5,200.91,0,PayPal,1004.55
2761,255,137,2024-02-11,2,313.43,20,UPI,501.49
2762,461,382,2024-03-12,4,478.25,15,Cash,1626.05
2763,152,342,2023-03-22,4,204.13,20,UPI,653.22
2764,336,37,2024-01-01,4,384.37,20,Cash,1229.98
2765,869,286,2023-06-15,4,160.89,5,Cash,611.38
2766,303,185,2025-02-15,2,175.88,5,Cash,334.17
2767,105,215,2024-04-23,3,40.01,5,Cash,114.03
2768,564,293,2025-03-28,3,425.57,0,PayPal,1276.71
2769,908,258,2024-06-01,5,352.26,20,Cash,1409.04
2770,253,197,2025-03-11,1,310.36,5,Card,294.84
2771,511,262,2023-05-19,2,284.64,0,Card,569.28
2772,101,292,2025-04-11,3,410.53,10,UPI,1108.43
2773,650,8,2025-06-03,5,44.09,10,Cash,198.41
2774,826,491,2024-01-09,1,43.91,0,UPI,43.91
2775,503,114,2024-04-03,2,320.25,20,Card,512.4
2776,766,132,2024-04-20,1,328.24,10,Cash,295.42
2777,764,493,2023-05-22,4,498.17,0,UPI,1992.68
2778,792,500,2023-06-26,1,130.47,5,Card,123.95
2779,744,423,2024-06-19,4,370.0,0,PayPal,1480.0
2780,799,491,2025-04-23,5,160.42,10,Card,721.89
2781,211,153,2024-01-16,5,418.0,5,PayPal,1985.5
2782,683,95,2025-01-24,2,324.38,15,PayPal,551.45
2783,640,193,2025-04-27,5,135.33,5,PayPal,642.82
2784,73,63,2023-03-17,4,263.38,20,PayPal,842.82
2785,751,145,2025-02-16,1,462.41,10,Cash,416.17
2786,140,96,2023-06-01,3,424.34,15,Card,1082.07
2787,399,92,2024-03-22,2,186.1,0,Cash,372.2
2788,512,460,2023-12-19,1,362.71,0,Card,362.71
2789,911,108,2024-08-21,2,37.69,5,Card,71.61
2790,775,382,2023-06-09,3,94.62,15,UPI,241.28
2791,439,420,2024-10-10,4,154.11,5,UPI,585.62
2792,608,68,2024-03-18,5,210.16,5,UPI,998.26
2793,51,387,2025-05-10,2,161.26,20,UPI,258.02
2794,981,35,2023-06-14,5,312.4,0,Cash,1562.0
2795,287,38,2024-02-11,4,396.38,0,Cash,1585.52
2796,503,19,2025-04-30,3,183.21,20,PayPal,439.7
2797,14,193,2024-09-18,5,91.14,10,Cash,410.13
2798,422,249,2023-07-22,4,245.48,20,Card,785.54
2799,748,261,2024-08-02,5,412.08,5,PayPal,1957.38
2800,439,205,2025-04-05,5,366.12,20,Cash,1464.48
2801,328,311,2024-01-06,2,37.61,5,Card,71.46
2802,706,110,2023-05-14,5,414.01,5,PayPal,1966.55
2803,220,131,2024-03-14,5,218.86,15,PayPal,930.16
2804,230,457,2024-07-10,3,353.66,0,PayPal,1060.98
2805,511,364,2024-06-10,2,321.0,0,Card,642.0
2806,659,4,2023-04-15,4,179.66,0,PayPal,718.64
2807,237,329,2023-04-17,1,32.76,0,Card,32.76
2808,145,436,2023-02-22,3,352.49,20,Cash,845.98
2809,756,362,2024-04-12,1,362.49,10,UPI,326.24
2810,416,306,2025-03-12,4,124.64,20,Card,398.85
2811,39,293,2025-04-26,3,360.31,0,PayPal,1080.93
2812,176,468,2025-06-14,1,370.86,15,PayPal,315.23
2813,366,450,2023-08-13,4,82.0,10,UPI,295.2
2814,614,226,2023-07-08,4,208.76,20,UPI,668.03
2815,983,313,2023-09-07,2,268.85,10,Card,483.93
2816,804,59,2023-12-05,1,119.88,20,PayPal,95.9
2817,842,420,2023-05-10,4,439.14,15,UPI,1493.08
2818,479,378,2024-05-29,4,302.13,10,PayPal,1087.67
2819,116,220,2023-02-10,4,442.27,20,PayPal,1415.26
2820,585,120,2024-03-10,3,293.07,5,Cash,835.25
2821,450,385,2024-01-12,5,372.24,15,PayPal,1582.02
2822,659,406,2024-09-04,5,230.08,0,Cash,1150.4
2823,169,481,2024-04-28,5,109.58,15,Cash,465.71
2824,409,306,2024-04-02,2,71.01,0,PayPal,142.02
2825,552,426,2023-01-08,5,432.74,10,Cash,1947.33
2826,410,338,2024-08-26,4,281.65,15,UPI,957.61
2827,677,62,2024-10-24,2,9.0,20,PayPal,14.4
2828,593,263,2024-09-23,5,66.86,15,PayPal,284.16
2829,592,110,2023-10-03,5,157.21,20,Cash,628.84
2830,663,258,2025-05-09,2,244.49,0,UPI,488.98
2831,858,88,2024-07-23,1,135.54,15,PayPal,115.21
2832,120,30,2025-01-09,3,379.77,20,Cash,911.45
2833,472,300,2024-10-04,1,130.84,15,UPI,111.21
2834,380,1,2023-02-14,5,74.92,20,UPI,299.68
2835,537,488,2025-03-19,1,475.52,5,UPI,451.74
2836,406,266,2025-03-24,4,57.29,20,Card,183.33
2837,104,189,2024-08-28,1,131.0,15,UPI,111.35
2838,804,76,2025-02-28,1,19.23,0,Cash,19.23
2839,231,100,2023-11-19,1,83.26,10,UPI,74.93
2840,815,186,2023-03-17,3,139.16,5,Cash,396.61
2841,625,158,2024-10-30,1,324.93,20,Card,259.94
2842,98,381,2025-01-10,3,70.63,20,PayPal,169.51
2843,87,492,2023-03-23,4,316.68,10,Card,1140.05
2844,430,492,2025-03-10,4,308.65,5,UPI,1172.87
2845,308,409,2025-05-26,3,130.01,0,Cash,390.03
2846,868,232,2023-01-08,1,271.46,5,PayPal,257.89
2847,34,421,2024-05-28,3,268.72,10,Card,725.54
2848,550,356,2023-11-05,4,404.53,5,Cash,1537.21
2849,253,207,2024-10-31,4,29.32,10,Cash,105.55
2850,673,346,2024-03-19,4,340.36,20,Cash,1089.15
2851,745,224,2023-04-26,5,235.84,10,Card,1061.28
2852,655,443,2023-06-16,3,475.98,10,UPI,1285.15
2853,117,138,2023-06-20,1,272.11,10,PayPal,244.9
2854,566,47,2024-11-27,3,168.79,5,UPI,481.05
2855,45,205,2024-08-22,4,152.59,5,Cash,579.84
2856,410,332,2023-06-29,3,378.26,15,Card,964.56
2857,816,460,2023-10-12,5,120.52,20,UPI,482.08
2858,534,278,2023-11-10,5,243.17,20,Cash,972.68
2859,680,122,2025-02-19,1,90.77,0,PayPal,90.77
2860,572,36,2024-05-23,1,243.07,15,Card,206.61
2861,113,134,2024-01-03,1,98.97,20,Card,79.18
2862,656,284,2023-11-06,4,177.59,10,UPI,639.32
2863,555,2,2025-06-09,1,90.18,15,Card,76.65
2864,339,235,2023-12-22,3,361.08,5,Card,1029.08
2865,649,413,2023-04-01,5,471.61,10,Cash,2122.25
2866,996,351,2023-05-14,2,373.74,0,Cash,747.48
2867,843,79,2025-02-20,4,343.5,20,PayPal,1099.2
2868,465,17,2024-07-09,5,110.79,20,PayPal,443.16
2869,185,283,2023-05-23,3,188.49,10,UPI,508.92
2870,469,109,2025-05-28,1,478.7,15,PayPal,406.89
2871,90,22,2024-08-18,5,174.32,5,Card,828.02
2872,527,122,2024-01-03,3,162.8,5,Card,463.98
2873,468,281,2024-06-22,4,273.44,0,PayPal,1093.76
2874,40,200,2025-06-05,2,248.78,20,Cash,398.05
2875,520,167,2024-11-16,1,464.41,5,Cash,441.19
2876,498,239,2024-05-13,5,87.9,20,Card,351.6
2877,767,396,2023-02-17,3,265.58,10,UPI,717.07
2878,346,280,2023-03-09,3,138.77,10,PayPal,374.68
2879,209,59,2023-04-10,1,102.92,0,Cash,102.92
2880,256,341,2023-09-29,5,377.85,15,UPI,1605.86
2881,131,475,2023-10-26,1,118.86,10,Cash,106.97
2882,948,39,2023-01-11,3,118.88,5,Card,338.81
2883,808,202,2024-10-21,3,121.42,15,Cash,309.62
2884,112,325,2025-03-11,1,337.94,10,PayPal,304.15
2885,872,344,2025-02-15,5,200.74,15,Card,853.14
2886,9,288,2024-07-30,2,400.2,5,UPI,760.38
2887,569,121,2025-03-06,3,433.63,20,PayPal,1040.71
2888,147,40,2025-05-01,2,237.51,10,PayPal,427.52
2889,520,345,2025-06-16,3,282.48,10,Card,762.7
2890,330,430,2024-04-22,2,131.68,5,PayPal,250.19
2891,827,393,2023-11-13,2,173.03,0,Card,346.06
2892,243,481,2023-04-08,4,258.38,15,UPI,878.49
2893,9,119,2023-07-06,4,140.61,10,Cash,506.2
2894,678,410,2023-01-23,1,329.88,15,Card,280.4
2895,721,323,2023-06-02,1,322.89,15,Cash,274.46
2896,448,263,2023-02-13,1,279.83,10,UPI,251.85
2897,803,176,2023-02-08,1,12.82,5,UPI,12.18
2898,940,389,2024-10-25,3,408.8,15,PayPal,1042.44
2899,589,296,2023-06-06,3,6.28,20,PayPal,15.07
2900,34,357,2025-02-23,4,83.18,20,Card,266.18
2901,95,59,2024-11-05,2,319.83,10,Cash,575.69
2902,804,121,2024-05-02,2,95.57,5,Cash,181.58
2903,915,279,2024-06-16,2,142.39,10,PayPal,256.3
2904,351,340,2023-01-10,2,390.26,10,UPI,702.47
2905,670,258,2023-12-01,5,63.72,20,Cash,254.88
2906,453,364,2023-08-22,2,259.44,10,UPI,466.99
2907,193,449,2024-01-11,4,303.98,20,UPI,972.74
2908,125,372,2023-07-17,1,42.1,20,PayPal,33.68
2909,438,22,2023-05-14,1,79.05,15,Cash,67.19
2910,906,332,2025-05-02,4,77.6,5,Cash,294.88
2911,129,278,2023-07-14,4,124.55,20,Card,398.56
2912,333,225,2023-03-31,1,473.31,0,Card,473.31
2913,479,488,2023-02-06,2,455.1,10,Card,819.18
2914,140,297,2023-05-18,5,350.01,10,PayPal,1575.05
2915,642,473,2023-01-15,2,311.92,0,Cash,623.84
2916,393,265,2024-08-02,3,407.31,5,Card,1160.83
2917,3,312,2025-04-25,1,495.64,15,UPI,421.29
2918,98,362,2024-05-01,2,238.12,15,Card,404.8
2919,902,209,2024-10-19,3,123.76,0,Cash,371.28
2920,627,103,2024-09-13,2,97.44,20,Card,155.9
2921,546,407,2023-10-26,5,22.06,15,PayPal,93.75
2922,298,299,2023-08-23,3,395.81,0,PayPal,1187.43
2923,204,283,2023-10-05,2,169.84,5,PayPal,322.7
2924,415,390,2023-08-07,3,465.85,15,PayPal,1187.92
2925,597,179,2023-11-19,4,197.69,5,Card,751.22
2926,848,15,2024-08-13,4,190.78,0,UPI,763.12
2927,605,195,2025-02-19,2,278.89,10,Cash,502.0
2928,979,327,2024-10-26,2,440.82,10,PayPal,793.48
2929,638,280,2024-06-06,4,71.38,20,UPI,228.42
2930,29,318,2023-08-23,3,165.29,20,UPI,396.7
2931,352,144,2024-04-24,3,82.25,0,Cash,246.75
2932,631,497,2023-06-11,2,202.79,20,Card,324.46
2933,531,379,2023-08-29,2,226.38,0,Card,452.76
2934,855,454,2025-02-17,4,322.76,0,Card,1291.04
2935,472,255,2025-03-31,5,474.57,10,UPI,2135.57
2936,64,311,2025-02-28,1,281.49,20,Cash,225.19
2937,476,371,2024-08-14,1,107.92,10,Cash,97.13
2938,520,248,2024-11-26,4,94.72,20,PayPal,303.1
2939,386,326,2024-06-09,3,457.32,5,Card,1303.36
2940,875,136,2023-09-18,5,61.05,0,PayPal,305.25
2941,71,330,2024-09-04,5,325.26,5,PayPal,1544.98
2942,624,265,2024-12-27,1,31.14,15,UPI,26.47
2943,80,144,2023-11-29,3,442.97,5,UPI,1262.46
2944,400,140,2023-12-06,3,408.75,20,PayPal,981.0
2945,360,386,2025-05-02,4,191.38,20,Cash,612.42
2946,195,310,2025-03-20,2,388.52,10,PayPal,699.34
2947,150,409,2024-09-23,3,441.79,10,Card,1192.83
2948,717,75,2024-02-13,2,103.58,10,PayPal,186.44
2949,450,99,2023-11-21,2,235.87,15,UPI,400.98
2950,104,492,2024-01-07,4,160.8,20,Card,514.56
2951,903,337,2024-03-24,1,310.41,10,UPI,279.37
2952,486,431,2024-03-11,1,358.13,10,Cash,322.32
2953,913,346,2024-06-03,4,361.11,10,Card,1300.0
2954,815,178,2023-01-11,3,466.36,5,UPI,1329.13
2955,408,263,2025-02-17,3,367.56,0,Cash,1102.68
2956,402,426,2024-02-04,1,155.39,5,PayPal,147.62
2957,453,488,2024-06-26,2,166.03,15,UPI,282.25
2958,65,208,2024-03-05,5,493.96,10,UPI,2222.82
2959,753,1,2025-02-16,1,226.51,0,Cash,226.51
2960,185,162,2023-09-14,5,272.37,20,Card,1089.48
2961,657,329,2024-10-30,3,156.41,20,UPI,375.38
2962,844,379,2023-05-15,1,218.18,0,UPI,218.18
2963,595,229,2024-11-29,5,70.78,5,Card,336.2
2964,944,217,2023-10-18,4,374.89,0,PayPal,1499.56
2965,650,70,2025-04-11,1,310.88,15,Card,264.25
2966,665,256,2025-02-11,4,486.03,20,PayPal,1555.3
2967,784,264,2024-12-01,5,471.3,10,Cash,2120.85
2968,923,301,2024-06-28,5,227.01,20,PayPal,908.04
2969,851,235,2023-07-05,5,150.52,0,PayPal,752.6
2970,308,387,2023-02-17,2,372.56,0,PayPal,745.12
2971,465,114,2024-09-23,4,149.24,0,Card,596.96
2972,335,315,2023-08-01,3,196.63,0,Cash,589.89
2973,891,286,2023-01-29,2,273.15,0,UPI,546.3
2974,219,468,2025-01-12,2,64.81,5,Cash,123.14
2975,552,165,2024-09-20,3,340.76,5,Card,971.17
2976,19,275,2025-03-05,5,310.22,5,Card,1473.55
2977,291,266,2023-09-09,4,16.27,20,Cash,52.06
2978,813,288,2024-09-14,3,313.43,20,Card,752.23
2979,775,73,2025-02-20,1,14.27,0,UPI,14.27
2980,159,419,2023-06-03,1,21.84,5,Card,20.75
2981,133,47,2023-12-29,2,280.3,15,UPI,476.51
2982,31,76,2025-04-23,4,241.84,15,Card,822.26
2983,177,93,2023-07-30,5,50.92,0,UPI,254.6
2984,596,481,2024-04-30,5,56.06,0,PayPal,280.3
2985,593,441,2024-03-25,1,97.39,10,Cash,87.65
2986,415,430,2025-01-02,5,347.7,5,PayPal,1651.57
2987,865,412,2023-11-24,5,446.33,0,Cash,2231.65
2988,74,135,2023-11-28,5,342.21,0,Cash,1711.05
2989,101,362,2025-05-26,5,51.39,5,Card,244.1
2990,474,310,2024-09-27,5,389.93,20,PayPal,1559.72
2991,136,336,2024-05-24,1,493.05,5,UPI,468.4
2992,464,249,2023-05-04,3,187.08,20,UPI,448.99
2993,878,204,2024-08-30,2,82.79,10,PayPal,149.02
2994,736,147,2023-01-07,4,291.61,10,UPI,1049.8
2995,779,110,2024-11-12,3,419.19,15,Card,1068.93
2996,125,212,2024-06-02,4,142.76,5,UPI,542.49
2997,23,201,2024-06-14,2,369.14,10,Card,664.45
2998,792,166,2023-08-06,3,183.59,20,Card,440.62
2999,454,386,2023-07-11,5,42.72,0,UPI,213.6
3000,388,132,2023-04-16,4,79.15,0,PayPal,316.6
3001,56,318,2023-09-12,5,346.88,10,Card,1560.96
3002,71,365,2024-07-18,3,462.25,5,UPI,1317.41
3003,263,345,2024-10-14,2,396.03,5,Cash,752.46
3004,285,122,2023-07-17,1,249.22,5,Cash,236.76
3005,978,217,2023-05-21,5,113.64,5,Cash,539.79
3006,356,358,2024-10-22,2,48.14,5,Cash,91.47
3007,819,122,2023-09-27,2,416.83,0,Cash,833.66
3008,38,149,2023-04-24,2,120.94,20,UPI,193.5
3009,552,46,2024-02-04,2,369.59,20,Cash,591.34
3010,478,41,2025-01-30,3,89.97,0,Card,269.91
3011,836,96,2025-01-20,3,74.55,5,UPI,212.47
3012,611,286,2025-02-11,1,220.74,20,PayPal,176.59
3013,605,468,2025-05-26,5,417.97,15,UPI,1776.37
3014,753,211,2024-06-18,4,359.99,20,UPI,1151.97
3015,194,80,2024-02-18,3,140.93,15,PayPal,359.37
3016,12,402,2024-09-12,5,195.26,20,PayPal,781.04
3017,456,104,2025-02-10,3,12.8,0,PayPal,38.4
3018,870,452,2023-11-14,1,376.57,15,UPI,320.08
3019,959,196,2023-10-26,4,240.54,5,PayPal,914.05
3020,426,286,2025-01-14,1,277.21,20,Card,221.77
3021,717,468,2023-09-03,1,490.34,20,PayPal,392.27
3022,498,193,2024-07-23,3,280.78,5,Cash,800.22
3023,604,140,2023-11-12,4,168.44,10,UPI,606.38
3024,629,341,2023-04-18,3,349.75,0,UPI,1049.25
3025,907,223,2023-10-21,4,272.98,20,Cash,873.54
3026,853,421,2024-12-03,3,38.44,10,Card,103.79
3027,850,485,2025-04-15,3,76.01,15,Card,193.83
3028,407,309,2025-04-17,2,477.09,5,PayPal,906.47
3029,422,128,2023-07-17,1,37.63,15,Card,31.99
3030,425,292,2025-04-03,2,213.09,15,UPI,362.25
3031,937,59,2025-03-02,1,323.3,15,UPI,274.81
3032,634,12,2024-05-17,5,473.17,0,Cash,2365.85
3033,594,348,2024-07-28,2,245.67,15,PayPal,417.64
3034,46,29,2024-04-02,3,273.46,20,UPI,656.3
3035,275,80,2024-07-21,5,458.73,0,Cash,2293.65
3036,145,178,2024-07-19,2,179.57,0,PayPal,359.14
3037,62,118,2023-02-25,1,348.94,15,UPI,296.6
3038,250,84,2023-10-02,5,290.55,0,Cash,1452.75
3039,892,299,2024-11-06,1,106.89,5,PayPal,101.55
3040,759,163,2024-04-29,1,114.55,15,PayPal,97.37
3041,67,323,2023-05-23,1,174.51,5,Cash,165.78
3042,387,453,2023-12-02,2,94.52,10,Cash,170.14
3043,410,18,2025-04-13,3,337.75,0,Card,1013.25
3044,440,355,2023-04-03,5,92.73,10,Card,417.29
3045,79,38,2025-04-14,3,271.53,0,PayPal,814.59
3046,943,90,2023-11-23,1,191.71,20,Card,153.37
3047,820,360,2023-01-08,3,84.29,0,Card,252.87
3048,139,378,2023-05-02,2,175.74,0,PayPal,351.48
3049,652,291,2023-04-22,3,378.73,20,UPI,908.95
3050,519,105,2024-10-08,5,5.9,20,Card,23.6
3051,507,148,2025-01-27,2,220.51,5,PayPal,418.97
3052,319,171,2025-05-16,4,51.63,20,Card,165.22
3053,659,112,2023-08-16,5,282.79,10,Cash,1272.56
3054,117,346,2023-12-14,4,100.65,5,UPI,382.47
3055,828,421,2024-02-26,2,323.61,15,Card,550.14
3056,674,290,2024-07-26,2,93.48,10,Cash,168.26
3057,185,490,2025-04-18,3,301.14,0,Card,903.42
3058,258,426,2023-09-11,5,488.26,5,Card,2319.24
3059,335,253,2025-03-28,5,62.88,10,Cash,282.96
3060,17,206,2023-01-22,5,99.94,5,Cash,474.71
3061,377,251,2023-12-23,3,412.72,15,PayPal,1052.44
3062,775,90,2024-12-06,4,459.31,5,Card,1745.38
3063,154,124,2023-01-05,3,442.26,5,PayPal,1260.44
3064,414,454,2023-03-03,3,175.32,0,Cash,525.96
3065,225,432,2023-10-30,3,115.13,20,Cash,276.31
3066,293,489,2024-01-28,1,397.74,10,UPI,357.97
3067,693,436,2025-03-27,5,33.39,5,UPI,158.6
3068,268,150,2023-09-23,2,495.92,5,Cash,942.25
3069,530,258,2023-10-09,1,321.27,0,PayPal,321.27
3070,243,286,2024-01-16,5,330.46,10,UPI,1487.07
3071,170,312,2024-10-31,4,145.97,10,PayPal,525.49
3072,813,187,2024-09-13,2,145.2,15,UPI,246.84
3073,453,463,2023-10-28,1,319.67,15,Card,271.72
3074,631,346,2024-05-14,3,341.11,5,UPI,972.16
3075,523,461,2023-01-18,3,200.89,15,PayPal,512.27
3076,146,307,2025-05-29,1,494.98,10,UPI,445.48
3077,647,184,2025-04-12,3,129.9,10,UPI,350.73
3078,692,246,2024-06-27,4,198.32,5,Card,753.62
3079,134,96,2024-05-08,3,294.75,0,UPI,884.25
3080,139,135,2023-04-19,2,272.6,5,PayPal,517.94
3081,91,344,2023-12-23,5,123.38,5,UPI,586.05
3082,260,463,2025-02-03,5,26.08,10,Card,117.36
3083,524,167,2023-03-31,2,128.0,15,Card,217.6
3084,3,175,2023-10-01,1,323.25,15,UPI,274.76
3085,470,203,2024-05-15,5,498.96,10,PayPal,2245.32
3086,275,290,2024-01-04,3,89.53,15,UPI,228.3
3087,827,6,2023-07-12,3,315.66,5,UPI,899.63
3088,757,241,2025-02-20,3,467.36,5,Cash,1331.98
3089,686,94,2023-02-09,3,439.05,10,UPI,1185.44
3090,484,312,2024-04-30,2,363.94,20,Cash,582.3
3091,409,358,2023-04-24,2,226.53,0,Cash,453.06
3092,20,426,2024-10-13,4,484.16,5,UPI,1839.81
3093,507,22,2023-10-14,3,470.35,15,Cash,1199.39
3094,522,195,2023-06-21,2,436.12,0,UPI,872.24
3095,467,140,2024-11-24,3,342.92,15,Cash,874.45
3096,889,1,2024-08-29,2,442.22,5,Card,840.22
3097,514,442,2025-03-06,2,34.89,0,UPI,69.78
3098,190,254,2023-10-29,2,499.6,0,Cash,999.2
3099,291,96,2024-10-31,3,212.39,10,Cash,573.45
3100,61,386,2023-08-27,3,485.84,20,Cash,1166.02
3101,400,225,2024-09-30,2,12.54,5,Card,23.83
3102,824,112,2024-01-13,4,18.37,15,PayPal,62.46
3103,366,291,2024-08-05,4,30.07,10,Card,108.25
3104,343,205,2025-05-24,2,42.67,0,UPI,85.34
3105,666,421,2023-08-30,2,288.88,20,Card,462.21
3106,765,42,2023-07-24,1,225.61,0,Card,225.61
3107,333,426,2025-01-20,5,288.8,15,Card,1227.4
3108,375,499,2023-08-02,2,265.57,20,UPI,424.91
3109,672,265,2023-12-26,1,18.02,5,Card,17.12
3110,966,320,2024-10-25,1,267.5,10,Card,240.75
3111,24,221,2024-10-01,1,363.25,10,PayPal,326.93
3112,959,118,2024-11-16,5,288.2,20,UPI,1152.8
3113,355,492,2023-09-23,2,415.35,0,UPI,830.7
3114,94,372,2024-01-15,4,437.75,20,Cash,1400.8
3115,390,61,2025-04-23,5,391.66,15,UPI,1664.56
3116,650,269,2023-01-04,3,189.21,0,Card,567.63
3117,981,381,2023-11-14,3,100.79,5,Cash,287.25
3118,323,258,2023-11-13,4,153.85,5,Cash,584.63
3119,901,214,2024-03-03,4,457.67,15,PayPal,1556.08
3120,745,170,2024-10-09,3,42.78,10,UPI,115.51
3121,256,38,2025-04-12,2,451.02,5,PayPal,856.94
3122,728,173,2025-05-31,4,169.32,5,Cash,643.42
3123,928,472,2023-05-02,2,146.66,15,UPI,249.32
3124,898,456,2024-11-14,3,243.85,15,UPI,621.82
3125,321,12,2024-04-17,1,182.19,20,UPI,145.75
3126,947,327,2024-10-07,5,134.6,10,Card,605.7
3127,10,47,2024-08-14,3,183.29,15,PayPal,467.39
3128,212,470,2024-08-31,5,308.43,10,Card,1387.94
3129,218,392,2024-04-11,2,370.46,20,PayPal,592.74
3130,199,455,2024-01-15,5,142.69,10,UPI,642.11
3131,218,212,2023-05-25,1,356.87,0,PayPal,356.87
3132,62,458,2024-11-18,5,54.8,10,Card,246.6
3133,1,400,2024-02-15,5,219.43,0,UPI,1097.15
3134,969,414,2023-03-22,5,52.45,15,Card,222.91
3135,85,464,2023-03-06,2,156.77,0,Card,313.54
3136,283,499,2024-06-20,5,146.14,20,UPI,584.56
3137,291,302,2025-02-25,5,335.97,15,Cash,1427.87
3138,909,157,2023-01-26,1,93.3,10,PayPal,83.97
3139,651,296,2025-06-04,2,406.48,15,UPI,691.02
3140,101,375,2024-02-11,2,59.94,5,Cash,113.89
3141,105,266,2024-09-17,1,254.54,5,UPI,241.81
3142,759,471,2023-10-21,1,76.61,15,Cash,65.12
3143,889,241,2023-11-18,5,181.27,10,UPI,815.72
3144,122,455,2024-10-05,2,385.62,10,UPI,694.12
3145,628,198,2025-01-22,1,297.42,5,Cash,282.55
3146,930,113,2024-10-24,2,101.53,20,Cash,162.45
3147,964,389,2023-04-09,2,170.26,15,PayPal,289.44
3148,303,103,2023-08-01,5,144.58,15,UPI,614.47
3149,300,291,2024-08-26,3,181.22,5,UPI,516.48
3150,555,408,2023-10-11,1,155.48,15,UPI,132.16
3151,164,104,2023-03-23,1,420.92,0,PayPal,420.92
3152,835,195,2023-06-03,1,305.84,5,Card,290.55
3153,201,88,2023-05-28,3,189.64,10,Cash,512.03
3154,80,253,2024-05-08,3,483.21,5,UPI,1377.15
3155,175,244,2024-03-07,5,87.44,10,PayPal,393.48
3156,305,376,2024-07-05,3,302.01,20,PayPal,724.82
3157,677,98,2024-03-30,3,417.16,0,Cash,1251.48
3158,410,52,2023-10-09,3,287.83,5,UPI,820.32
3159,695,67,2024-08-01,3,267.73,5,Cash,763.03
3160,463,5,2023-07-25,3,448.06,10,UPI,1209.76
3161,160,32,2024-04-12,2,34.8,5,PayPal,66.12
3162,954,295,2023-07-10,1,186.0,10,Cash,167.4
3163,469,366,2024-01-13,5,412.52,10,PayPal,1856.34
3164,709,127,2023-07-29,4,47.47,0,Card,189.88
3165,439,473,2023-02-15,4,96.36,20,Cash,308.35
3166,539,137,2023-10-19,2,478.86,10,Cash,861.95
3167,962,459,2024-05-23,3,278.3,20,PayPal,667.92
3168,484,128,2023-04-28,5,347.45,10,Cash,1563.53
3169,638,500,2023-12-20,1,477.04,20,UPI,381.63
3170,222,29,2025-03-07,4,5.96,20,Card,19.07
3171,915,249,2025-05-31,1,403.97,0,Cash,403.97
3172,808,208,2023-09-06,3,180.85,20,UPI,434.04
3173,818,166,2024-11-29,4,92.21,15,Cash,313.51
3174,424,117,2024-09-28,2,405.37,5,Cash,770.2
3175,998,401,2023-09-28,4,437.63,15,PayPal,1487.94
3176,725,165,2023-10-13,5,329.26,5,Cash,1563.98
3177,652,485,2023-06-30,4,258.69,20,Card,827.81
3178,166,44,2025-05-08,5,307.32,15,Cash,1306.11
3179,826,428,2025-03-27,1,92.25,0,PayPal,92.25
3180,910,243,2023-01-06,2,422.11,0,Card,844.22
3181,723,428,2025-02-14,5,381.61,5,UPI,1812.65
3182,859,314,2023-05-16,1,311.67,5,Card,296.09
3183,49,42,2023-06-19,3,271.72,20,Card,652.13
3184,539,37,2024-02-22,4,276.48,0,Cash,1105.92
3185,219,319,2023-04-16,3,322.66,10,Card,871.18
3186,850,300,2025-06-11,4,71.55,5,PayPal,271.89
3187,897,161,2024-02-15,5,399.68,20,Cash,1598.72
3188,548,263,2025-04-20,2,59.88,5,Card,113.77
3189,970,107,2023-05-30,2,22.04,20,Card,35.26
3190,233,414,2024-10-06,1,437.28,5,Cash,415.42
3191,675,123,2023-01-28,1,255.84,15,Card,217.46
3192,55,240,2023-05-26,4,151.63,20,UPI,485.22
3193,581,189,2023-02-07,4,342.77,0,Cash,1371.08
3194,341,274,2024-12-29,4,184.74,20,Card,591.17
3195,631,472,2024-12-27,4,184.92,20,Card,591.74
3196,182,454,2023-04-15,3,183.0,0,Cash,549.0
3197,105,444,2024-08-23,3,258.14,20,Card,619.54
3198,652,288,2024-09-15,1,417.29,5,PayPal,396.43
3199,785,287,2025-03-30,5,29.33,20,PayPal,117.32
3200,453,358,2024-04-28,5,139.93,0,Card,699.65
3201,531,464,2025-05-18,4,26.32,20,PayPal,84.22
3202,533,179,2023-01-27,2,163.58,15,UPI,278.09
3203,268,143,2024-10-21,5,361.79,5,UPI,1718.5
3204,481,281,2024-01-07,1,387.11,15,PayPal,329.04
3205,714,326,2023-08-07,1,87.53,10,Cash,78.78
3206,559,148,2023-01-25,2,49.01,20,UPI,78.42
3207,9,214,2023-09-01,3,478.46,10,PayPal,1291.84
3208,912,379,2024-02-19,2,396.32,20,UPI,634.11
3209,34,287,2024-04-08,2,412.6,5,UPI,783.94
3210,591,236,2025-02-25,4,169.09,20,PayPal,541.09
3211,95,491,2024-08-24,1,204.79,20,Card,163.83
3212,493,150,2025-01-22,5,444.05,10,Card,1998.23
3213,204,21,2023-08-18,2,280.22,15,Cash,476.37
3214,267,240,2025-03-04,2,296.9,15,Card,504.73
3215,422,312,2025-03-22,4,406.65,20,UPI,1301.28
3216,500,104,2024-10-12,5,182.71,0,PayPal,913.55
3217,754,126,2024-09-11,1,217.62,5,PayPal,206.74
3218,232,206,2025-05-03,2,190.59,0,Cash,381.18
3219,658,449,2025-05-30,5,279.2,0,Cash,1396.0
3220,312,87,2023-03-30,2,95.48,15,UPI,162.32
3221,173,174,2024-05-05,4,372.57,20,Cash,1192.22
3222,674,182,2025-05-12,2,488.92,10,Card,880.06
3223,794,453,2025-05-12,3,233.6,0,Card,700.8
3224,515,473,2025-03-02,4,364.09,15,UPI,1237.91
3225,794,403,2024-06-11,5,237.9,0,UPI,1189.5
3226,751,63,2023-06-19,4,325.32,15,Card,1106.09
3227,957,362,2024-06-06,2,318.24,20,PayPal,509.18
3228,588,497,2024-03-07,1,28.2,10,Card,25.38
3229,272,64,2023-06-27,4,425.3,5,PayPal,1616.14
3230,924,421,2024-12-09,4,43.24,15,Card,147.02
3231,273,264,2023-08-18,1,334.98,15,UPI,284.73
3232,976,134,2024-05-15,5,407.77,20,Card,1631.08
3233,380,437,2023-07-02,5,119.1,20,Card,476.4
3234,878,26,2024-10-04,1,130.51,10,PayPal,117.46
3235,371,258,2025-04-03,5,167.48,0,PayPal,837.4
3236,319,417,2025-05-19,4,182.67,15,Cash,621.08
3237,344,296,2025-03-06,4,361.9,10,Card,1302.84
3238,828,85,2024-08-10,1,225.56,0,UPI,225.56
3239,256,219,2023-01-17,4,386.02,20,PayPal,1235.26
3240,268,312,2023-04-19,3,441.5,10,PayPal,1192.05
3241,848,133,2024-04-30,4,75.67,15,UPI,257.28
3242,14,466,2023-09-14,5,272.1,15,UPI,1156.42
3243,802,411,2023-01-27,5,265.14,5,UPI,1259.41
3244,720,181,2025-06-04,4,37.78,5,PayPal,143.56
3245,155,322,2025-02-23,1,391.89,10,Card,352.7
3246,960,313,2023-04-22,5,381.68,10,UPI,1717.56
3247,11,174,2024-12-06,3,432.44,0,Cash,1297.32
3248,495,4,2025-03-15,4,409.32,5,UPI,1555.42
3249,732,5,2023-08-24,1,131.62,15,Card,111.88
3250,406,437,2023-05-30,1,316.08,5,PayPal,300.28
3251,518,399,2023-12-31,1,10.33,20,Cash,8.26
3252,281,173,2024-01-26,2,491.16,20,UPI,785.86
3253,953,17,2024-02-06,1,352.63,15,UPI,299.74
3254,765,432,2025-04-19,1,184.1,20,PayPal,147.28
3255,220,301,2025-05-23,2,443.73,10,Cash,798.71
3256,201,260,2024-05-01,5,237.33,15,UPI,1008.65
3257,356,433,2024-04-15,4,77.29,5,UPI,293.7
3258,649,17,2025-06-18,5,255.21,15,UPI,1084.64
3259,235,5,2023-04-27,3,55.31,15,Cash,141.04
3260,340,31,2024-01-12,1,89.79,10,Card,80.81
3261,904,49,2023-10-17,5,373.29,0,PayPal,1866.45
3262,386,380,2023-04-08,3,388.57,20,PayPal,932.57
3263,770,167,2023-11-26,3,119.78,10,UPI,323.41
3264,8,197,2023-02-05,5,276.61,10,PayPal,1244.75
3265,449,426,2024-07-25,5,343.3,5,UPI,1630.67
3266,175,156,2024-02-19,2,169.96,0,PayPal,339.92
3267,964,202,2024-04-20,4,183.65,10,UPI,661.14
3268,116,459,2025-04-23,4,429.85,15,UPI,1461.49
3269,799,361,2024-11-07,4,240.44,5,PayPal,913.67
3270,498,441,2023-05-19,5,273.86,20,PayPal,1095.44
3271,254,13,2024-09-10,3,11.79,0,UPI,35.37
3272,697,469,2024-12-16,4,88.98,15,Cash,302.53
3273,335,428,2024-02-21,2,362.94,10,PayPal,653.29
3274,338,297,2023-01-09,2,398.23,0,Card,796.46
3275,888,372,2023-10-25,5,274.88,20,PayPal,1099.52
3276,253,71,2024-10-11,3,200.34,20,Card,480.82
3277,708,229,2024-02-25,5,100.09,20,Card,400.36
3278,458,472,2024-03-16,2,330.17,15,Card,561.29
3279,582,52,2024-12-12,3,166.43,0,PayPal,499.29
3280,886,65,2025-05-17,1,416.02,10,Card,374.42
3281,799,331,2023-05-24,3,103.69,5,PayPal,295.52
3282,395,305,2025-02-23,4,317.04,15,UPI,1077.94
3283,296,265,2024-09-02,3,390.31,20,Cash,936.74
3284,620,229,2024-08-06,1,364.1,10,UPI,327.69
3285,42,245,2023-05-06,4,213.25,5,Cash,810.35
3286,919,424,2025-06-08,4,230.87,15,Card,784.96
3287,83,57,2024-06-29,1,417.74,15,UPI,355.08
3288,535,105,2023-09-06,2,397.24,0,Card,794.48
3289,38,142,2024-01-30,4,486.6,10,PayPal,1751.76
3290,939,199,2024-06-26,1,325.88,15,PayPal,277.0
3291,306,192,2024-03-03,3,259.0,15,PayPal,660.45
3292,980,431,2024-04-13,1,176.11,10,PayPal,158.5
3293,427,323,2024-06-07,3,492.59,15,Card,1256.1
3294,667,87,2023-07-03,3,216.36,5,PayPal,616.63
3295,592,477,2024-04-08,1,185.95,10,UPI,167.35
3296,674,496,2023-06-09,4,23.1,15,UPI,78.54
3297,245,33,2023-04-18,1,110.45,15,PayPal,93.88
3298,92,86,2023-07-09,4,208.61,5,PayPal,792.72
3299,79,440,2024-12-26,2,190.96,20,PayPal,305.54
3300,700,456,2023-01-07,1,361.06,10,Card,324.95
3301,862,425,2024-04-05,1,299.14,0,Card,299.14
3302,866,179,2024-11-22,5,46.72,15,PayPal,198.56
3303,45,477,2024-08-07,3,315.51,5,UPI,899.2
3304,530,47,2023-05-21,3,436.26,10,Cash,1177.9
3305,674,364,2025-05-08,3,421.67,20,PayPal,1012.01
3306,535,439,2025-04-08,1,12.96,0,Card,12.96
3307,921,169,2023-08-25,4,71.97,20,Cash,230.3
3308,148,45,2025-04-15,2,129.8,20,UPI,207.68
3309,633,121,2023-10-21,1,52.77,10,Cash,47.49
3310,642,171,2023-02-05,3,444.94,10,Cash,1201.34
3311,105,193,2023-09-30,1,348.54,5,PayPal,331.11
3312,966,96,2025-06-03,5,9.63,10,Cash,43.34
3313,713,14,2024-08-22,4,440.76,10,Card,1586.74
3314,742,360,2024-01-11,5,407.86,10,Card,1835.37
3315,101,450,2024-07-20,1,305.79,5,Cash,290.5
3316,781,18,2023-08-26,1,41.27,5,Card,39.21
3317,131,138,2024-01-14,3,495.88,20,UPI,1190.11
3318,342,5,2025-01-26,4,296.47,20,PayPal,948.7
3319,689,435,2024-12-20,5,182.87,5,UPI,868.63
3320,690,314,2023-11-12,2,252.46,20,Card,403.94
3321,836,135,2024-03-07,5,157.91,15,PayPal,671.12
3322,237,80,2025-05-12,5,483.49,10,Cash,2175.7
3323,141,443,2025-03-29,1,157.56,15,UPI,133.93
3324,456,372,2024-03-13,2,42.05,15,UPI,71.48
3325,623,408,2024-10-31,2,463.6,20,PayPal,741.76
3326,72,100,2023-08-10,5,236.18,0,PayPal,1180.9
3327,943,376,2023-10-29,2,377.77,0,Cash,755.54
3328,352,147,2024-11-01,2,178.99,20,UPI,286.38
3329,140,393,2025-03-07,5,230.56,15,Card,979.88
3330,438,36,2024-07-03,2,162.33,20,PayPal,259.73
3331,254,58,2023-03-26,2,113.52,5,Card,215.69
3332,510,464,2025-05-14,3,445.83,15,PayPal,1136.87
3333,897,418,2024-02-16,5,440.03,10,Card,1980.13
3334,247,480,2024-02-03,4,32.78,5,Cash,124.56
3335,98,384,2023-06-06,3,10.85,0,PayPal,32.55
3336,70,360,2024-07-25,1,345.0,0,PayPal,345.0
3337,15,258,2023-10-16,3,347.84,20,Card,834.82
3338,664,97,2023-11-11,5,28.02,0,PayPal,140.1
3339,794,452,2025-03-16,2,137.64,5,UPI,261.52
3340,878,96,2024-12-11,5,420.43,10,PayPal,1891.94
3341,332,445,2024-11-03,5,277.93,10,Card,1250.69
3342,774,316,2024-10-10,4,331.59,15,Card,1127.41
3343,306,249,2024-11-30,3,153.51,10,Cash,414.48
3344,716,441,2023-10-21,3,390.51,10,UPI,1054.38
3345,829,338,2025-01-18,1,87.64,10,UPI,78.88
3346,221,390,2023-10-02,4,448.79,0,Cash,1795.16
3347,344,387,2025-05-22,4,403.79,5,PayPal,1534.4
3348,376,435,2023-08-18,4,276.18,15,Cash,939.01
3349,716,3,2023-04-19,4,282.65,15,Cash,961.01
3350,197,287,2025-02-17,4,27.73,0,PayPal,110.92
3351,190,438,2024-04-21,1,374.58,5,PayPal,355.85
3352,866,375,2023-07-25,2,16.43,10,Card,29.57
3353,422,9,2023-06-27,1,356.63,15,PayPal,303.14
3354,377,116,2024-03-28,3,279.67,5,Cash,797.06
3355,379,81,2025-01-30,2,458.62,20,Cash,733.79
3356,654,201,2024-02-25,3,122.63,0,UPI,367.89
3357,175,256,2023-07-17,3,65.69,10,UPI,177.36
3358,378,482,2023-04-05,1,478.76,20,UPI,383.01
3359,747,137,2025-06-05,3,148.41,10,Cash,400.71
3360,942,240,2023-01-07,5,216.42,20,PayPal,865.68
3361,822,217,2025-02-18,1,433.17,10,UPI,389.85
3362,550,285,2023-06-19,1,385.25,10,UPI,346.73
3363,456,382,2024-12-08,3,492.21,0,Card,1476.63
3364,856,374,2024-11-05,1,498.67,10,PayPal,448.8
3365,598,202,2024-11-21,2,402.6,20,PayPal,644.16
3366,320,98,2025-04-28,3,206.47,5,Card,588.44
3367,354,173,2023-02-05,2,189.04,10,PayPal,340.27
3368,452,9,2023-05-06,3,161.12,15,UPI,410.86
3369,935,227,2025-06-06,5,109.08,20,Card,436.32
3370,52,119,2023-12-26,1,185.0,20,Card,148.0
3371,245,152,2024-07-13,1,279.77,15,Cash,237.8
3372,73,330,2025-05-04,1,294.02,15,Cash,249.92
3373,298,39,2023-08-09,2,103.69,5,PayPal,197.01
3374,503,164,2024-12-27,5,187.01,0,UPI,935.05
3375,676,363,2023-07-26,4,283.76,20,Card,908.03
3376,82,288,2024-03-08,4,37.74,0,PayPal,150.96
3377,536,172,2025-02-11,5,213.16,0,Card,1065.8
3378,615,101,2025-01-01,3,412.7,10,Cash,1114.29
3379,57,45,2024-08-30,3,393.07,10,Card,1061.29
3380,984,27,2023-01-15,1,424.03,20,Card,339.22
3381,802,452,2024-05-17,5,11.39,20,UPI,45.56
3382,416,121,2023-06-06,5,370.37,15,UPI,1574.07
3383,873,380,2024-03-17,4,199.39,0,Card,797.56
3384,724,338,2023-07-03,4,462.01,10,UPI,1663.24
3385,884,349,2023-01-17,1,42.83,20,Card,34.26
3386,250,388,2023-06-23,1,150.59,10,UPI,135.53
3387,927,28,2023-12-13,2,433.84,10,Card,780.91
3388,574,283,2024-12-08,1,167.93,10,UPI,151.14
3389,96,493,2024-05-10,5,398.64,5,Card,1893.54
3390,775,463,2023-02-11,4,449.31,5,Card,1707.38
3391,87,500,2023-09-12,2,78.83,5,UPI,149.78
3392,775,487,2023-06-05,5,151.45,5,UPI,719.39
3393,21,162,2023-02-20,1,224.65,5,PayPal,213.42
3394,32,274,2024-08-15,5,433.77,15,Card,1843.52
3395,98,480,2023-10-11,2,499.85,20,UPI,799.76
3396,49,52,2023-04-29,3,303.55,0,UPI,910.65
3397,936,384,2024-01-13,5,321.74,5,Card,1528.26
3398,444,233,2025-03-17,5,301.15,5,UPI,1430.46
3399,484,32,2024-07-08,2,385.49,0,UPI,770.98
3400,150,495,2025-03-21,2,333.7,5,Card,634.03
3401,149,317,2023-07-06,5,229.77,15,PayPal,976.52
3402,845,424,2024-07-16,3,89.04,15,Card,227.05
3403,838,444,2023-10-29,1,203.87,20,Card,163.1
3404,186,423,2023-03-17,3,372.15,0,UPI,1116.45
3405,835,206,2023-09-19,1,339.4,10,Cash,305.46
3406,92,193,2023-05-27,5,238.99,15,Cash,1015.71
3407,980,479,2024-11-01,5,102.47,20,UPI,409.88
3408,360,106,2024-04-16,4,334.12,0,PayPal,1336.48
3409,213,344,2024-01-13,2,368.23,5,PayPal,699.64
3410,511,117,2024-07-15,1,361.33,20,Card,289.06
3411,350,144,2024-01-06,3,249.5,20,Cash,598.8
3412,655,79,2023-12-10,3,300.2,20,Cash,720.48
3413,200,190,2024-08-07,1,181.72,20,Cash,145.38
3414,115,355,2024-10-30,4,108.39,0,UPI,433.56
3415,535,447,2023-09-26,3,72.78,20,Card,174.67
3416,328,234,2023-07-16,5,296.1,0,Card,1480.5
3417,262,112,2023-12-10,3,134.57,0,PayPal,403.71
3418,1000,292,2023-06-12,4,352.6,15,UPI,1198.84
3419,222,377,2025-01-06,3,343.89,0,UPI,1031.67
3420,407,93,2023-09-27,4,6.85,5,PayPal,26.03
3421,761,392,2023-04-04,1,86.6,10,Card,77.94
3422,608,414,2023-01-26,4,495.28,0,PayPal,1981.12
3423,87,2,2025-04-19,5,321.77,15,PayPal,1367.52
3424,605,439,2024-09-10,4,192.6,10,PayPal,693.36
3425,892,271,2023-09-10,4,388.55,20,UPI,1243.36
3426,572,12,2024-09-13,5,158.94,0,UPI,794.7
3427,336,350,2025-04-16,3,96.6,0,Card,289.8
3428,954,283,2023-08-21,5,15.88,10,UPI,71.46
3429,482,57,2024-06-15,2,471.71,5,PayPal,896.25
3430,900,263,2025-01-16,3,67.05,15,UPI,170.98
3431,484,221,2024-04-23,5,194.08,0,PayPal,970.4
3432,743,355,2024-03-16,4,60.69,20,Card,194.21
3433,278,373,2024-04-10,4,374.18,20,Card,1197.38
3434,814,462,2025-01-28,4,483.61,15,PayPal,1644.27
3435,41,322,2023-11-04,5,427.43,5,Cash,2030.29
3436,7,57,2025-05-13,2,341.42,10,UPI,614.56
3437,921,344,2023-02-04,5,316.29,15,Card,1344.23
3438,150,85,2023-08-23,1,488.19,15,Cash,414.96
3439,124,89,2024-05-05,2,465.66,10,UPI,838.19
3440,773,414,2024-11-30,5,353.24,10,PayPal,1589.58
3441,29,176,2024-03-21,4,415.35,15,Cash,1412.19
3442,656,220,2023-01-11,2,97.74,10,PayPal,175.93
3443,547,10,2025-04-15,3,263.74,15,UPI,672.54
3444,15,220,2023-01-02,5,333.32,20,Card,1333.28
3445,465,458,2025-05-16,3,192.1,5,Cash,547.48
3446,46,449,2023-06-05,3,45.29,5,Cash,129.08
3447,936,173,2024-10-12,3,164.36,15,Cash,419.12
3448,933,7,2024-07-04,2,30.84,10,PayPal,55.51
3449,582,437,2025-04-20,1,114.4,10,Card,102.96
3450,474,395,2023-07-04,1,125.94,5,Card,119.64
3451,693,437,2025-02-14,1,154.6,10,UPI,139.14
3452,694,21,2023-02-02,5,123.2,0,UPI,616.0
3453,893,341,2025-05-31,3,441.75,20,PayPal,1060.2
3454,674,461,2023-08-23,5,26.56,5,PayPal,126.16
3455,673,111,2025-05-06,3,69.97,5,Card,199.41
3456,575,12,2024-10-26,2,220.59,15,Cash,375.0
3457,99,258,2023-04-22,3,437.4,15,Cash,1115.37
3458,209,113,2025-04-14,4,129.83,15,UPI,441.42
3459,509,118,2025-01-15,4,261.51,15,PayPal,889.13
3460,958,170,2023-09-14,2,419.8,15,Cash,713.66
3461,754,23,2025-06-15,4,440.42,15,UPI,1497.43
3462,531,259,2023-01-04,1,437.33,5,Card,415.46
3463,839,195,2023-06-06,4,418.04,0,UPI,1672.16
3464,414,353,2023-07-19,1,229.74,0,Card,229.74
3465,450,283,2024-06-02,3,431.32,10,Card,1164.56
3466,847,265,2023-02-27,1,337.98,5,PayPal,321.08
3467,111,122,2025-01-16,2,376.19,20,UPI,601.9
3468,22,88,2023-04-10,2,226.75,15,Card,385.47
3469,778,269,2023-04-04,4,220.36,20,Card,705.15
3470,447,25,2024-08-17,2,491.39,0,Cash,982.78
3471,486,183,2023-02-12,5,126.04,10,Cash,567.18
3472,785,323,2024-12-24,1,301.72,0,PayPal,301.72
3473,892,38,2024-07-09,3,39.03,5,UPI,111.24
3474,367,98,2023-11-14,3,498.79,15,Cash,1271.91
3475,526,402,2024-07-12,5,204.82,15,UPI,870.48
3476,491,242,2024-04-09,5,254.52,20,PayPal,1018.08
3477,761,170,2025-03-20,3,151.85,0,UPI,455.55
3478,18,94,2025-01-24,5,438.08,10,UPI,1971.36
3479,14,237,2023-12-30,3,406.03,0,UPI,1218.09
3480,678,344,2023-01-23,1,63.77,20,UPI,51.02
3481,153,73,2023-03-11,1,340.22,10,Cash,306.2
3482,753,476,2023-09-20,4,47.0,10,Card,169.2
3483,610,323,2025-05-24,1,53.96,20,Cash,43.17
3484,445,90,2024-07-06,5,63.62,15,Card,270.38
3485,188,252,2024-11-17,1,380.44,0,PayPal,380.44
3486,586,161,2025-03-26,2,305.52,5,Cash,580.49
3487,257,301,2023-02-25,5,150.36,0,Cash,751.8
3488,770,475,2024-04-14,2,190.73,0,Card,381.46
3489,624,369,2024-04-17,2,427.48,15,Card,726.72
3490,956,196,2023-10-28,5,238.57,10,Cash,1073.57
3491,555,235,2024-05-11,2,480.52,15,UPI,816.88
3492,266,416,2023-03-18,1,322.48,20,PayPal,257.98
3493,590,41,2023-03-16,2,448.15,15,PayPal,761.85
3494,716,296,2025-04-21,3,181.71,0,PayPal,545.13
3495,476,390,2024-01-30,5,496.85,20,UPI,1987.4
3496,763,203,2023-12-29,4,96.53,20,UPI,308.9
3497,806,411,2025-05-02,4,300.52,15,Cash,1021.77
3498,502,486,2023-07-15,5,371.59,20,UPI,1486.36
3499,304,451,2025-02-26,4,473.53,20,Cash,1515.3
3500,449,400,2025-01-14,2,348.39,10,UPI,627.1
3501,177,494,2023-11-10,1,229.46,10,UPI,206.51
3502,834,112,2023-12-26,5,234.59,0,Cash,1172.95
3503,492,435,2023-04-11,4,439.11,5,UPI,1668.62
3504,357,54,2023-12-15,5,429.13,20,Card,1716.52
3505,331,129,2025-05-24,2,403.19,20,UPI,645.1
3506,793,456,2023-12-12,2,180.05,5,Card,342.1
3507,369,153,2024-09-12,5,19.43,10,UPI,87.44
3508,622,126,2024-10-20,2,240.11,5,Card,456.21
3509,205,122,2024-09-21,5,103.12,15,Card,438.26
3510,596,493,2024-03-12,1,114.71,0,Card,114.71
3511,999,361,2023-08-07,4,379.48,20,Card,1214.34
3512,402,270,2024-12-28,5,157.85,0,Cash,789.25
3513,35,289,2024-11-27,2,428.57,10,PayPal,771.43
3514,880,53,2023-05-23,5,230.14,0,Cash,1150.7
3515,16,269,2023-06-04,4,193.84,15,PayPal,659.06
3516,103,301,2023-04-23,5,174.33,20,Card,697.32
3517,97,135,2023-02-20,4,245.53,5,UPI,933.01
3518,488,300,2023-09-14,5,111.21,0,Card,556.05
3519,903,65,2024-07-31,1,404.39,15,Cash,343.73
3520,57,72,2023-06-06,2,48.49,5,UPI,92.13
3521,566,250,2024-04-17,5,180.13,20,Cash,720.52
3522,322,315,2023-09-25,4,274.01,15,Cash,931.63
3523,609,364,2025-06-11,4,342.77,10,UPI,1233.97
3524,522,318,2023-05-27,3,264.43,15,Card,674.3
3525,459,155,2023-03-19,1,439.54,20,Cash,351.63
3526,186,280,2024-07-24,2,482.02,5,PayPal,915.84
3527,974,309,2023-08-25,2,150.4,20,Cash,240.64
3528,155,360,2025-04-06,5,277.13,0,PayPal,1385.65
3529,748,441,2024-05-09,1,100.3,20,UPI,80.24
3530,368,59,2023-06-17,5,295.34,10,Cash,1329.03
3531,751,350,2024-05-17,3,279.08,20,UPI,669.79
3532,311,472,2024-06-27,2,477.78,20,PayPal,764.45
3533,803,136,2025-05-09,5,392.75,10,Cash,1767.38
3534,478,96,2023-06-16,2,412.09,5,Cash,782.97
3535,33,107,2025-04-30,2,339.91,15,Card,577.85
3536,564,208,2023-01-07,5,354.45,20,PayPal,1417.8
3537,474,310,2025-01-24,1,393.55,15,PayPal,334.52
3538,457,299,2025-03-06,3,479.76,0,Card,1439.28
3539,828,370,2023-02-04,1,133.81,10,UPI,120.43
3540,253,136,2025-04-16,3,119.99,5,Cash,341.97
3541,50,51,2024-12-07,4,93.14,5,Card,353.93
3542,945,365,2023-01-11,4,340.15,20,Card,1088.48
3543,535,225,2025-02-23,5,128.49,10,UPI,578.21
3544,513,215,2024-04-16,2,16.07,20,UPI,25.71
3545,252,224,2025-04-09,3,101.53,5,Cash,289.36
3546,115,6,2025-01-18,1,408.42,15,Cash,347.16
3547,447,219,2024-03-14,2,89.36,20,PayPal,142.98
3548,830,310,2024-08-02,3,453.33,20,UPI,1087.99
3549,946,38,2025-01-09,2,197.28,15,Cash,335.38
3550,751,263,2024-12-25,1,487.64,10,Cash,438.88
3551,361,455,2023-03-28,1,234.13,10,Card,210.72
3552,634,242,2024-08-11,3,166.96,0,Card,500.88
3553,438,180,2024-06-09,5,309.67,20,UPI,1238.68
3554,308,123,2024-12-08,5,423.33,5,Cash,2010.82
3555,731,472,2024-12-12,3,204.09,5,UPI,581.66
3556,615,324,2023-10-10,3,173.41,20,UPI,416.18
3557,190,221,2023-04-05,5,442.5,0,Card,2212.5
3558,27,400,2023-05-18,1,235.23,10,Cash,211.71
3559,84,285,2023-05-08,4,69.63,0,Card,278.52
3560,258,172,2024-03-16,5,291.49,20,Card,1165.96
3561,340,22,2024-04-11,5,67.76,20,UPI,271.04
3562,844,192,2024-11-25,5,234.92,10,UPI,1057.14
3563,796,470,2023-09-29,3,250.5,5,Cash,713.92
3564,483,153,2023-08-04,1,151.97,0,PayPal,151.97
3565,491,421,2024-02-27,1,39.04,10,UPI,35.14
3566,911,114,2023-03-17,1,247.4,0,PayPal,247.4
3567,320,209,2025-01-06,1,51.08,10,Card,45.97
3568,237,181,2024-12-19,5,162.33,15,Card,689.9
3569,230,325,2025-05-01,3,405.79,0,Card,1217.37
3570,611,445,2024-04-10,2,243.35,10,Cash,438.03
3571,491,172,2025-05-24,4,236.19,15,UPI,803.05
3572,427,91,2023-05-27,2,220.15,10,UPI,396.27
3573,874,71,2025-02-13,1,52.36,15,UPI,44.51
3574,980,468,2024-05-13,1,460.12,20,PayPal,368.1
3575,193,140,2025-01-12,2,19.98,5,UPI,37.96
3576,914,483,2024-04-28,5,367.71,20,Cash,1470.84
3577,59,445,2023-05-14,3,136.11,0,UPI,408.33
3578,501,371,2025-01-02,4,70.13,20,PayPal,224.42
3579,5,333,2023-12-25,2,402.17,10,PayPal,723.91
3580,841,483,2023-01-31,5,398.1,10,Cash,1791.45
3581,348,308,2024-09-19,2,398.37,20,UPI,637.39
3582,792,127,2023-10-17,3,470.58,10,PayPal,1270.57
3583,542,353,2024-10-10,3,132.62,15,UPI,338.18
3584,238,450,2024-11-09,3,333.71,15,UPI,850.96
3585,350,403,2023-10-15,4,94.61,10,UPI,340.6
3586,293,178,2025-04-30,2,343.53,20,UPI,549.65
3587,770,189,2024-10-30,1,360.59,10,Cash,324.53
3588,922,233,2025-01-24,5,362.22,5,PayPal,1720.55
3589,460,327,2023-01-12,4,231.97,15,Cash,788.7
3590,771,351,2024-09-26,1,382.62,15,PayPal,325.23
3591,475,217,2024-11-23,3,238.06,10,UPI,642.76
3592,821,237,2023-01-28,2,235.09,0,Cash,470.18
3593,644,415,2023-08-16,5,445.82,5,Card,2117.64
3594,146,102,2024-12-29,3,304.16,10,UPI,821.23
3595,520,182,2023-08-10,2,357.89,10,Cash,644.2
3596,219,391,2023-02-08,3,123.76,5,UPI,352.72
3597,647,155,2025-03-07,1,69.65,15,Cash,59.2
3598,259,269,2024-11-10,5,46.73,0,Cash,233.65
3599,554,34,2024-03-16,5,224.98,10,Cash,1012.41
3600,235,305,2023-03-12,3,367.52,5,UPI,1047.43
3601,80,499,2025-05-26,1,228.51,10,PayPal,205.66
3602,354,402,2024-09-16,3,236.72,10,PayPal,639.14
3603,588,215,2024-12-05,5,340.04,5,Card,1615.19
3604,492,393,2023-09-30,4,64.77,20,Cash,207.26
3605,368,463,2024-09-12,3,388.19,10,PayPal,1048.11
3606,314,92,2024-02-03,1,223.47,10,Cash,201.12
3607,506,240,2023-03-30,2,348.4,5,PayPal,661.96
3608,135,248,2024-08-22,5,407.68,10,UPI,1834.56
3609,813,376,2023-09-20,3,197.33,0,UPI,591.99
3610,997,23,2025-05-26,4,279.67,10,PayPal,1006.81
3611,404,82,2024-09-21,1,160.14,20,PayPal,128.11
3612,905,327,2024-07-11,5,47.43,15,UPI,201.58
3613,246,252,2023-07-07,4,384.57,20,PayPal,1230.62
3614,526,63,2024-04-28,5,349.55,10,Card,1572.98
3615,501,107,2024-08-13,4,270.76,5,UPI,1028.89
3616,994,177,2024-02-27,4,298.99,20,Card,956.77
3617,834,135,2024-01-20,4,131.1,5,Cash,498.18
3618,521,277,2024-07-29,3,40.53,10,UPI,109.43
3619,756,395,2024-03-18,2,104.23,0,PayPal,208.46
3620,923,43,2023-04-24,5,157.85,15,Card,670.86
3621,74,192,2023-09-16,1,339.08,0,Card,339.08
3622,346,275,2023-07-15,1,67.72,20,Card,54.18
3623,772,101,2024-04-14,2,342.45,15,PayPal,582.16
3624,340,464,2023-11-16,4,62.33,20,PayPal,199.46
3625,23,405,2024-03-13,1,190.12,10,PayPal,171.11
3626,914,483,2023-04-24,3,220.87,15,PayPal,563.22
3627,709,464,2024-01-31,4,443.19,15,PayPal,1506.85
3628,209,58,2025-02-22,3,257.4,15,Cash,656.37
3629,999,239,2023-04-13,5,148.19,5,Card,703.9
3630,62,11,2024-02-05,3,229.03,15,UPI,584.03
3631,84,125,2025-01-22,1,159.95,15,UPI,135.96
3632,513,17,2024-03-20,1,55.75,15,Cash,47.39
3633,770,209,2024-11-10,3,399.34,0,Card,1198.02
3634,477,299,2023-09-19,4,444.93,0,Card,1779.72
3635,875,168,2023-08-14,1,7.59,5,Cash,7.21
3636,391,101,2024-03-20,2,444.2,5,UPI,843.98
3637,374,148,2024-09-25,4,302.66,0,Cash,1210.64
3638,391,39,2024-11-30,5,194.46,15,UPI,826.46
3639,630,66,2025-03-28,1,34.43,0,UPI,34.43
3640,417,173,2023-08-11,3,428.52,5,PayPal,1221.28
3641,72,82,2024-08-04,2,419.66,10,Card,755.39
3642,31,30,2024-08-13,1,385.46,20,Card,308.37
3643,797,196,2024-08-27,4,288.88,15,PayPal,982.19
3644,165,234,2024-11-24,1,68.16,0,UPI,68.16
3645,197,217,2024-03-13,2,315.98,5,Cash,600.36
3646,169,104,2024-10-10,4,346.02,20,Card,1107.26
3647,50,443,2024-04-20,2,455.05,5,Card,864.6
3648,699,425,2024-03-07,3,89.7,5,PayPal,255.65
3649,496,433,2025-05-27,1,364.17,5,PayPal,345.96
3650,442,491,2023-08-14,5,387.55,10,UPI,1743.98
3651,99,372,2025-06-18,3,96.27,15,Card,245.49
3652,895,75,2024-04-01,4,70.01,5,UPI,266.04
3653,888,170,2024-09-16,5,42.84,20,UPI,171.36
3654,197,277,2024-10-11,2,361.29,20,Card,578.06
3655,573,226,2023-06-14,3,203.22,5,Cash,579.18
3656,126,498,2023-12-31,1,31.22,0,PayPal,31.22
3657,616,127,2023-05-21,4,139.58,10,UPI,502.49
3658,518,423,2024-08-09,1,151.09,5,Cash,143.54
3659,974,407,2023-09-17,5,151.0,10,PayPal,679.5
3660,178,46,2024-01-24,3,147.51,10,Cash,398.28
3661,565,84,2025-04-15,1,287.79,15,PayPal,244.62
3662,850,70,2023-12-15,4,367.33,0,Card,1469.32
3663,933,396,2024-08-03,5,99.84,20,Card,399.36
3664,936,44,2024-11-23,2,436.81,0,Card,873.62
3665,318,59,2024-05-23,3,186.45,20,UPI,447.48
3666,925,132,2024-05-09,3,64.59,10,Card,174.39
3667,7,388,2025-02-17,2,318.42,0,Cash,636.84
3668,977,158,2024-05-07,5,190.33,20,UPI,761.32
3669,568,468,2025-02-06,2,411.03,10,Cash,739.85
3670,623,476,2023-08-02,1,227.54,10,PayPal,204.79
3671,713,482,2024-10-23,5,118.5,0,Card,592.5
3672,926,410,2023-11-11,1,491.97,10,Cash,442.77
3673,52,147,2025-06-19,4,134.74,10,Cash,485.06
3674,722,398,2023-07-27,4,79.76,0,UPI,319.04
3675,218,480,2023-09-22,5,8.92,10,PayPal,40.14
3676,761,400,2023-09-28,4,36.1,20,Card,115.52
3677,178,427,2023-05-24,5,65.12,0,Card,325.6
3678,204,142,2024-07-05,1,254.93,10,UPI,229.44
3679,880,15,2024-02-18,3,435.28,5,UPI,1240.55
3680,957,14,2025-01-10,5,463.12,0,Card,2315.6
3681,767,256,2024-08-26,5,212.68,20,Cash,850.72
3682,370,224,2024-06-19,3,44.71,10,UPI,120.72
3683,418,485,2023-03-15,3,284.93,15,UPI,726.57
3684,135,32,2025-05-20,2,260.53,0,Cash,521.06
3685,5,25,2023-09-29,4,303.5,5,PayPal,1153.3
3686,669,30,2023-04-22,5,437.3,10,Cash,1967.85
3687,854,101,2024-07-31,1,119.19,20,PayPal,95.35
3688,392,417,2024-07-17,2,108.15,10,Cash,194.67
3689,708,359,2023-12-30,4,58.04,20,Card,185.73
3690,986,449,2023-05-20,4,411.64,5,Cash,1564.23
3691,260,450,2023-12-17,1,419.6,10,PayPal,377.64
3692,941,497,2025-01-14,1,346.62,20,PayPal,277.3
3693,926,90,2024-09-27,2,278.07,10,PayPal,500.53
3694,612,25,2024-10-11,4,236.8,15,UPI,805.12
3695,34,73,2025-03-03,1,123.8,15,Cash,105.23
3696,442,284,2023-01-02,5,207.4,0,Card,1037.0
3697,20,160,2025-03-12,4,365.63,5,Card,1389.39
3698,512,446,2024-06-09,5,383.37,20,Card,1533.48
3699,147,30,2023-08-10,5,214.2,15,Cash,910.35
3700,603,437,2023-05-27,3,94.47,10,PayPal,255.07
3701,965,312,2023-12-25,2,121.04,15,PayPal,205.77
3702,781,336,2025-05-17,1,137.95,0,UPI,137.95
3703,327,326,2025-02-19,5,292.75,5,UPI,1390.56
3704,896,238,2023-07-25,2,118.37,5,UPI,224.9
3705,302,99,2023-05-05,2,213.58,0,Card,427.16
3706,219,489,2024-04-22,1,218.84,20,Cash,175.07
3707,836,171,2024-12-25,5,269.11,20,UPI,1076.44
3708,736,187,2025-04-21,4,251.85,0,Card,1007.4
3709,607,84,2025-03-31,4,71.45,0,Card,285.8
3710,3,284,2023-06-04,2,82.84,10,PayPal,149.11
3711,683,350,2025-05-02,1,15.0,20,Cash,12.0
3712,436,489,2024-07-12,5,5.59,10,Cash,25.16
3713,575,407,2024-07-21,3,433.84,15,Card,1106.29
3714,474,121,2025-03-22,3,324.26,15,PayPal,826.86
3715,986,34,2024-06-17,3,322.85,10,Cash,871.7
3716,4,409,2024-10-24,5,245.42,0,Card,1227.1
3717,782,55,2024-01-21,5,53.25,5,PayPal,252.94
3718,223,330,2023-09-11,4,146.27,5,UPI,555.83
3719,393,223,2024-03-08,5,335.15,5,Card,1591.96
3720,258,98,2024-04-21,1,197.64,10,PayPal,177.88
3721,13,500,2023-03-18,1,149.83,15,Cash,127.36
3722,921,67,2025-03-18,3,57.6,15,PayPal,146.88
3723,80,42,2024-05-31,1,113.48,0,UPI,113.48
3724,893,318,2024-08-13,2,498.52,10,Card,897.34
3725,491,463,2024-08-11,5,424.06,5,PayPal,2014.29
3726,2,479,2023-01-03,3,285.81,0,Card,857.43
3727,986,124,2023-08-27,2,487.64,5,Cash,926.52
3728,483,56,2023-10-20,2,434.39,15,UPI,738.46
3729,823,101,2024-11-09,5,408.07,10,UPI,1836.32
3730,434,491,2023-09-24,1,137.07,0,PayPal,137.07
3731,534,223,2023-10-06,4,323.18,20,Cash,1034.18
3732,681,312,2023-11-16,3,362.68,10,Cash,979.24
3733,335,422,2023-05-28,1,443.66,15,Cash,377.11
3734,501,202,2025-01-14,3,200.65,0,Card,601.95
3735,349,161,2023-06-12,3,369.21,0,PayPal,1107.63
3736,589,105,2024-07-03,3,284.59,5,PayPal,811.08
3737,437,353,2024-09-09,1,275.28,15,Card,233.99
3738,598,380,2023-07-13,2,398.19,10,Card,716.74
3739,702,141,2024-11-09,4,127.71,0,Card,510.84
3740,19,344,2024-12-10,3,345.22,20,PayPal,828.53
3741,755,86,2025-04-16,1,267.91,20,Cash,214.33
3742,74,86,2025-03-14,2,225.34,5,UPI,428.15
3743,799,180,2023-02-28,3,193.71,5,UPI,552.07
3744,417,245,2023-10-17,5,315.18,5,Card,1497.11
3745,432,51,2024-04-22,1,262.48,0,Cash,262.48
3746,876,163,2024-09-14,1,430.7,15,Card,366.09
3747,604,52,2024-05-21,3,461.71,20,Card,1108.1
3748,441,448,2024-02-02,1,327.73,5,UPI,311.34
3749,508,4,2023-05-02,3,155.16,15,Cash,395.66
3750,474,53,2024-08-06,2,340.27,0,Cash,680.54
3751,363,455,2024-05-29,1,119.88,5,UPI,113.89
3752,580,2,2023-06-19,2,378.17,10,Card,680.71
3753,543,49,2025-01-07,2,121.85,15,PayPal,207.14
3754,864,249,2024-02-21,2,490.82,20,UPI,785.31
3755,285,89,2023-05-26,3,129.69,5,Cash,369.62
3756,172,242,2024-11-19,1,283.93,20,Card,227.14
3757,266,393,2025-06-14,5,468.01,5,Card,2223.05
3758,981,52,2024-04-16,2,491.01,10,UPI,883.82
3759,65,213,2025-05-19,2,477.1,10,Card,858.78
3760,293,189,2025-01-09,5,444.63,5,Card,2111.99
3761,975,57,2025-04-18,3,466.55,15,Cash,1189.7
3762,913,24,2024-01-25,2,271.58,15,Cash,461.69
3763,890,208,2023-05-17,5,321.71,0,Card,1608.55
3764,570,498,2025-03-19,1,52.19,0,Card,52.19
3765,226,181,2023-04-17,1,6.64,20,UPI,5.31
3766,582,101,2024-09-27,3,28.95,5,UPI,82.51
3767,754,49,2024-12-10,5,496.29,10,UPI,2233.31
3768,753,451,2025-03-04,3,212.64,5,Card,606.02
3769,20,305,2024-09-06,3,261.27,10,Cash,705.43
3770,383,312,2023-11-22,1,419.13,5,PayPal,398.17
3771,894,294,2023-03-16,3,216.94,10,PayPal,585.74
3772,201,498,2024-11-15,1,114.72,0,PayPal,114.72
3773,941,9,2023-03-22,2,197.14,15,UPI,335.14
3774,3,480,2024-11-09,3,16.82,15,UPI,42.89
3775,572,344,2023-01-17,4,488.4,10,PayPal,1758.24
3776,363,441,2023-08-18,4,138.34,20,UPI,442.69
3777,812,201,2025-04-12,2,329.58,0,PayPal,659.16
3778,457,316,2023-01-27,2,429.28,5,Card,815.63
3779,527,394,2024-08-12,3,95.91,20,Card,230.18
3780,230,16,2025-04-20,5,407.19,0,UPI,2035.95
3781,173,188,2025-01-06,1,219.2,0,Cash,219.2
3782,166,2,2024-02-29,5,284.55,10,UPI,1280.48
3783,910,430,2024-08-23,5,269.86,10,Cash,1214.37
3784,927,491,2023-11-15,4,108.75,15,UPI,369.75
3785,237,325,2024-01-11,3,34.03,0,UPI,102.09
3786,850,84,2023-01-26,1,467.79,5,Cash,444.4
3787,523,215,2023-04-19,1,54.36,15,UPI,46.21
3788,39,126,2024-04-24,5,480.97,5,Cash,2284.61
3789,153,437,2025-03-16,3,334.63,15,Cash,853.31
3790,57,465,2025-06-16,5,474.02,10,PayPal,2133.09
3791,665,348,2023-02-10,3,293.75,20,PayPal,705.0
3792,711,441,2023-11-15,3,299.94,5,UPI,854.83
3793,357,466,2023-05-19,2,393.87,10,Cash,708.97
3794,851,112,2023-03-15,1,261.65,10,UPI,235.48
3795,77,52,2023-05-17,2,340.75,20,Cash,545.2
3796,603,44,2025-01-15,3,307.37,20,UPI,737.69
3797,617,212,2025-04-26,5,210.47,5,Card,999.73
3798,866,382,2025-02-20,1,228.17,20,Card,182.54
3799,782,180,2023-06-16,1,230.08,20,UPI,184.06
3800,707,195,2023-06-17,3,320.66,20,PayPal,769.58
3801,295,164,2023-02-18,5,215.24,20,Card,860.96
3802,632,451,2023-02-23,3,61.34,15,Card,156.42
3803,253,157,2024-07-16,5,480.34,5,PayPal,2281.61
3804,811,343,2025-01-29,1,352.34,10,Card,317.11
3805,116,84,2024-01-20,3,316.47,0,Cash,949.41
3806,607,211,2023-02-27,2,33.29,0,Card,66.58
3807,465,5,2024-07-10,1,188.42,10,Cash,169.58
3808,590,39,2024-12-19,3,28.46,0,PayPal,85.38
3809,180,467,2024-08-13,3,492.63,0,Cash,1477.89
3810,974,387,2024-05-16,3,81.25,15,PayPal,207.19
3811,470,20,2023-09-29,5,278.36,15,UPI,1183.03
3812,136,127,2025-05-20,5,64.93,0,UPI,324.65
3813,817,318,2024-03-23,5,427.9,20,Cash,1711.6
3814,661,45,2025-04-04,5,443.73,0,PayPal,2218.65
3815,970,214,2024-09-11,1,325.83,10,Card,293.25
3816,681,169,2023-03-29,4,444.27,15,Cash,1510.52
3817,210,280,2025-01-09,4,279.73,5,PayPal,1062.97
3818,493,346,2023-09-15,5,379.57,5,Card,1802.96
3819,220,160,2024-07-06,5,47.47,10,UPI,213.62
3820,902,242,2025-02-25,4,38.56,5,Card,146.53
3821,474,415,2024-01-12,3,153.51,10,Card,414.48
3822,126,285,2024-11-02,1,332.99,20,UPI,266.39
3823,310,499,2023-06-23,3,340.78,10,UPI,920.11
3824,117,330,2024-10-14,2,163.8,5,Cash,311.22
3825,466,3,2025-03-08,5,278.75,0,PayPal,1393.75
3826,878,13,2024-11-22,3,60.61,15,Cash,154.56
3827,747,240,2025-04-28,3,499.8,15,Card,1274.49
3828,148,63,2023-11-18,3,244.54,10,PayPal,660.26
3829,483,467,2023-06-05,2,300.31,5,Cash,570.59
3830,835,239,2023-10-14,1,420.02,10,Cash,378.02
3831,476,167,2023-08-18,4,135.33,15,PayPal,460.12
3832,394,438,2023-01-20,3,166.97,0,UPI,500.91
3833,340,44,2024-03-22,2,38.65,0,Cash,77.3
3834,424,170,2023-12-12,5,250.03,10,UPI,1125.14
3835,727,419,2025-01-18,4,313.27,20,UPI,1002.46
3836,634,95,2025-04-18,5,94.0,20,Card,376.0
3837,978,364,2024-12-31,1,273.29,10,Cash,245.96
3838,264,298,2024-03-11,3,216.63,20,PayPal,519.91
3839,871,473,2023-08-26,5,406.19,5,UPI,1929.4
3840,180,336,2024-11-26,5,27.84,5,Card,132.24
3841,913,89,2024-07-15,3,120.75,20,Cash,289.8
3842,127,287,2024-04-18,4,167.87,20,UPI,537.18
3843,467,438,2023-05-31,1,467.36,20,UPI,373.89
3844,590,47,2025-03-04,1,277.54,10,PayPal,249.79
3845,513,21,2024-03-03,1,363.78,20,UPI,291.02
3846,521,419,2024-02-20,4,311.74,5,Card,1184.61
3847,793,268,2024-04-22,3,425.18,10,Card,1147.99
3848,783,159,2023-07-31,3,137.48,20,UPI,329.95
3849,102,153,2024-10-04,3,249.28,5,Card,710.45
3850,295,71,2024-04-01,5,255.51,15,UPI,1085.92
3851,180,297,2023-02-21,2,476.41,5,Card,905.18
3852,306,445,2023-11-23,3,139.13,20,UPI,333.91
3853,449,420,2024-07-28,4,41.48,15,UPI,141.03
3854,916,135,2024-12-03,5,243.46,10,Card,1095.57
3855,458,165,2024-03-25,3,91.92,5,UPI,261.97
3856,617,47,2025-04-17,4,274.97,20,Card,879.9
3857,715,42,2024-09-23,4,427.58,15,PayPal,1453.77
3858,408,220,2024-04-03,3,372.26,5,Cash,1060.94
3859,889,399,2023-05-16,5,176.22,15,Card,748.93
3860,875,28,2024-11-17,4,298.62,5,PayPal,1134.76
3861,391,217,2023-07-14,3,304.64,0,UPI,913.92
3862,432,139,2024-06-08,2,95.5,15,Card,162.35
3863,566,77,2025-02-06,4,181.99,0,Cash,727.96
3864,306,222,2024-12-07,2,432.09,5,Card,820.97
3865,587,346,2024-08-31,2,258.55,0,Card,517.1
3866,198,454,2024-02-10,3,145.46,10,Cash,392.74
3867,791,462,2025-03-08,5,275.05,20,Card,1100.2
3868,915,126,2024-06-30,5,18.49,0,Card,92.45
3869,347,278,2023-11-21,3,255.29,20,Card,612.7
3870,193,278,2024-05-01,2,344.19,5,Card,653.96
3871,207,164,2024-07-30,1,31.62,20,Cash,25.3
3872,288,288,2024-01-06,4,63.38,20,Cash,202.82
3873,381,77,2024-07-22,4,43.08,10,Card,155.09
3874,306,236,2023-04-24,4,446.35,0,UPI,1785.4
3875,566,12,2023-01-25,2,179.81,20,UPI,287.7
3876,601,95,2024-06-22,1,386.04,15,UPI,328.13
3877,219,320,2024-02-07,3,438.85,15,PayPal,1119.07
3878,25,414,2023-10-20,3,197.57,10,UPI,533.44
3879,413,55,2023-01-17,4,254.68,10,Card,916.85
3880,688,428,2023-08-22,2,415.57,10,Cash,748.03
3881,899,322,2024-09-05,5,192.55,5,Card,914.61
3882,8,176,2023-03-25,4,112.31,5,Card,426.78
3883,902,319,2023-06-11,5,158.18,15,PayPal,672.27
3884,413,188,2025-01-02,2,215.37,15,PayPal,366.13
3885,601,39,2024-01-20,1,312.61,5,PayPal,296.98
3886,155,38,2023-05-25,2,313.24,20,Card,501.18
3887,583,45,2024-05-16,5,330.76,20,UPI,1323.04
3888,346,406,2023-03-24,1,158.93,0,Cash,158.93
3889,179,107,2023-01-23,4,330.2,15,Cash,1122.68
3890,768,126,2025-01-30,3,33.31,0,Cash,99.93
3891,982,280,2025-01-09,5,129.14,15,Cash,548.84
3892,813,293,2025-05-04,5,355.71,20,Card,1422.84
3893,365,483,2025-06-18,4,395.3,10,UPI,1423.08
3894,605,471,2024-07-24,1,90.08,0,PayPal,90.08
3895,405,443,2023-05-17,4,143.27,0,Cash,573.08
3896,278,427,2025-03-27,1,217.48,5,Card,206.61
3897,238,21,2024-01-23,2,224.31,10,Cash,403.76
3898,674,495,2024-01-05,1,183.78,10,PayPal,165.4
3899,655,447,2024-03-31,1,460.49,20,Cash,368.39
3900,115,460,2025-05-10,3,46.62,0,Card,139.86
3901,101,370,2024-10-10,4,128.67,0,Card,514.68
3902,431,476,2023-04-30,2,22.32,20,UPI,35.71
3903,951,142,2023-09-13,5,286.46,5,PayPal,1360.68
3904,306,215,2023-09-01,1,307.97,10,UPI,277.17
3905,495,418,2024-03-13,1,404.87,0,PayPal,404.87
3906,8,289,2025-01-28,1,171.11,15,Card,145.44
3907,85,343,2024-02-05,2,114.33,0,Cash,228.66
3908,459,375,2023-05-07,4,230.99,10,Cash,831.56
3909,6,384,2023-06-06,1,350.15,20,Card,280.12
3910,666,60,2024-05-28,3,266.63,5,PayPal,759.9
3911,228,469,2023-10-02,3,164.57,10,Cash,444.34
3912,270,204,2025-03-30,5,171.3,5,UPI,813.67
3913,149,245,2024-04-26,5,307.57,20,Cash,1230.28
3914,67,205,2023-01-09,5,110.2,20,UPI,440.8
3915,353,180,2023-02-13,5,328.39,20,UPI,1313.56
3916,554,135,2024-12-14,2,432.35,15,Card,735.0
3917,323,497,2025-03-14,5,172.92,0,UPI,864.6
3918,235,257,2024-06-19,4,268.93,0,UPI,1075.72
3919,272,323,2024-06-20,3,215.98,10,Cash,583.15
3920,609,113,2024-08-08,3,70.76,15,Card,180.44
3921,165,431,2025-01-15,2,267.89,0,Card,535.78
3922,489,241,2024-12-13,3,383.09,15,PayPal,976.88
3923,477,152,2023-12-31,1,329.61,10,Cash,296.65
3924,859,260,2023-03-19,3,90.92,5,Card,259.12
3925,742,98,2025-06-02,2,133.92,5,Card,254.45
3926,677,114,2024-08-28,2,45.46,20,UPI,72.74
3927,929,377,2023-05-28,2,462.98,15,Cash,787.07
3928,740,461,2024-08-26,4,62.74,0,Cash,250.96
3929,677,99,2023-09-06,3,160.76,0,Card,482.28
3930,407,235,2024-09-07,2,374.93,0,PayPal,749.86
3931,152,359,2024-02-27,4,298.51,10,Card,1074.64
3932,288,68,2024-08-23,5,471.46,5,Cash,2239.43
3933,576,61,2024-12-08,5,117.84,10,Card,530.28
3934,620,210,2024-01-13,3,339.78,0,Cash,1019.34
3935,230,159,2024-03-23,5,36.09,20,Cash,144.36
3936,999,335,2023-06-02,2,124.09,20,Cash,198.54
3937,284,43,2024-02-14,3,112.79,10,Cash,304.53
3938,216,499,2024-05-12,2,31.31,20,Card,50.1
3939,834,220,2023-06-21,5,190.42,5,PayPal,904.49
3940,588,350,2024-10-23,1,388.17,15,UPI,329.94
3941,32,358,2023-06-23,1,154.45,10,UPI,139.0
3942,643,375,2023-04-16,4,497.57,0,Cash,1990.28
3943,510,464,2024-03-16,3,120.39,10,Card,325.05
3944,318,357,2024-12-22,5,470.29,20,UPI,1881.16
3945,650,279,2023-08-29,4,335.03,5,Card,1273.11
3946,690,25,2023-11-05,3,233.03,5,UPI,664.14
3947,287,165,2024-01-28,1,456.79,20,PayPal,365.43
3948,550,441,2024-12-11,3,234.11,5,Cash,667.21
3949,511,142,2024-03-18,4,445.68,5,PayPal,1693.58
3950,358,479,2024-01-25,2,33.13,20,UPI,53.01
3951,520,305,2023-10-07,4,458.51,5,Card,1742.34
3952,646,441,2023-03-31,1,191.47,10,Cash,172.32
3953,80,320,2024-12-23,3,165.74,20,Card,397.78
3954,801,432,2023-11-27,5,180.0,10,UPI,810.0
3955,153,377,2023-02-04,5,476.52,0,PayPal,2382.6
3956,712,323,2023-10-14,5,20.0,10,Card,90.0
3957,903,343,2024-06-17,3,79.17,10,UPI,213.76
3958,414,494,2025-05-20,5,132.55,10,Card,596.48
3959,503,488,2023-12-10,1,237.39,15,UPI,201.78
3960,472,185,2025-04-17,5,151.79,15,Card,645.11
3961,183,95,2023-05-06,2,44.38,15,UPI,75.45
3962,330,443,2023-12-23,2,492.54,20,UPI,788.06
3963,419,122,2025-03-29,4,179.55,15,Card,610.47
3964,156,203,2023-02-05,3,323.67,15,PayPal,825.36
3965,641,380,2023-02-01,1,236.57,20,Cash,189.26
3966,621,56,2023-02-25,2,12.1,10,UPI,21.78
3967,798,483,2023-02-23,1,103.53,0,Card,103.53
3968,16,401,2024-01-22,1,257.19,0,Cash,257.19
3969,553,351,2024-06-29,2,72.87,20,Card,116.59
3970,262,18,2024-04-10,2,463.73,0,Card,927.46
3971,660,113,2023-01-26,1,372.0,15,Card,316.2
3972,910,307,2024-12-31,4,483.91,10,UPI,1742.08
3973,270,383,2023-04-10,4,198.59,10,Cash,714.92
3974,356,496,2024-07-19,4,219.49,20,Card,702.37
3975,500,23,2023-06-05,5,145.65,0,PayPal,728.25
3976,94,319,2023-04-26,4,371.28,0,UPI,1485.12
3977,49,282,2024-04-25,2,112.3,15,UPI,190.91
3978,842,91,2023-09-02,5,183.25,15,Cash,778.81
3979,922,90,2023-07-24,3,62.65,5,PayPal,178.55
3980,679,32,2024-01-24,1,51.76,20,PayPal,41.41
3981,397,69,2024-06-14,4,26.16,5,PayPal,99.41
3982,690,382,2023-12-30,3,344.79,10,Cash,930.93
3983,919,136,2024-01-13,4,404.82,0,Cash,1619.28
3984,992,297,2024-05-08,2,30.44,5,Card,57.84
3985,288,261,2024-04-27,2,425.72,5,Card,808.87
3986,698,364,2023-10-26,4,475.17,5,Cash,1805.65
3987,101,58,2024-02-26,3,297.73,15,Cash,759.21
3988,548,269,2025-05-14,4,49.43,20,Cash,158.18
3989,600,280,2025-04-12,1,31.14,10,PayPal,28.03
3990,419,164,2024-06-15,4,385.44,20,UPI,1233.41
3991,952,225,2024-07-30,2,67.36,5,UPI,127.98
3992,185,266,2025-02-21,1,138.12,0,Card,138.12
3993,654,426,2025-06-17,4,139.09,15,Card,472.91
3994,227,233,2025-01-11,3,239.65,0,PayPal,718.95
3995,465,140,2025-04-17,4,47.77,15,PayPal,162.42
3996,965,286,2025-02-08,5,424.45,15,Card,1803.91
3997,697,377,2024-06-04,1,348.63,15,Card,296.34
3998,524,467,2023-01-17,5,129.97,5,UPI,617.36
3999,392,427,2024-05-09,1,53.0,5,Card,50.35
4000,227,282,2023-01-29,3,459.76,5,UPI,1310.32
4001,172,490,2024-06-09,5,416.52,20,PayPal,1666.08
4002,512,475,2024-05-05,1,292.87,20,Cash,234.3
4003,603,182,2024-01-18,3,37.44,10,PayPal,101.09
4004,6,343,2023-01-19,3,297.14,5,PayPal,846.85
4005,164,195,2023-01-16,5,253.53,0,Cash,1267.65
4006,244,371,2024-12-21,3,403.15,5,Cash,1148.98
4007,533,248,2025-05-17,5,238.54,10,Card,1073.43
4008,956,161,2023-03-06,5,58.51,20,PayPal,234.04
4009,621,422,2024-08-21,2,269.29,20,Card,430.86
4010,821,303,2023-12-25,3,211.4,20,Cash,507.36
4011,308,291,2024-08-29,1,47.06,15,UPI,40.0
4012,95,439,2023-11-04,5,328.31,15,Cash,1395.32
4013,912,388,2023-10-23,1,94.69,20,PayPal,75.75
4014,461,416,2025-04-01,5,473.75,20,PayPal,1895.0
4015,852,459,2024-07-14,2,173.72,10,Cash,312.7
4016,742,121,2024-08-13,3,266.86,0,Card,800.58
4017,671,54,2025-02-22,1,392.0,0,Card,392.0
4018,381,20,2024-01-19,2,332.95,0,UPI,665.9
4019,100,420,2025-02-27,4,247.16,10,Cash,889.78
4020,219,492,2023-02-18,3,319.06,0,PayPal,957.18
4021,703,361,2024-02-20,2,338.36,0,PayPal,676.72
4022,516,121,2023-03-25,4,255.98,10,Cash,921.53
4023,147,29,2025-02-02,4,440.98,0,PayPal,1763.92
4024,790,350,2025-01-11,4,468.04,15,UPI,1591.34
4025,626,234,2025-01-15,1,207.66,0,PayPal,207.66
4026,750,168,2025-02-11,4,303.76,10,Card,1093.54
4027,308,477,2024-04-16,5,37.8,10,UPI,170.1
4028,971,317,2024-08-15,5,211.42,5,UPI,1004.24
4029,905,319,2024-10-20,3,400.59,5,PayPal,1141.68
4030,455,132,2025-02-21,1,257.66,0,Card,257.66
4031,877,445,2025-01-01,5,262.19,10,Card,1179.86
4032,999,389,2025-02-23,2,79.74,10,UPI,143.53
4033,657,274,2023-12-10,4,231.88,15,Card,788.39
4034,383,328,2025-01-02,1,247.53,0,UPI,247.53
4035,284,364,2023-10-07,5,148.07,15,PayPal,629.3
4036,958,384,2025-01-13,3,189.28,10,Cash,511.06
4037,416,263,2025-04-09,2,251.45,0,PayPal,502.9
4038,487,89,2023-12-17,4,413.49,20,Cash,1323.17
4039,855,387,2023-03-03,2,135.48,20,Cash,216.77
4040,812,458,2025-01-11,2,477.51,20,PayPal,764.02
4041,644,64,2024-08-05,2,270.24,20,PayPal,432.38
4042,773,78,2023-03-03,3,18.15,20,PayPal,43.56
4043,550,139,2023-04-29,5,152.29,0,UPI,761.45
4044,970,336,2024-01-21,1,113.86,20,UPI,91.09
4045,844,100,2024-06-17,1,275.38,5,Card,261.61
4046,224,320,2025-03-29,2,205.61,5,Cash,390.66
4047,697,26,2025-05-26,4,174.31,15,UPI,592.65
4048,763,212,2023-04-03,1,114.05,0,PayPal,114.05
4049,941,263,2024-08-15,3,69.6,15,Card,177.48
4050,403,380,2025-06-05,4,415.63,10,Cash,1496.27
4051,922,373,2024-11-07,4,401.5,0,UPI,1606.0
4052,613,340,2024-09-02,2,332.62,0,PayPal,665.24
4053,909,39,2025-05-25,2,71.67,20,UPI,114.67
4054,611,433,2025-01-06,1,461.74,15,Cash,392.48
4055,490,269,2023-05-07,5,207.21,10,UPI,932.44
4056,342,96,2023-06-16,4,18.49,0,PayPal,73.96
4057,526,361,2023-04-02,3,124.77,15,Cash,318.16
4058,463,25,2025-03-20,1,134.93,15,UPI,114.69
4059,390,329,2023-02-21,1,358.47,5,Cash,340.55
4060,275,123,2023-07-31,1,386.99,15,UPI,328.94
4061,538,120,2025-06-05,1,173.82,0,PayPal,173.82
4062,884,352,2023-04-14,5,488.41,0,Cash,2442.05
4063,407,300,2024-06-12,5,69.98,20,Cash,279.92
4064,345,497,2023-04-27,4,45.62,15,PayPal,155.11
4065,430,325,2025-05-03,4,139.19,10,Card,501.08
4066,938,458,2024-06-13,5,259.11,10,Cash,1166.0
4067,383,399,2023-04-26,3,375.73,5,Cash,1070.83
4068,127,358,2024-10-20,1,458.47,0,Cash,458.47
4069,723,170,2023-08-28,4,343.94,5,PayPal,1306.97
4070,812,107,2023-02-01,5,437.45,15,Cash,1859.16
4071,829,174,2024-04-15,2,266.44,0,PayPal,532.88
4072,6,6,2025-03-08,2,240.52,15,Cash,408.88
4073,693,381,2023-10-07,4,325.67,10,PayPal,1172.41
4074,187,284,2023-05-05,4,371.57,0,Card,1486.28
4075,769,394,2023-07-02,2,306.4,10,PayPal,551.52
4076,303,228,2023-07-16,5,127.38,0,Card,636.9
4077,661,110,2023-10-09,4,124.4,10,UPI,447.84
4078,87,375,2025-04-16,3,237.47,5,Cash,676.79
4079,428,273,2023-11-09,5,493.62,0,Card,2468.1
4080,646,81,2023-12-10,3,41.62,15,Cash,106.13
4081,121,83,2023-04-02,4,240.95,15,PayPal,819.23
4082,317,110,2023-10-04,5,181.84,15,UPI,772.82
4083,451,206,2023-11-19,5,110.29,20,Cash,441.16
4084,57,202,2023-07-30,5,386.0,20,Cash,1544.0
4085,538,187,2024-03-29,2,351.43,15,Card,597.43
4086,500,130,2024-09-23,4,365.22,10,Card,1314.79
4087,211,496,2024-06-29,4,424.9,0,Cash,1699.6
4088,282,1,2024-10-04,4,259.51,10,Card,934.24
4089,873,472,2024-06-10,5,203.63,0,UPI,1018.15
4090,280,445,2023-05-20,4,10.75,0,Card,43.0
4091,520,436,2025-01-11,3,146.47,10,Card,395.47
4092,210,385,2023-08-16,3,361.18,20,PayPal,866.83
4093,785,282,2023-12-28,2,81.61,0,Card,163.22
4094,372,373,2025-03-20,2,249.32,20,UPI,398.91
4095,793,105,2024-11-14,2,475.61,0,PayPal,951.22
4096,652,439,2023-07-25,3,68.55,20,Card,164.52
4097,650,243,2023-03-27,3,295.25,20,UPI,708.6
4098,151,335,2023-05-27,4,121.39,5,UPI,461.28
4099,77,90,2023-07-13,5,97.4,5,Cash,462.65
4100,992,218,2023-09-19,1,232.33,0,UPI,232.33
4101,427,470,2023-10-09,4,71.63,20,Card,229.22
4102,567,319,2024-06-28,5,29.26,0,PayPal,146.3
4103,509,468,2023-09-27,4,365.42,10,UPI,1315.51
4104,566,99,2024-08-29,4,89.95,20,Cash,287.84
4105,665,11,2024-05-01,4,223.45,15,UPI,759.73
4106,446,281,2023-01-02,1,73.66,5,UPI,69.98
4107,988,265,2023-11-12,5,309.73,20,Card,1238.92
4108,870,361,2024-06-14,4,452.73,0,UPI,1810.92
4109,873,249,2024-01-02,4,287.55,15,UPI,977.67
4110,678,141,2023-10-22,3,465.38,0,Card,1396.14
4111,25,246,2024-07-02,1,121.82,5,Cash,115.73
4112,118,305,2025-04-24,5,429.34,15,UPI,1824.69
4113,585,27,2024-10-03,2,487.96,10,UPI,878.33
4114,178,3,2024-03-14,1,289.08,0,PayPal,289.08
4115,864,199,2024-10-03,2,116.23,15,PayPal,197.59
4116,865,175,2024-05-03,1,87.04,0,PayPal,87.04
4117,158,379,2024-02-14,5,159.45,0,Cash,797.25
4118,558,200,2023-02-05,4,242.11,10,Cash,871.6
4119,758,261,2023-11-09,5,213.49,10,Cash,960.71
4120,720,340,2023-07-14,2,431.09,0,Cash,862.18
4121,29,117,2023-02-21,4,351.66,0,UPI,1406.64
4122,37,44,2025-01-05,3,64.2,10,UPI,173.34
4123,747,7,2025-01-20,5,18.33,20,Card,73.32
4124,916,148,2025-01-19,3,20.21,0,UPI,60.63
4125,634,38,2023-06-21,2,469.67,0,PayPal,939.34
4126,652,440,2023-07-01,3,241.39,15,Cash,615.54
4127,578,410,2023-10-30,4,433.45,20,Cash,1387.04
4128,247,443,2023-11-27,2,205.0,20,PayPal,328.0
4129,696,337,2024-02-03,4,337.05,15,UPI,1145.97
4130,609,124,2025-04-25,2,416.42,5,UPI,791.2
4131,868,5,2024-05-10,4,409.86,5,UPI,1557.47
4132,253,416,2023-11-19,1,458.38,5,Cash,435.46
4133,480,11,2025-01-12,2,449.46,5,UPI,853.97
4134,891,244,2023-11-02,1,330.91,10,Card,297.82
4135,620,193,2025-02-02,3,457.19,20,PayPal,1097.26
4136,736,246,2024-09-16,3,218.72,10,UPI,590.54
4137,247,2,2025-03-03,4,291.69,5,Cash,1108.42
4138,466,425,2023-10-04,5,426.46,5,Card,2025.68
4139,113,160,2024-07-09,5,236.85,20,PayPal,947.4
4140,404,373,2025-05-02,3,441.0,20,UPI,1058.4
4141,79,25,2025-02-20,3,234.32,15,UPI,597.52
4142,13,171,2025-05-30,1,312.63,10,PayPal,281.37
4143,574,82,2025-05-07,2,80.61,15,PayPal,137.04
4144,47,487,2025-02-22,5,240.35,5,UPI,1141.66
4145,751,47,2024-08-03,4,14.61,5,UPI,55.52
4146,964,295,2023-11-19,4,301.86,5,Card,1147.07
4147,241,422,2023-06-15,2,142.93,0,Cash,285.86
4148,220,308,2023-11-17,3,223.91,20,UPI,537.38
4149,394,325,2023-12-16,5,445.38,20,PayPal,1781.52
4150,451,142,2023-03-22,3,495.38,10,Card,1337.53
4151,804,317,2024-03-12,1,391.96,15,Cash,333.17
4152,936,288,2025-02-25,1,346.56,5,Card,329.23
4153,937,91,2024-09-26,1,477.73,10,UPI,429.96
4154,935,356,2024-03-31,4,320.81,10,PayPal,1154.92
4155,142,150,2025-04-27,4,29.53,5,UPI,112.21
4156,158,374,2024-11-09,1,305.35,5,PayPal,290.08
4157,865,418,2024-01-12,5,429.31,5,Cash,2039.22
4158,654,212,2023-08-31,3,378.59,10,Cash,1022.19
4159,924,137,2023-12-22,4,254.17,10,Card,915.01
4160,48,478,2025-01-02,1,253.24,0,Card,253.24
4161,339,122,2023-12-29,2,290.67,15,Card,494.14
4162,11,45,2023-06-08,5,468.55,10,Card,2108.47
4163,696,85,2024-06-18,5,99.11,10,PayPal,446.0
4164,751,120,2023-01-13,5,125.29,5,Cash,595.13
4165,862,360,2023-08-22,2,300.43,5,PayPal,570.82
4166,299,219,2024-03-05,3,307.73,5,PayPal,877.03
4167,510,297,2024-09-14,2,290.9,0,Cash,581.8
4168,39,82,2025-04-09,4,323.96,5,Card,1231.05
4169,326,471,2023-08-15,4,189.16,15,Card,643.14
4170,667,474,2024-12-28,2,214.45,15,Cash,364.56
4171,62,205,2023-08-17,2,457.68,10,UPI,823.82
4172,805,90,2023-04-22,3,314.63,15,Cash,802.31
4173,213,187,2024-06-26,2,256.52,5,PayPal,487.39
4174,792,124,2023-06-01,4,395.58,20,Card,1265.86
4175,161,236,2024-08-26,4,461.64,5,UPI,1754.23
4176,979,124,2023-10-18,5,366.93,5,Cash,1742.92
4177,900,367,2023-11-15,4,162.26,20,Cash,519.23
4178,169,370,2023-01-05,5,190.65,5,Card,905.59
4179,504,423,2023-10-19,2,404.4,20,UPI,647.04
4180,862,134,2023-10-19,3,186.02,5,UPI,530.16
4181,182,14,2023-04-12,5,42.32,10,Card,190.44
4182,604,198,2024-09-25,4,473.29,20,Card,1514.53
4183,397,268,2024-03-19,4,352.6,10,Card,1269.36
4184,254,77,2025-02-18,4,165.74,20,UPI,530.37
4185,387,309,2024-04-25,5,81.24,15,PayPal,345.27
4186,835,53,2023-07-16,3,166.43,10,Cash,449.36
4187,944,151,2024-07-25,2,233.16,15,PayPal,396.37
4188,756,185,2025-06-02,5,161.18,10,UPI,725.31
4189,115,369,2024-05-27,5,50.64,10,UPI,227.88
4190,454,16,2024-03-02,3,91.89,5,PayPal,261.89
4191,430,309,2023-08-15,1,342.96,5,Cash,325.81
4192,996,40,2024-11-23,3,313.38,0,Card,940.14
4193,578,51,2024-04-13,3,31.01,10,Cash,83.73
4194,886,12,2024-07-18,2,211.51,10,PayPal,380.72
4195,844,158,2025-05-17,5,489.82,5,PayPal,2326.64
4196,467,43,2024-01-06,4,47.29,15,PayPal,160.79
4197,508,33,2024-06-14,4,253.26,15,UPI,861.08
4198,7,420,2023-05-05,5,135.74,0,Card,678.7
4199,587,256,2024-11-15,5,285.72,5,UPI,1357.17
4200,166,382,2023-01-20,5,233.26,5,PayPal,1107.98
4201,232,100,2024-07-29,5,268.84,20,UPI,1075.36
4202,494,346,2025-03-21,4,373.7,15,PayPal,1270.58
4203,417,278,2023-05-07,1,53.73,15,Cash,45.67
4204,34,246,2023-06-18,4,90.48,0,PayPal,361.92
4205,336,475,2024-07-01,2,376.32,5,UPI,715.01
4206,410,91,2023-11-03,3,166.28,10,Card,448.96
4207,38,64,2024-04-09,4,187.06,0,Card,748.24
4208,616,244,2024-12-21,1,395.49,20,UPI,316.39
4209,571,226,2025-01-03,3,144.66,0,UPI,433.98
4210,830,5,2024-02-22,2,207.24,10,UPI,373.03
4211,392,367,2023-06-27,4,100.76,0,Card,403.04
4212,330,223,2024-01-11,5,109.76,15,Cash,466.48
4213,362,49,2023-10-03,4,140.59,5,PayPal,534.24
4214,817,449,2023-06-17,5,166.19,15,PayPal,706.31
4215,541,189,2024-01-01,5,438.55,0,UPI,2192.75
4216,146,398,2023-08-03,4,116.1,0,PayPal,464.4
4217,806,224,2023-01-13,2,489.59,20,PayPal,783.34
4218,345,288,2023-02-06,1,194.63,15,PayPal,165.44
4219,505,158,2024-10-11,1,389.62,0,UPI,389.62
4220,634,436,2024-05-10,2,227.65,10,Card,409.77
4221,200,99,2024-11-29,3,373.78,0,Cash,1121.34
4222,817,475,2024-03-09,4,9.49,20,UPI,30.37
4223,403,318,2024-11-23,4,435.93,0,PayPal,1743.72
4224,765,459,2024-03-13,1,39.65,15,Card,33.7
4225,632,339,2024-06-28,5,64.06,15,Cash,272.25
4226,409,139,2023-01-02,4,282.23,10,UPI,1016.03
4227,134,152,2023-09-03,1,477.43,0,Cash,477.43
4228,99,51,2024-03-07,3,305.59,0,PayPal,916.77
4229,182,434,2024-01-28,3,466.98,20,Cash,1120.75
4230,498,290,2024-06-05,2,491.5,10,PayPal,884.7
4231,332,481,2023-08-11,4,271.67,5,Cash,1032.35
4232,45,365,2024-06-09,3,56.67,15,PayPal,144.51
4233,640,217,2024-05-29,5,42.13,0,Cash,210.65
4234,809,68,2023-03-20,2,406.38,0,PayPal,812.76
4235,989,495,2024-03-22,2,483.47,0,PayPal,966.94
4236,201,38,2023-10-03,4,353.31,0,PayPal,1413.24
4237,741,202,2024-05-17,3,151.25,15,PayPal,385.69
4238,255,251,2024-07-08,5,147.9,10,UPI,665.55
4239,645,310,2024-10-04,3,441.16,0,UPI,1323.48
4240,942,489,2024-09-15,3,70.93,10,Card,191.51
4241,84,255,2024-03-23,5,383.77,20,UPI,1535.08
4242,286,499,2023-04-21,2,257.12,5,UPI,488.53
4243,412,136,2023-12-12,1,358.04,5,Cash,340.14
4244,631,339,2023-10-18,2,472.93,5,Cash,898.57
4245,32,46,2023-02-04,4,398.56,15,Cash,1355.1
4246,578,40,2024-03-11,3,81.53,10,Cash,220.13
4247,683,366,2025-05-15,2,156.21,10,Card,281.18
4248,472,231,2024-07-12,2,157.65,20,PayPal,252.24
4249,389,138,2023-03-22,4,176.2,20,PayPal,563.84
4250,32,89,2024-08-25,3,455.28,5,PayPal,1297.55
4251,873,424,2023-02-25,4,224.85,10,Cash,809.46
4252,329,222,2023-08-11,5,380.03,10,Card,1710.13
4253,880,155,2024-06-03,2,399.22,10,PayPal,718.6
4254,276,472,2023-08-19,5,61.74,5,UPI,293.26
4255,447,19,2023-08-05,4,162.84,5,PayPal,618.79
4256,856,184,2024-05-05,2,126.31,15,PayPal,214.73
4257,190,394,2023-10-08,5,77.35,5,Cash,367.41
4258,360,490,2024-01-07,3,387.17,20,Cash,929.21
4259,845,309,2025-04-24,4,468.88,10,Cash,1687.97
4260,501,194,2023-01-23,4,255.14,15,UPI,867.48
4261,282,373,2023-10-06,1,212.18,0,PayPal,212.18
4262,132,372,2023-10-15,2,188.11,15,UPI,319.79
4263,707,147,2023-01-29,1,52.02,15,Cash,44.22
4264,31,66,2024-10-08,1,206.07,15,Cash,175.16
4265,978,284,2023-07-23,1,159.69,0,Card,159.69
4266,743,428,2023-10-10,4,229.97,5,Card,873.89
4267,633,197,2024-02-28,1,477.42,5,PayPal,453.55
4268,798,81,2024-07-16,3,243.13,5,UPI,692.92
4269,621,129,2024-08-04,1,498.19,0,PayPal,498.19
4270,669,48,2024-05-02,2,20.01,15,Card,34.02
4271,242,99,2025-01-02,1,303.51,5,PayPal,288.33
4272,952,469,2023-03-12,3,242.17,15,PayPal,617.53
4273,129,408,2025-05-16,5,209.43,15,Card,890.08
4274,155,370,2024-03-08,5,279.12,10,Cash,1256.04
4275,784,312,2025-05-13,2,448.1,10,Cash,806.58
4276,654,38,2023-10-30,5,308.05,10,PayPal,1386.23
4277,667,366,2025-05-15,5,478.08,15,Cash,2031.84
4278,679,119,2023-03-16,2,166.89,0,PayPal,333.78
4279,428,305,2024-06-01,1,120.26,20,PayPal,96.21
4280,640,380,2024-03-25,4,60.12,20,PayPal,192.38
4281,589,455,2024-01-18,2,20.42,0,Card,40.84
4282,781,461,2024-01-14,4,432.16,20,PayPal,1382.91
4283,35,285,2025-05-24,5,447.86,15,Cash,1903.41
4284,221,361,2023-02-23,5,474.19,20,PayPal,1896.76
4285,282,328,2023-03-24,3,335.35,5,UPI,955.75
4286,822,299,2023-05-26,3,68.7,0,Card,206.1
4287,181,327,2023-12-17,3,106.92,5,Cash,304.72
4288,644,376,2024-06-27,1,22.8,20,UPI,18.24
4289,158,279,2023-10-10,4,258.75,15,Card,879.75
4290,373,450,2025-02-14,2,222.88,0,UPI,445.76
4291,251,74,2024-12-23,5,105.92,10,UPI,476.64
4292,699,330,2023-02-14,5,210.94,5,Card,1001.97
4293,78,4,2023-01-14,4,402.17,0,UPI,1608.68
4294,235,93,2025-02-08,2,91.93,15,UPI,156.28
4295,113,68,2025-02-02,4,297.78,20,PayPal,952.9
4296,961,45,2025-03-23,2,322.39,15,Cash,548.06
4297,788,84,2023-07-10,2,319.27,10,UPI,574.69
4298,219,351,2023-06-24,3,144.05,10,Card,388.94
4299,258,12,2023-04-07,5,346.42,0,PayPal,1732.1
4300,341,142,2024-05-13,5,230.26,5,PayPal,1093.73
4301,835,40,2024-01-16,4,219.4,0,UPI,877.6
4302,34,348,2025-02-03,3,318.69,5,Card,908.27
4303,441,307,2023-03-28,5,140.84,5,Card,668.99
4304,368,306,2024-01-18,1,317.32,15,PayPal,269.72
4305,296,202,2024-02-08,2,79.48,20,Cash,127.17
4306,549,474,2023-09-20,5,75.6,5,Card,359.1
4307,268,273,2023-10-03,3,441.69,20,UPI,1060.06
4308,267,458,2023-03-02,3,119.28,0,UPI,357.84
4309,949,463,2024-10-01,4,474.51,10,Cash,1708.24
4310,209,138,2024-08-13,3,198.28,15,UPI,505.61
4311,177,469,2023-05-04,2,204.1,0,PayPal,408.2
4312,69,72,2023-05-23,5,302.14,0,UPI,1510.7
4313,922,302,2025-05-25,5,37.31,5,PayPal,177.22
4314,46,358,2025-05-11,1,122.84,10,UPI,110.56
4315,233,367,2023-10-04,1,247.96,15,PayPal,210.77
4316,284,80,2024-07-03,4,240.99,10,Card,867.56
4317,611,46,2023-07-25,4,467.57,0,UPI,1870.28
4318,208,87,2023-06-19,5,222.02,5,PayPal,1054.6
4319,546,423,2023-09-04,5,107.05,10,PayPal,481.73
4320,259,349,2024-10-31,2,96.57,0,PayPal,193.14
4321,143,215,2023-07-17,5,385.65,10,Cash,1735.42
4322,421,235,2023-06-15,1,470.79,5,PayPal,447.25
4323,44,35,2025-03-21,5,394.82,15,UPI,1677.98
4324,787,181,2024-09-06,1,347.77,0,PayPal,347.77
4325,551,303,2024-07-14,4,289.14,0,Card,1156.56
4326,961,43,2023-10-14,3,343.8,10,PayPal,928.26
4327,742,246,2024-01-04,1,88.99,5,Card,84.54
4328,248,199,2025-01-21,2,468.1,20,Cash,748.96
4329,855,478,2023-08-04,1,423.22,20,UPI,338.58
4330,736,73,2023-01-05,3,39.63,20,Cash,95.11
4331,615,183,2023-12-06,1,98.17,0,Card,98.17
4332,768,252,2025-01-28,4,321.25,0,UPI,1285.0
4333,136,303,2023-06-30,5,185.46,20,PayPal,741.84
4334,908,233,2024-07-23,4,386.16,5,Cash,1467.41
4335,532,441,2024-10-20,5,241.65,0,UPI,1208.25
4336,165,296,2023-05-20,1,228.36,15,Cash,194.11
4337,360,8,2025-02-25,2,191.83,15,Cash,326.11
4338,173,440,2023-09-16,1,335.3,10,Card,301.77
4339,556,399,2023-09-15,5,385.6,5,UPI,1831.6
4340,489,148,2025-06-12,3,384.81,15,UPI,981.27
4341,688,383,2025-03-06,3,96.39,5,Cash,274.71
4342,285,279,2023-01-18,5,468.39,15,Card,1990.66
4343,896,162,2023-12-20,1,440.96,10,UPI,396.86
4344,28,100,2023-01-13,4,80.34,0,PayPal,321.36
4345,410,395,2023-12-19,4,328.09,10,Card,1181.12
4346,805,155,2023-05-26,4,33.18,5,UPI,126.08
4347,830,134,2023-07-07,4,348.28,10,PayPal,1253.81
4348,936,169,2024-11-21,5,369.71,10,PayPal,1663.69
4349,325,80,2025-05-12,3,210.07,10,PayPal,567.19
4350,973,156,2024-04-29,2,299.57,5,Card,569.18
4351,161,124,2024-01-03,2,488.54,20,Cash,781.66
4352,289,320,2024-10-12,4,34.52,5,PayPal,131.18
4353,123,373,2025-01-12,3,341.21,0,UPI,1023.63
4354,999,373,2025-02-27,3,436.47,20,PayPal,1047.53
4355,533,252,2023-05-31,1,245.32,5,UPI,233.05
4356,282,120,2024-04-12,5,151.39,10,PayPal,681.25
4357,949,240,2025-05-28,4,234.18,10,Card,843.05
4358,40,167,2023-08-06,3,476.44,15,Card,1214.92
4359,156,310,2023-05-10,2,104.63,5,PayPal,198.8
4360,338,179,2023-02-13,2,343.47,20,PayPal,549.55
4361,434,215,2023-04-28,4,182.25,10,Card,656.1
4362,146,470,2025-03-04,5,29.81,20,PayPal,119.24
4363,2,398,2024-04-20,4,196.66,20,Cash,629.31
4364,327,248,2023-08-15,3,460.1,10,Card,1242.27
4365,198,70,2024-04-26,2,291.64,10,UPI,524.95
4366,241,423,2023-02-17,3,417.92,10,UPI,1128.38
4367,141,241,2023-05-09,3,105.34,20,Card,252.82
4368,241,485,2024-02-06,1,28.16,20,PayPal,22.53
4369,429,302,2024-11-23,2,147.57,20,PayPal,236.11
4370,119,54,2023-07-28,1,138.02,0,Card,138.02
4371,122,289,2025-02-17,5,451.69,0,Card,2258.45
4372,475,330,2023-02-11,1,201.26,0,Card,201.26
4373,664,441,2023-04-23,3,96.31,20,PayPal,231.14
4374,523,91,2024-09-16,3,379.93,20,UPI,911.83
4375,480,383,2023-09-12,4,192.7,15,Card,655.18
4376,424,84,2024-11-10,3,351.37,10,UPI,948.7
4377,984,481,2024-08-23,4,494.03,20,Card,1580.9
4378,823,451,2024-04-08,3,122.27,5,PayPal,348.47
4379,728,342,2023-05-11,3,201.77,20,Card,484.25
4380,644,111,2023-06-01,3,193.53,0,Card,580.59
4381,331,278,2023-05-28,2,26.54,15,UPI,45.12
4382,470,342,2024-10-19,2,104.23,5,Card,198.04
4383,652,481,2024-08-21,3,389.0,15,PayPal,991.95
4384,791,229,2025-06-05,1,377.53,10,PayPal,339.78
4385,63,128,2023-04-18,4,480.62,10,Cash,1730.23
4386,957,279,2023-06-10,3,410.15,15,Card,1045.88
4387,280,114,2024-06-29,2,357.03,15,Card,606.95
4388,310,342,2024-11-04,1,43.8,0,Card,43.8
4389,333,25,2025-04-10,4,436.27,5,Card,1657.83
4390,995,298,2024-12-21,4,306.28,15,Cash,1041.35
4391,327,30,2024-05-13,5,348.35,10,PayPal,1567.58
4392,959,308,2023-01-23,2,206.72,15,PayPal,351.42
4393,33,371,2025-02-18,2,476.8,15,UPI,810.56
4394,464,267,2023-08-29,2,428.98,10,PayPal,772.16
4395,521,190,2024-08-08,3,246.97,0,Cash,740.91
4396,16,298,2025-01-24,2,363.83,5,Cash,691.28
4397,575,169,2025-04-05,5,137.61,5,Cash,653.65
4398,40,26,2023-01-21,2,82.39,10,PayPal,148.3
4399,472,451,2024-06-29,1,242.95,15,PayPal,206.51
4400,953,107,2023-06-06,3,290.58,10,PayPal,784.57
4401,563,446,2025-01-03,4,465.76,15,PayPal,1583.58
4402,144,403,2025-06-12,2,150.33,5,UPI,285.63
4403,218,227,2025-06-14,1,470.31,0,UPI,470.31
4404,919,313,2024-05-28,5,113.13,5,PayPal,537.37
4405,810,255,2025-06-18,5,431.58,20,Card,1726.32
4406,251,244,2025-01-13,4,496.81,10,Card,1788.52
4407,755,140,2023-09-22,3,314.85,15,PayPal,802.87
4408,478,236,2023-03-05,2,404.32,5,PayPal,768.21
4409,92,128,2024-07-04,5,79.37,15,UPI,337.32
4410,626,483,2024-07-07,3,89.25,15,PayPal,227.59
4411,174,448,2023-06-06,3,355.98,5,Cash,1014.54
4412,808,116,2025-02-20,1,195.92,0,PayPal,195.92
4413,292,384,2024-09-15,4,193.37,20,Cash,618.78
4414,683,167,2023-01-16,4,96.74,5,PayPal,367.61
4415,335,357,2023-03-03,2,263.36,20,PayPal,421.38
4416,74,417,2023-10-22,2,417.4,0,Cash,834.8
4417,930,391,2023-06-15,3,442.87,10,UPI,1195.75
4418,575,253,2023-08-04,3,368.97,20,Cash,885.53
4419,583,256,2023-01-24,2,104.9,10,Card,188.82
4420,535,294,2024-01-02,4,386.31,15,Cash,1313.45
4421,650,143,2023-03-01,1,314.2,10,UPI,282.78
4422,218,95,2023-11-26,3,327.66,0,UPI,982.98
4423,25,70,2024-06-30,2,62.84,5,PayPal,119.4
4424,818,330,2023-06-12,1,280.32,0,Cash,280.32
4425,791,153,2024-08-23,4,275.03,15,UPI,935.1
4426,800,282,2024-04-20,2,170.69,0,PayPal,341.38
4427,996,457,2023-05-14,2,423.15,15,PayPal,719.35
4428,259,172,2024-09-19,2,431.68,15,PayPal,733.86
4429,269,32,2025-02-21,1,472.51,10,PayPal,425.26
4430,946,196,2025-02-25,3,434.79,20,UPI,1043.5
4431,579,137,2024-04-30,4,117.01,15,UPI,397.83
4432,256,201,2023-01-17,5,44.0,20,Cash,176.0
4433,476,92,2024-08-29,2,347.59,15,PayPal,590.9
4434,694,450,2023-09-20,3,83.11,20,Card,199.46
4435,100,457,2024-12-19,5,219.45,15,PayPal,932.66
4436,408,337,2023-12-05,1,133.99,0,UPI,133.99
4437,218,198,2024-03-27,3,201.47,15,Card,513.75
4438,558,135,2025-01-05,5,336.53,10,Card,1514.38
4439,972,463,2023-07-10,1,240.48,0,Cash,240.48
4440,369,165,2023-09-26,3,396.94,5,Cash,1131.28
4441,909,447,2023-05-03,4,146.04,20,PayPal,467.33
4442,161,385,2023-09-30,3,273.79,5,UPI,780.3
4443,153,169,2023-02-23,4,210.89,20,PayPal,674.85
4444,122,389,2024-06-02,1,226.18,5,UPI,214.87
4445,97,68,2023-06-30,1,61.56,20,Cash,49.25
4446,558,418,2024-09-24,3,415.88,5,UPI,1185.26
4447,342,485,2025-03-21,3,495.71,0,PayPal,1487.13
4448,482,399,2025-01-23,5,261.05,15,Cash,1109.46
4449,582,315,2025-02-05,1,254.96,15,Cash,216.72
4450,1,465,2024-03-06,5,450.32,20,UPI,1801.28
4451,242,76,2024-10-10,1,137.3,0,Cash,137.3
4452,403,353,2024-08-26,1,59.66,10,PayPal,53.69
4453,694,235,2024-09-23,2,155.94,10,PayPal,280.69
4454,506,486,2023-08-22,2,117.59,15,Card,199.9
4455,443,433,2023-08-13,1,476.06,5,Card,452.26
4456,435,279,2023-08-26,3,411.43,20,Cash,987.43
4457,922,107,2024-12-04,2,370.77,20,Cash,593.23
4458,634,303,2024-09-29,5,128.74,5,Card,611.51
4459,40,220,2023-12-11,2,287.7,0,Card,575.4
4460,642,21,2023-04-15,2,454.2,20,Card,726.72
4461,609,429,2025-01-11,4,309.33,10,Cash,1113.59
4462,276,171,2024-07-26,4,233.75,10,Cash,841.5
4463,160,220,2023-05-17,5,219.74,5,PayPal,1043.77
4464,41,308,2023-08-02,3,151.22,15,PayPal,385.61
4465,215,403,2025-05-10,1,223.69,10,Card,201.32
4466,838,444,2023-06-19,2,287.25,5,Cash,545.77
4467,168,493,2024-05-11,5,102.14,15,PayPal,434.09
4468,781,361,2024-12-07,3,50.64,15,Cash,129.13
4469,980,139,2023-07-26,4,483.66,20,PayPal,1547.71
4470,70,93,2023-11-27,4,359.64,20,Card,1150.85
4471,865,125,2023-09-21,3,11.78,10,UPI,31.81
4472,331,19,2024-10-05,3,218.11,20,PayPal,523.46
4473,169,337,2024-03-10,4,85.89,5,PayPal,326.38
4474,536,90,2025-01-22,3,92.86,10,PayPal,250.72
4475,549,152,2025-03-31,5,324.76,15,UPI,1380.23
4476,806,318,2023-03-24,2,141.76,15,PayPal,240.99
4477,25,378,2024-12-29,2,423.64,20,Card,677.82
4478,271,439,2025-06-16,4,190.9,0,Card,763.6
4479,698,100,2024-02-04,5,344.64,0,Card,1723.2
4480,481,358,2023-06-29,3,440.13,20,Card,1056.31
4481,758,136,2023-10-15,4,247.76,5,Card,941.49
4482,267,188,2023-01-09,4,176.26,15,UPI,599.28
4483,192,56,2023-03-27,3,59.09,10,PayPal,159.54
4484,413,65,2025-01-06,5,182.72,20,Cash,730.88
4485,67,76,2024-04-24,2,345.74,10,PayPal,622.33
4486,706,475,2025-05-15,5,260.87,0,Card,1304.35
4487,856,281,2024-05-13,4,395.45,15,UPI,1344.53
4488,807,211,2024-03-02,4,103.26,5,PayPal,392.39
4489,987,431,2024-06-07,1,28.42,5,PayPal,27.0
4490,2,121,2023-04-22,5,256.93,20,Cash,1027.72
4491,857,56,2025-04-14,4,131.58,15,Cash,447.37
4492,140,230,2023-10-18,2,209.8,0,UPI,419.6
4493,868,297,2024-05-09,3,135.39,0,PayPal,406.17
4494,586,147,2024-07-12,1,78.36,5,Cash,74.44
4495,554,444,2023-03-10,1,222.06,5,UPI,210.96
4496,294,221,2024-01-08,3,75.17,20,Card,180.41
4497,854,316,2023-05-24,2,311.0,15,PayPal,528.7
4498,293,272,2024-10-17,4,449.73,15,UPI,1529.08
4499,808,362,2023-02-17,5,456.87,10,Card,2055.91
4500,865,389,2023-11-21,2,135.62,5,UPI,257.68
4501,762,386,2024-02-18,1,72.51,10,Card,65.26
4502,929,337,2024-07-30,5,180.82,10,PayPal,813.69
4503,16,475,2024-12-21,4,455.0,5,PayPal,1729.0
4504,258,325,2025-06-15,2,107.41,10,Cash,193.34
4505,402,227,2023-11-28,2,289.97,20,Card,463.95
4506,315,233,2024-04-04,2,190.84,15,PayPal,324.43
4507,605,54,2024-05-16,3,367.58,5,PayPal,1047.6
4508,876,279,2024-03-19,2,8.03,0,UPI,16.06
4509,101,393,2023-12-25,4,239.67,20,Card,766.94
4510,413,353,2025-02-04,2,380.1,10,Cash,684.18
4511,670,480,2023-06-02,4,6.64,0,UPI,26.56
4512,379,379,2023-04-18,2,135.6,10,UPI,244.08
4513,251,189,2024-01-28,4,344.2,5,Card,1307.96
4514,557,365,2024-10-07,1,180.29,10,PayPal,162.26
4515,897,78,2024-02-22,1,329.01,15,Card,279.66
4516,597,455,2024-12-25,5,335.54,20,Card,1342.16
4517,685,139,2024-05-18,1,142.09,0,PayPal,142.09
4518,149,167,2024-05-01,3,233.49,15,Cash,595.4
4519,543,431,2023-06-06,4,273.76,0,PayPal,1095.04
4520,304,277,2023-09-30,4,84.96,10,Cash,305.86
4521,525,11,2023-10-02,5,58.05,5,PayPal,275.74
4522,4,499,2024-04-26,2,252.59,0,Cash,505.18
4523,383,469,2023-01-02,3,8.45,20,Card,20.28
4524,729,447,2025-03-02,4,121.66,0,Cash,486.64
4525,18,144,2024-06-18,1,255.65,0,Cash,255.65
4526,682,271,2023-05-02,4,480.18,0,Cash,1920.72
4527,26,237,2023-09-23,5,131.72,20,PayPal,526.88
4528,373,384,2025-02-06,2,425.05,5,Card,807.6
4529,973,143,2024-07-12,2,399.07,15,Card,678.42
4530,41,139,2024-09-11,2,229.31,0,Cash,458.62
4531,993,325,2024-12-28,3,388.05,20,Cash,931.32
4532,770,491,2023-09-11,1,415.01,10,Cash,373.51
4533,457,374,2024-08-20,5,133.27,0,Cash,666.35
4534,378,60,2025-03-22,1,383.91,5,PayPal,364.71
4535,443,438,2023-01-03,1,32.57,15,UPI,27.68
4536,110,205,2023-12-04,5,226.43,10,Card,1018.94
4537,121,181,2024-11-26,3,372.53,20,Card,894.07
4538,811,121,2025-06-08,4,283.95,15,Cash,965.43
4539,514,247,2023-04-11,5,332.61,0,Card,1663.05
4540,500,29,2025-02-23,4,341.78,0,Card,1367.12
4541,897,414,2023-03-06,5,434.06,5,UPI,2061.78
4542,678,3,2023-05-10,2,27.28,0,Cash,54.56
4543,679,421,2023-08-02,1,482.62,0,Cash,482.62
4544,940,393,2024-10-30,4,28.41,5,Card,107.96
4545,447,195,2024-05-06,1,23.75,5,PayPal,22.56
4546,250,411,2024-07-14,1,54.59,20,Card,43.67
4547,199,470,2024-12-09,2,46.81,20,UPI,74.9
4548,855,179,2024-05-10,4,225.31,20,Cash,720.99
4549,967,497,2024-04-15,5,472.72,0,Cash,2363.6
4550,94,280,2024-08-28,2,129.69,20,Cash,207.5
4551,30,221,2025-04-06,1,231.28,20,UPI,185.02
4552,371,327,2023-10-28,3,239.74,10,UPI,647.3
4553,378,198,2024-08-29,3,343.96,15,Cash,877.1
4554,186,212,2023-02-26,5,498.58,5,Cash,2368.26
4555,522,215,2023-01-31,1,300.63,20,UPI,240.5
4556,638,374,2024-05-08,1,466.25,0,UPI,466.25
4557,928,280,2025-01-28,2,11.17,5,UPI,21.22
4558,932,145,2024-06-20,4,29.02,0,PayPal,116.08
4559,689,284,2024-02-09,2,235.62,20,Card,376.99
4560,130,207,2024-01-09,2,469.98,10,PayPal,845.96
4561,307,357,2025-05-24,2,122.51,15,Cash,208.27
4562,615,55,2025-01-22,2,230.88,15,Card,392.5
4563,12,338,2024-12-30,1,269.25,10,Card,242.33
4564,687,236,2023-12-24,4,419.05,0,UPI,1676.2
4565,586,7,2023-09-12,1,155.73,20,UPI,124.58
4566,256,300,2023-05-21,5,241.05,15,Cash,1024.46
4567,453,246,2025-05-17,1,264.57,20,PayPal,211.66
4568,71,126,2025-02-26,5,367.35,0,UPI,1836.75
4569,181,237,2024-06-07,3,348.94,10,Cash,942.14
4570,509,328,2024-09-04,2,448.01,20,PayPal,716.82
4571,980,157,2024-06-05,4,425.48,5,UPI,1616.82
4572,638,431,2025-01-26,3,240.29,20,PayPal,576.7
4573,703,457,2024-06-14,2,488.81,0,Cash,977.62
4574,477,415,2024-10-01,4,481.9,0,Card,1927.6
4575,945,441,2023-03-23,1,499.28,20,UPI,399.42
4576,778,242,2025-06-03,2,22.21,0,UPI,44.42
4577,534,293,2024-03-29,1,177.32,0,PayPal,177.32
4578,801,465,2024-11-04,2,347.05,20,Cash,555.28
4579,799,159,2023-06-11,3,221.25,15,PayPal,564.19
4580,834,137,2025-02-11,4,36.55,0,Card,146.2
4581,704,326,2024-11-14,2,337.54,10,UPI,607.57
4582,36,464,2024-03-06,1,106.27,5,Cash,100.96
4583,236,204,2024-10-27,4,164.13,20,PayPal,525.22
4584,551,8,2023-01-22,3,319.16,15,PayPal,813.86
4585,198,86,2025-04-10,2,27.74,15,Card,47.16
4586,751,292,2025-05-06,5,386.9,15,Cash,1644.33
4587,595,495,2023-01-03,1,158.76,15,Cash,134.95
4588,264,405,2023-01-16,3,437.07,15,PayPal,1114.53
4589,754,41,2023-05-09,5,39.45,0,UPI,197.25
4590,254,26,2023-11-02,1,16.46,15,PayPal,13.99
4591,50,311,2023-07-24,3,264.47,15,PayPal,674.4
4592,849,236,2023-08-07,1,214.91,5,Card,204.16
4593,551,61,2023-09-01,5,276.45,15,Cash,1174.91
4594,977,439,2024-09-22,3,292.73,5,PayPal,834.28
4595,362,70,2023-08-24,5,177.93,10,Card,800.69
4596,802,199,2024-01-24,2,457.95,5,UPI,870.1
4597,655,121,2023-02-14,4,319.44,5,UPI,1213.87
4598,501,74,2025-05-15,3,197.41,20,UPI,473.78
4599,866,47,2023-09-13,4,270.66,20,Cash,866.11
4600,113,423,2025-05-21,2,382.09,15,UPI,649.55
4601,91,26,2023-09-06,1,376.1,5,UPI,357.3
4602,527,258,2025-01-26,3,146.75,20,PayPal,352.2
4603,562,255,2023-09-10,5,111.91,0,Card,559.55
4604,461,400,2024-09-03,3,212.18,20,Cash,509.23
4605,309,392,2023-06-29,5,258.0,5,UPI,1225.5
4606,559,122,2023-02-06,4,71.1,10,PayPal,255.96
4607,784,395,2024-06-19,4,384.65,10,Card,1384.74
4608,584,462,2024-11-14,4,269.29,15,Cash,915.59
4609,317,30,2023-08-01,2,316.13,0,Cash,632.26
4610,225,319,2025-01-21,4,86.07,20,Card,275.42
4611,115,469,2023-01-19,5,427.9,20,Card,1711.6
4612,137,474,2023-08-14,3,194.15,10,UPI,524.21
4613,89,242,2023-07-24,1,268.69,15,Card,228.39
4614,362,377,2024-11-29,5,433.93,5,Card,2061.17
4615,192,297,2024-10-16,2,149.24,5,PayPal,283.56
4616,777,21,2023-11-03,2,245.65,0,PayPal,491.3
4617,455,206,2025-05-30,1,108.16,5,UPI,102.75
4618,857,373,2023-06-16,3,11.19,15,UPI,28.53
4619,712,68,2025-02-16,4,430.05,20,Card,1376.16
4620,763,42,2025-06-12,4,376.51,20,PayPal,1204.83
4621,552,209,2023-06-27,2,129.58,0,Card,259.16
4622,213,147,2023-03-30,3,409.12,20,PayPal,981.89
4623,909,25,2025-03-27,3,256.11,20,Cash,614.66
4624,730,81,2023-01-29,1,68.95,15,Cash,58.61
4625,394,9,2025-02-14,1,167.95,20,UPI,134.36
4626,960,42,2023-04-02,4,444.43,15,Card,1511.06
4627,878,402,2024-02-16,1,104.93,0,PayPal,104.93
4628,745,51,2025-03-14,1,495.61,20,UPI,396.49
4629,502,304,2024-03-06,5,173.57,10,Card,781.06
4630,595,439,2024-05-20,5,66.89,0,Card,334.45
4631,376,410,2023-10-13,5,419.74,10,Card,1888.83
4632,943,7,2024-11-22,1,283.5,15,PayPal,240.97
4633,731,405,2024-11-25,1,64.76,10,UPI,58.28
4634,674,167,2023-10-02,4,142.04,5,PayPal,539.75
4635,844,199,2023-12-13,3,98.9,15,UPI,252.2
4636,998,454,2023-10-25,3,274.93,10,Cash,742.31
4637,477,482,2025-05-28,5,290.59,0,UPI,1452.95
4638,305,311,2023-12-12,2,106.55,15,Card,181.13
4639,614,145,2024-06-20,2,80.86,20,PayPal,129.38
4640,383,135,2023-04-18,1,184.75,0,Cash,184.75
4641,567,3,2023-03-15,1,240.68,0,UPI,240.68
4642,102,192,2023-08-10,5,153.95,15,PayPal,654.29
4643,668,471,2025-05-19,1,480.08,15,Card,408.07
4644,934,239,2024-03-04,3,188.38,15,Card,480.37
4645,28,229,2023-10-16,4,136.43,10,Cash,491.15
4646,367,371,2024-09-16,2,331.87,20,Card,530.99
4647,851,43,2025-04-20,3,206.11,15,UPI,525.58
4648,415,13,2025-05-01,4,253.65,20,UPI,811.68
4649,597,240,2023-04-09,3,172.21,5,Card,490.8
4650,653,350,2024-02-24,2,343.28,20,Cash,549.25
4651,291,70,2025-01-14,5,126.73,0,Cash,633.65
4652,954,26,2023-06-26,3,361.4,10,Card,975.78
4653,93,413,2025-01-29,1,424.45,15,Cash,360.78
4654,193,341,2025-02-26,1,171.47,15,PayPal,145.75
4655,398,137,2025-02-21,3,393.26,5,Card,1120.79
4656,12,251,2023-04-10,4,369.06,20,Cash,1180.99
4657,937,222,2024-12-03,3,459.68,15,UPI,1172.18
4658,511,184,2023-08-12,3,8.27,5,Card,23.57
4659,851,363,2023-07-05,2,26.81,20,PayPal,42.9
4660,90,283,2023-02-25,2,258.71,0,PayPal,517.42
4661,420,189,2025-02-14,1,264.67,20,Cash,211.74
4662,289,337,2023-03-06,5,482.75,15,PayPal,2051.69
4663,856,397,2025-02-27,1,64.72,5,Cash,61.48
4664,949,343,2025-01-23,1,387.94,20,Cash,310.35
4665,551,224,2025-02-18,1,469.93,5,PayPal,446.43
4666,578,411,2025-05-27,4,339.8,0,Card,1359.2
4667,703,363,2025-03-07,3,189.37,20,Card,454.49
4668,756,490,2024-12-14,4,89.73,10,Cash,323.03
4669,581,353,2023-02-13,3,442.65,20,Cash,1062.36
4670,835,67,2025-02-15,4,26.18,5,Cash,99.48
4671,567,406,2024-04-14,3,6.32,5,PayPal,18.01
4672,887,305,2024-01-29,1,490.39,5,PayPal,465.87
4673,507,79,2023-09-20,1,398.98,5,PayPal,379.03
4674,655,34,2024-07-08,1,361.21,10,Card,325.09
4675,744,396,2023-06-08,1,305.34,15,Cash,259.54
4676,500,123,2023-01-12,2,85.62,5,PayPal,162.68
4677,476,46,2025-04-15,1,442.43,15,PayPal,376.07
4678,898,101,2024-06-29,2,460.0,10,Card,828.0
4679,450,477,2024-02-29,5,434.61,20,Card,1738.44
4680,493,389,2023-06-22,4,346.25,0,PayPal,1385.0
4681,937,1,2024-07-21,4,162.35,5,Cash,616.93
4682,844,470,2024-06-09,3,16.88,10,PayPal,45.58
4683,903,292,2023-08-23,2,225.1,15,Cash,382.67
4684,866,276,2023-06-06,3,366.07,5,UPI,1043.3
4685,729,152,2023-01-20,1,119.38,5,UPI,113.41
4686,476,480,2023-03-08,1,395.81,20,Card,316.65
4687,614,260,2023-03-19,4,370.0,20,UPI,1184.0
4688,50,430,2025-01-08,2,48.67,10,PayPal,87.61
4689,551,336,2025-03-05,5,319.37,0,UPI,1596.85
4690,592,428,2024-12-08,3,239.97,0,Card,719.91
4691,829,41,2023-10-01,1,400.59,20,UPI,320.47
4692,602,461,2024-09-06,4,296.0,0,UPI,1184.0
4693,506,269,2023-12-14,2,96.88,5,Card,184.07
4694,216,470,2024-08-12,4,49.12,15,PayPal,167.01
4695,569,494,2024-05-01,1,318.81,0,Card,318.81
4696,524,383,2024-09-23,2,58.16,0,PayPal,116.32
4697,886,406,2024-11-30,1,34.99,5,Card,33.24
4698,242,81,2024-08-22,2,218.42,5,PayPal,415.0
4699,435,440,2025-02-27,2,308.89,15,Cash,525.11
4700,564,31,2025-05-13,4,204.54,10,Card,736.34
4701,769,385,2024-02-06,4,235.3,5,Card,894.14
4702,443,336,2023-06-11,4,209.49,20,UPI,670.37
4703,769,366,2025-05-08,4,137.93,20,Card,441.38
4704,278,463,2024-08-22,2,437.59,5,UPI,831.42
4705,971,173,2023-07-10,3,363.12,10,Cash,980.42
4706,47,454,2023-11-05,5,199.28,10,UPI,896.76
4707,779,327,2023-03-10,1,327.21,15,Cash,278.13
4708,248,19,2024-03-05,2,374.27,0,Card,748.54
4709,905,474,2025-01-21,5,378.97,10,Card,1705.37
4710,787,10,2023-04-02,5,385.79,5,Card,1832.5
4711,735,81,2023-11-23,4,309.04,0,UPI,1236.16
4712,590,466,2024-12-03,5,387.43,0,UPI,1937.15
4713,533,407,2023-09-20,3,477.22,5,Cash,1360.08
4714,64,180,2024-09-05,5,241.62,20,Cash,966.48
4715,141,318,2023-05-29,3,14.13,0,PayPal,42.39
4716,531,483,2024-09-09,2,251.28,15,Card,427.18
4717,727,109,2023-08-29,4,253.07,0,UPI,1012.28
4718,661,452,2025-01-31,5,397.0,15,UPI,1687.25
4719,512,236,2024-08-24,1,248.58,5,UPI,236.15
4720,432,213,2023-09-28,4,38.0,15,Card,129.2
4721,907,119,2023-09-04,2,445.42,15,PayPal,757.21
4722,430,230,2023-11-06,4,62.06,10,PayPal,223.42
4723,647,485,2023-06-25,5,369.15,20,Card,1476.6
4724,10,57,2024-09-06,2,71.23,0,Card,142.46
4725,170,332,2023-06-01,3,361.25,10,Cash,975.38
4726,704,144,2023-07-22,1,255.74,0,Cash,255.74
4727,661,397,2024-09-07,3,350.97,10,PayPal,947.62
4728,244,126,2023-07-18,3,133.4,10,Cash,360.18
4729,813,366,2023-01-29,2,414.75,20,Cash,663.6
4730,316,440,2024-04-26,5,485.23,15,Card,2062.23
4731,740,196,2023-07-31,2,420.84,5,Card,799.6
4732,400,49,2024-09-14,4,33.12,15,PayPal,112.61
4733,357,296,2024-05-03,4,444.83,10,UPI,1601.39
4734,683,333,2023-02-27,3,135.53,15,Cash,345.6
4735,95,417,2024-06-22,3,8.15,0,UPI,24.45
4736,465,67,2024-05-12,5,115.04,10,Card,517.68
4737,186,22,2025-03-04,1,276.98,10,PayPal,249.28
4738,221,60,2023-11-04,2,287.38,5,UPI,546.02
4739,206,445,2025-03-05,1,107.63,0,Cash,107.63
4740,875,452,2023-07-19,5,32.49,5,UPI,154.33
4741,99,398,2024-02-03,3,260.56,5,PayPal,742.6
4742,274,55,2024-10-09,5,397.36,20,UPI,1589.44
4743,541,208,2025-04-06,2,447.62,15,PayPal,760.95
4744,518,44,2023-06-25,2,474.52,15,PayPal,806.68
4745,428,461,2024-07-21,4,371.9,20,Cash,1190.08
4746,898,154,2024-11-26,2,221.15,0,UPI,442.3
4747,643,171,2024-08-24,3,199.54,0,PayPal,598.62
4748,22,95,2023-10-12,1,216.44,15,Card,183.97
4749,468,72,2025-03-29,4,302.26,20,UPI,967.23
4750,501,314,2023-05-18,3,290.28,5,Card,827.3
4751,293,494,2023-05-28,1,446.12,10,Card,401.51
4752,966,95,2023-11-08,4,378.47,10,Cash,1362.49
4753,135,197,2024-12-12,1,144.86,10,UPI,130.37
4754,219,166,2025-01-18,3,411.17,10,UPI,1110.16
4755,505,438,2023-03-25,2,84.7,5,Cash,160.93
4756,601,116,2023-09-16,2,442.15,5,Card,840.08
4757,193,210,2025-04-18,1,263.05,0,PayPal,263.05
4758,627,90,2024-02-24,5,41.05,0,Cash,205.25
4759,852,14,2024-08-09,4,185.62,15,PayPal,631.11
4760,377,409,2023-02-09,1,298.92,15,PayPal,254.08
4761,552,316,2024-01-01,1,372.0,10,PayPal,334.8
4762,16,146,2024-12-10,5,327.86,0,Cash,1639.3
4763,987,184,2025-04-12,4,323.59,15,Cash,1100.21
4764,721,293,2023-09-29,2,139.4,0,PayPal,278.8
4765,759,233,2023-06-14,2,479.32,0,Card,958.64
4766,902,486,2023-07-06,1,20.15,15,Cash,17.13
4767,125,466,2024-05-04,5,177.23,5,Card,841.84
4768,713,101,2025-05-09,5,348.9,10,Card,1570.05
4769,525,216,2023-01-26,1,212.24,20,Cash,169.79
4770,492,189,2023-09-02,5,428.99,20,Cash,1715.96
4771,464,131,2023-12-11,4,214.96,15,Card,730.86
4772,166,279,2025-01-29,4,32.25,15,Card,109.65
4773,244,298,2023-09-14,3,251.28,20,Card,603.07
4774,255,326,2023-08-08,1,204.82,0,Card,204.82
4775,201,467,2024-01-08,5,352.04,5,Card,1672.19
4776,716,418,2025-04-20,5,115.23,0,UPI,576.15
4777,616,397,2023-11-12,2,120.82,5,PayPal,229.56
4778,691,91,2023-03-06,5,310.35,20,PayPal,1241.4
4779,370,75,2024-12-18,1,210.86,20,Card,168.69
4780,877,459,2025-06-01,5,61.05,15,UPI,259.46
4781,699,358,2024-01-12,3,115.44,0,Cash,346.32
4782,364,373,2023-04-20,5,337.16,15,Cash,1432.93
4783,146,302,2024-02-28,5,389.84,5,Cash,1851.74
4784,979,425,2024-03-29,3,421.03,5,UPI,1199.94
4785,201,91,2023-09-11,2,471.3,10,Card,848.34
4786,544,438,2023-12-19,1,304.76,0,PayPal,304.76
4787,31,498,2023-07-01,3,423.42,0,PayPal,1270.26
4788,734,353,2023-07-14,1,52.73,5,Cash,50.09
4789,330,259,2024-09-07,3,473.09,20,UPI,1135.42
4790,768,337,2024-01-25,1,412.4,5,Card,391.78
4791,323,133,2024-06-26,1,446.51,5,Cash,424.18
4792,398,452,2025-04-10,1,351.95,15,Card,299.16
4793,444,97,2024-04-11,4,381.67,5,PayPal,1450.35
4794,812,108,2024-08-28,5,409.67,10,PayPal,1843.51
4795,291,110,2024-08-28,2,258.07,5,PayPal,490.33
4796,293,233,2023-09-24,3,123.53,0,Card,370.59
4797,405,140,2023-06-26,4,498.22,20,PayPal,1594.3
4798,540,324,2024-07-06,4,10.31,5,PayPal,39.18
4799,72,164,2023-01-27,4,155.99,15,Card,530.37
4800,48,191,2023-07-23,3,267.33,0,Cash,801.99
4801,839,273,2023-03-19,5,227.24,10,Card,1022.58
4802,945,146,2023-06-15,2,169.99,5,Cash,322.98
4803,371,418,2024-05-15,3,449.48,20,PayPal,1078.75
4804,172,349,2023-06-20,2,450.7,10,Card,811.26
4805,106,416,2023-10-10,1,421.69,15,Card,358.44
4806,305,281,2024-12-19,1,454.03,10,Card,408.63
4807,530,160,2023-03-06,4,318.11,10,PayPal,1145.2
4808,265,247,2023-04-15,5,430.5,15,UPI,1829.62
4809,775,180,2025-03-31,3,133.52,15,Card,340.48
4810,92,288,2024-09-11,1,328.23,5,Card,311.82
4811,689,19,2024-06-19,3,72.43,0,Cash,217.29
4812,167,293,2024-05-22,4,296.83,15,UPI,1009.22
4813,138,298,2024-12-28,2,292.96,5,UPI,556.62
4814,224,393,2024-12-24,4,102.51,20,Cash,328.03
4815,978,414,2023-07-16,3,420.25,5,PayPal,1197.71
4816,565,319,2023-08-26,4,11.67,10,PayPal,42.01
4817,508,34,2024-09-07,5,16.13,20,PayPal,64.52
4818,873,7,2023-04-11,3,252.28,5,PayPal,719.0
4819,749,430,2024-12-18,4,451.15,10,PayPal,1624.14
4820,760,78,2024-10-02,2,177.18,20,Card,283.49
4821,95,232,2023-01-29,5,455.57,20,UPI,1822.28
4822,845,256,2025-05-02,2,401.71,20,PayPal,642.74
4823,797,484,2023-12-17,1,59.31,15,UPI,50.41
4824,453,493,2023-06-10,1,399.45,20,Card,319.56
4825,126,156,2025-02-21,5,368.99,20,PayPal,1475.96
4826,476,187,2025-05-04,1,180.63,15,Cash,153.54
4827,41,69,2024-01-22,4,115.59,20,UPI,369.89
4828,746,434,2025-05-04,4,244.76,0,UPI,979.04
4829,427,439,2023-01-27,5,266.1,20,UPI,1064.4
4830,78,400,2023-08-11,1,321.55,10,PayPal,289.4
4831,239,138,2024-10-07,2,130.77,15,Cash,222.31
4832,143,433,2023-04-07,3,408.1,20,PayPal,979.44
4833,938,79,2024-08-18,1,353.45,15,PayPal,300.43
4834,420,132,2025-04-07,3,417.93,15,PayPal,1065.72
4835,639,474,2024-07-12,2,6.68,10,Cash,12.02
4836,913,165,2024-09-27,2,378.83,5,PayPal,719.78
4837,228,21,2024-04-07,2,469.72,5,Cash,892.47
4838,256,16,2024-11-08,1,452.32,20,Cash,361.86
4839,959,183,2024-08-17,3,262.88,10,Cash,709.78
4840,475,197,2024-07-03,3,426.4,10,PayPal,1151.28
4841,476,110,2025-01-27,1,423.68,0,PayPal,423.68
4842,724,233,2023-02-20,2,371.58,0,Cash,743.16
4843,502,370,2023-01-15,3,314.93,5,PayPal,897.55
4844,372,363,2023-02-19,3,393.36,20,PayPal,944.06
4845,830,28,2023-08-18,4,342.89,0,PayPal,1371.56
4846,175,166,2024-03-01,5,166.86,0,Card,834.3
4847,74,77,2023-11-22,3,155.45,15,Cash,396.4
4848,321,288,2023-06-10,4,260.49,5,PayPal,989.86
4849,948,341,2024-10-25,1,402.76,20,Card,322.21
4850,492,481,2023-11-23,3,336.26,10,Card,907.9
4851,83,378,2025-06-01,4,351.83,20,Card,1125.86
4852,79,142,2024-10-28,4,371.66,10,PayPal,1337.98
4853,479,417,2024-08-17,3,265.48,20,UPI,637.15
4854,43,353,2024-08-31,4,231.73,20,Cash,741.54
4855,275,364,2024-05-03,4,450.62,5,UPI,1712.36
4856,701,366,2024-12-01,3,426.96,10,UPI,1152.79
4857,590,443,2023-04-14,2,224.44,0,Card,448.88
4858,142,14,2024-12-24,3,464.66,0,UPI,1393.98
4859,29,234,2024-11-02,4,438.13,20,Card,1402.02
4860,191,457,2024-04-25,1,339.41,5,PayPal,322.44
4861,705,301,2024-08-18,4,344.08,15,PayPal,1169.87
4862,380,323,2025-05-07,5,429.27,0,UPI,2146.35
4863,139,340,2024-01-24,1,465.89,10,Card,419.3
4864,793,449,2025-04-08,4,231.33,0,Card,925.32
4865,47,418,2024-01-25,3,391.52,10,UPI,1057.1
4866,736,276,2023-11-05,1,152.69,5,UPI,145.06
4867,535,301,2023-10-26,1,269.74,0,Cash,269.74
4868,363,120,2023-10-29,3,328.33,0,Card,984.99
4869,592,67,2024-08-18,1,495.7,15,Card,421.34
4870,349,136,2025-03-23,5,473.82,10,PayPal,2132.19
4871,806,90,2023-02-20,4,50.31,15,Cash,171.05
4872,918,214,2023-06-24,3,68.65,0,Cash,205.95
4873,974,65,2025-02-24,3,301.83,20,Cash,724.39
4874,349,64,2024-10-04,1,45.21,20,Card,36.17
4875,432,29,2025-03-10,2,428.55,5,Card,814.25
4876,341,43,2024-07-20,4,236.57,15,PayPal,804.34
4877,705,35,2023-11-28,1,22.94,15,Card,19.5
4878,57,400,2023-06-26,5,61.8,0,UPI,309.0
4879,343,487,2024-06-27,4,345.74,5,PayPal,1313.81
4880,8,461,2024-09-23,4,199.97,10,PayPal,719.89
4881,922,131,2024-11-23,5,285.44,15,PayPal,1213.12
4882,463,210,2024-03-06,5,165.08,10,Card,742.86
4883,369,209,2025-02-10,3,439.71,15,Card,1121.26
4884,194,177,2024-01-03,3,245.55,0,PayPal,736.65
4885,805,277,2024-09-04,3,188.61,20,UPI,452.66
4886,772,109,2023-07-12,2,59.1,15,Cash,100.47
4887,900,228,2025-04-26,2,467.32,15,Cash,794.44
4888,854,466,2024-04-23,4,417.95,20,UPI,1337.44
4889,393,74,2024-03-17,1,147.52,0,Card,147.52
4890,442,282,2023-06-29,5,310.83,0,UPI,1554.15
4891,655,272,2024-05-20,2,176.87,5,Cash,336.05
4892,541,437,2023-06-20,1,430.99,0,PayPal,430.99
4893,159,304,2023-05-09,5,16.58,5,UPI,78.75
4894,52,32,2023-08-03,4,422.29,0,Cash,1689.16
4895,774,293,2024-10-29,4,375.88,0,Cash,1503.52
4896,993,59,2023-10-21,1,253.71,20,Cash,202.97
4897,19,463,2024-10-09,1,367.44,0,UPI,367.44
4898,366,177,2023-11-14,2,76.54,0,Card,153.08
4899,87,497,2024-07-30,3,492.08,20,Card,1180.99
4900,775,298,2024-11-07,2,33.28,10,Cash,59.9
4901,796,193,2023-08-22,2,63.65,20,Card,101.84
4902,638,248,2023-08-01,5,443.23,15,UPI,1883.73
4903,64,308,2023-04-12,2,146.32,0,Card,292.64
4904,909,194,2023-09-30,1,233.98,5,UPI,222.28
4905,943,32,2024-10-12,1,6.68,20,PayPal,5.34
4906,33,112,2024-07-21,1,331.39,5,Cash,314.82
4907,186,287,2023-02-15,1,137.2,10,PayPal,123.48
4908,789,499,2023-06-24,4,341.74,5,Card,1298.61
4909,416,289,2024-05-17,2,197.38,0,Card,394.76
4910,843,49,2023-12-07,5,441.41,10,Card,1986.35
4911,657,162,2025-05-25,1,386.74,0,UPI,386.74
4912,349,470,2025-04-02,1,291.08,0,Card,291.08
4913,156,220,2024-04-07,4,148.93,0,PayPal,595.72
4914,36,439,2023-11-17,4,31.2,20,Cash,99.84
4915,367,179,2024-01-08,3,391.67,10,UPI,1057.51
4916,471,412,2025-01-06,1,313.06,0,Cash,313.06
4917,408,131,2025-06-04,5,295.46,10,Card,1329.57
4918,724,200,2023-02-10,3,468.67,5,UPI,1335.71
4919,946,381,2023-06-30,5,12.41,10,Card,55.84
4920,503,29,2023-07-28,4,437.93,0,Cash,1751.72
4921,324,4,2024-01-09,4,50.9,20,PayPal,162.88
4922,681,222,2024-09-16,4,441.79,5,Card,1678.8
4923,110,136,2023-01-20,4,35.2,0,PayPal,140.8
4924,32,50,2024-09-09,2,330.66,5,Card,628.25
4925,341,240,2023-04-21,2,117.7,15,Cash,200.09
4926,788,257,2024-11-18,5,25.75,10,Cash,115.88
4927,447,24,2024-08-01,2,442.0,15,Cash,751.4
4928,523,188,2023-07-14,2,116.58,20,PayPal,186.53
4929,910,243,2024-05-10,5,368.56,15,Cash,1566.38
4930,847,118,2023-11-24,4,496.67,5,PayPal,1887.35
4931,303,121,2025-03-16,3,165.2,15,Card,421.26
4932,570,84,2024-01-28,1,84.41,20,Cash,67.53
4933,793,404,2023-02-26,1,382.27,15,Card,324.93
4934,330,267,2024-11-02,2,19.15,0,Cash,38.3
4935,663,435,2025-06-09,1,97.96,20,Card,78.37
4936,908,186,2023-07-16,4,298.92,10,PayPal,1076.11
4937,212,475,2025-06-02,4,172.17,5,Card,654.25
4938,581,360,2024-08-20,5,156.18,20,PayPal,624.72
4939,226,166,2023-06-09,2,436.44,10,PayPal,785.59
4940,115,386,2025-03-30,1,98.49,10,UPI,88.64
4941,848,398,2024-01-02,2,456.89,5,UPI,868.09
4942,783,179,2025-01-17,2,380.36,15,Card,646.61
4943,725,53,2024-10-01,2,317.78,20,Cash,508.45
4944,606,217,2024-07-28,4,177.71,15,Cash,604.21
4945,833,324,2024-10-09,5,346.79,10,Cash,1560.56
4946,803,278,2024-11-22,5,32.23,10,UPI,145.03
4947,887,239,2024-09-30,3,489.6,5,PayPal,1395.36
4948,114,422,2023-12-15,4,170.16,5,Card,646.61
4949,423,88,2023-10-26,5,376.96,15,PayPal,1602.08
4950,598,222,2023-03-05,3,83.0,5,PayPal,236.55
4951,704,188,2023-06-14,3,282.58,10,Cash,762.97
4952,513,89,2024-04-26,4,205.16,5,UPI,779.61
4953,702,1,2023-11-18,2,375.5,10,Card,675.9
4954,607,8,2024-11-14,4,39.42,20,Card,126.14
4955,168,204,2023-10-01,1,485.76,5,Card,461.47
4956,494,383,2023-08-20,2,36.31,15,Card,61.73
4957,178,308,2024-06-19,2,460.64,5,UPI,875.22
4958,66,443,2024-10-31,2,154.23,15,Card,262.19
4959,724,143,2024-07-07,5,284.49,15,Card,1209.08
4960,886,445,2025-03-25,2,303.89,15,UPI,516.61
4961,414,454,2024-03-25,2,84.28,5,PayPal,160.13
4962,248,416,2024-12-15,1,88.71,20,Cash,70.97
4963,492,279,2024-07-08,4,349.78,5,PayPal,1329.16
4964,982,474,2024-08-25,1,133.54,20,UPI,106.83
4965,379,314,2024-07-09,3,301.09,15,UPI,767.78
4966,985,217,2024-02-20,1,257.33,5,UPI,244.46
4967,133,229,2025-05-12,5,197.45,20,Card,789.8
4968,317,13,2024-07-20,1,9.26,20,UPI,7.41
4969,712,176,2023-03-17,2,209.6,10,Cash,377.28
4970,613,31,2023-03-21,3,170.2,15,UPI,434.01
4971,961,405,2023-02-16,5,52.56,15,Card,223.38
4972,619,265,2024-11-13,4,158.99,0,Card,635.96
4973,792,459,2023-04-01,5,228.53,10,Card,1028.39
4974,946,253,2024-10-24,4,296.61,15,PayPal,1008.47
4975,644,188,2023-02-11,4,357.55,0,Cash,1430.2
4976,47,159,2024-12-12,2,180.69,10,UPI,325.24
4977,904,79,2025-03-30,5,400.86,10,PayPal,1803.87
4978,667,242,2023-04-17,3,374.33,15,UPI,954.54
4979,958,329,2025-02-05,5,342.88,5,Card,1628.68
4980,852,156,2023-09-23,3,253.55,0,Card,760.65
4981,81,26,2024-06-12,2,216.51,10,Card,389.72
4982,276,205,2023-07-28,3,472.93,10,UPI,1276.91
4983,960,68,2023-12-26,5,426.42,10,Cash,1918.89
4984,383,470,2023-09-23,3,451.33,5,Card,1286.29
4985,900,66,2025-03-20,2,7.93,15,PayPal,13.48
4986,29,417,2024-05-18,1,401.35,10,Card,361.22
4987,410,408,2023-08-14,3,88.15,20,PayPal,211.56
4988,532,72,2023-10-18,1,120.75,15,Cash,102.64
4989,261,234,2024-11-04,2,18.23,15,PayPal,30.99
4990,225,463,2023-09-15,4,480.29,0,Card,1921.16
4991,636,334,2024-11-03,5,381.46,10,Card,1716.57
4992,404,308,2025-02-17,5,272.55,10,PayPal,1226.48
4993,295,89,2025-03-21,2,451.9,0,UPI,903.8
4994,773,132,2023-07-25,3,36.44,20,Card,87.46
4995,50,114,2023-08-29,4,219.86,5,PayPal,835.47
4996,927,414,2025-01-07,5,239.05,5,Card,1135.49
4997,134,135,2025-04-14,4,21.69,0,Card,86.76
4998,514,78,2024-10-08,4,465.0,0,Card,1860.0
4999,867,27,2024-02-05,1,382.91,15,PayPal,325.47
5000,371,473,2024-07-19,3,290.91,5,UPI,829.09
5001,674,375,2024-08-09,3,263.53,20,UPI,632.47
5002,509,488,2023-09-07,2,398.43,5,Card,757.02
5003,551,122,2023-12-31,4,215.37,15,Cash,732.26
5004,80,34,2025-03-12,3,202.45,5,UPI,576.98
5005,400,339,2024-06-02,4,143.85,5,UPI,546.63
5006,897,103,2023-08-18,3,422.37,15,Card,1077.04
5007,120,1,2024-08-15,5,236.11,15,PayPal,1003.47
5008,353,175,2024-03-25,2,406.02,0,PayPal,812.04
5009,127,144,2023-03-04,3,253.94,20,Cash,609.46
5010,658,209,2023-10-13,2,71.74,0,Card,143.48
5011,997,33,2024-04-14,3,230.97,10,UPI,623.62
5012,931,42,2025-03-23,4,381.42,0,UPI,1525.68
5013,811,269,2025-06-19,2,299.96,5,Cash,569.92
5014,526,235,2023-11-03,5,405.0,20,PayPal,1620.0
5015,255,401,2023-03-30,4,117.15,0,Cash,468.6
5016,484,185,2024-02-22,1,89.48,5,Cash,85.01
5017,685,226,2024-05-16,2,39.07,10,UPI,70.33
5018,362,169,2024-10-28,5,233.43,0,Card,1167.15
5019,399,339,2023-01-11,2,58.38,5,UPI,110.92
5020,396,432,2024-09-21,4,336.75,5,Cash,1279.65
5021,94,313,2024-04-19,4,424.81,5,PayPal,1614.28
5022,217,373,2024-09-08,2,447.5,10,UPI,805.5
5023,625,323,2023-01-24,3,241.39,5,UPI,687.96
5024,568,137,2023-04-25,5,361.14,20,Cash,1444.56
5025,640,198,2023-02-28,3,357.57,10,Cash,965.44
5026,705,303,2024-02-26,2,368.55,5,UPI,700.25
5027,79,163,2024-04-05,5,407.34,0,PayPal,2036.7
5028,369,54,2025-04-24,1,224.5,5,UPI,213.27
5029,432,497,2023-07-23,5,296.99,0,Cash,1484.95
5030,987,419,2024-04-21,5,107.17,20,UPI,428.68
5031,697,205,2023-08-09,3,311.12,0,PayPal,933.36
5032,537,180,2024-03-02,4,335.02,10,Cash,1206.07
5033,433,472,2024-11-26,3,181.42,5,UPI,517.05
5034,982,1,2025-01-24,1,246.18,0,Cash,246.18
5035,708,143,2023-05-13,3,164.03,20,UPI,393.67
5036,603,375,2023-01-05,5,381.74,0,UPI,1908.7
5037,169,120,2023-10-31,2,126.58,5,PayPal,240.5
5038,385,108,2023-05-20,2,95.0,20,PayPal,152.0
5039,383,51,2024-04-21,5,312.28,20,Cash,1249.12
5040,117,313,2025-03-14,3,73.52,0,PayPal,220.56
5041,546,497,2024-09-24,4,238.02,5,UPI,904.48
5042,975,223,2025-03-01,4,374.97,15,UPI,1274.9
5043,606,431,2023-11-23,4,197.13,10,PayPal,709.67
5044,872,90,2023-05-09,5,170.02,5,PayPal,807.6
5045,395,419,2023-04-09,4,70.79,10,UPI,254.84
5046,156,223,2025-01-29,1,17.09,0,UPI,17.09
5047,361,233,2023-09-05,5,346.18,5,PayPal,1644.36
5048,675,145,2024-09-13,2,443.57,20,PayPal,709.71
5049,240,276,2023-10-08,5,275.67,10,Card,1240.52
5050,186,451,2024-12-11,2,310.48,10,Cash,558.86
5051,83,100,2025-03-01,5,339.3,15,UPI,1442.02
5052,304,447,2023-07-03,1,396.8,20,UPI,317.44
5053,191,332,2023-08-10,5,420.42,20,Card,1681.68
5054,939,405,2023-05-06,4,482.38,10,PayPal,1736.57
5055,366,97,2024-12-10,2,5.2,0,UPI,10.4
5056,744,208,2023-04-09,4,202.33,5,UPI,768.85
5057,130,422,2023-05-01,2,66.51,15,PayPal,113.07
5058,811,32,2024-02-26,2,359.42,10,UPI,646.96
5059,987,69,2023-08-25,5,366.73,5,PayPal,1741.97
5060,345,351,2023-09-23,4,461.21,10,UPI,1660.36
5061,723,175,2023-12-30,4,373.32,10,Cash,1343.95
5062,486,306,2023-06-25,2,93.23,0,UPI,186.46
5063,285,500,2025-06-01,2,199.36,5,PayPal,378.78
5064,23,498,2024-01-15,1,129.25,10,UPI,116.33
5065,636,52,2023-07-13,1,124.42,0,PayPal,124.42
5066,964,284,2024-01-17,3,186.58,10,Cash,503.77
5067,323,185,2023-09-04,4,227.14,10,PayPal,817.7
5068,708,464,2023-08-10,4,455.69,20,UPI,1458.21
5069,358,413,2023-10-23,1,302.71,10,Card,272.44
5070,381,123,2024-04-21,2,212.25,15,PayPal,360.82
5071,399,435,2024-05-21,4,173.49,0,Cash,693.96
5072,140,230,2024-04-10,1,435.11,10,Card,391.6
5073,27,353,2023-01-11,2,485.29,10,PayPal,873.52
5074,3,89,2023-02-10,1,72.24,0,UPI,72.24
5075,502,419,2023-10-18,5,457.07,15,Cash,1942.55
5076,40,496,2024-07-09,4,129.18,0,PayPal,516.72
5077,175,476,2024-05-24,1,416.11,20,Cash,332.89
5078,875,396,2023-10-08,1,366.47,20,Card,293.18
5079,560,364,2024-06-03,4,351.79,15,UPI,1196.09
5080,937,299,2024-09-09,2,367.88,0,PayPal,735.76
5081,548,147,2023-11-13,1,232.68,0,UPI,232.68
5082,222,445,2023-03-25,1,105.15,0,UPI,105.15
5083,882,185,2024-03-19,5,112.15,15,Cash,476.64
5084,220,5,2023-12-26,2,130.02,5,Card,247.04
5085,645,305,2024-04-19,1,118.41,10,UPI,106.57
5086,798,430,2024-02-13,4,34.18,5,Card,129.88
5087,377,250,2023-02-21,5,79.79,15,PayPal,339.11
5088,159,291,2024-06-04,3,97.83,20,PayPal,234.79
5089,332,208,2024-12-09,1,167.8,10,Card,151.02
5090,105,248,2023-03-30,2,107.49,5,Card,204.23
5091,111,60,2023-02-02,1,409.69,15,Card,348.24
5092,657,348,2024-06-15,4,230.29,10,Card,829.04
5093,689,348,2024-01-12,2,33.44,20,Card,53.5
5094,983,109,2023-03-11,5,40.1,0,UPI,200.5
5095,329,221,2023-07-23,2,106.03,15,UPI,180.25
5096,623,325,2024-10-09,5,202.57,0,Card,1012.85
5097,712,478,2023-07-04,3,69.78,5,Card,198.87
5098,830,108,2023-09-12,4,213.84,20,UPI,684.29
5099,406,443,2024-01-15,3,393.1,20,Cash,943.44
5100,827,97,2023-05-30,2,282.7,5,UPI,537.13
5101,98,155,2024-09-14,4,251.64,15,UPI,855.58
5102,198,492,2023-04-19,3,458.78,20,Card,1101.07
5103,482,224,2023-02-16,1,30.79,5,PayPal,29.25
5104,559,136,2025-01-09,4,56.27,0,Card,225.08
5105,448,77,2024-01-22,5,70.77,0,Cash,353.85
5106,474,29,2025-05-23,3,77.93,0,UPI,233.79
5107,224,355,2023-04-25,5,64.5,5,Card,306.38
5108,687,417,2024-03-19,1,365.33,5,Cash,347.06
5109,959,269,2024-08-22,2,219.18,10,PayPal,394.52
5110,31,125,2024-07-15,1,404.74,15,Card,344.03
5111,624,291,2023-09-18,2,341.17,10,Cash,614.11
5112,443,387,2024-12-09,5,177.24,15,UPI,753.27
5113,227,410,2023-09-02,3,51.47,10,UPI,138.97
5114,715,174,2024-07-19,5,393.22,0,PayPal,1966.1
5115,863,216,2024-01-02,2,376.85,10,Card,678.33
5116,72,183,2024-03-30,1,467.86,15,Card,397.68
5117,188,28,2023-01-28,3,170.13,15,Cash,433.83
5118,3,197,2023-05-06,3,26.53,10,Cash,71.63
5119,439,40,2025-05-17,5,333.6,10,Cash,1501.2
5120,958,133,2024-02-15,2,429.84,15,PayPal,730.73
5121,589,281,2024-08-20,1,236.53,10,Card,212.88
5122,413,207,2023-06-02,1,383.67,20,UPI,306.94
5123,173,36,2023-02-14,1,252.6,10,Card,227.34
5124,786,73,2023-03-02,4,94.36,10,Cash,339.7
5125,595,201,2025-06-05,1,250.25,10,Cash,225.22
5126,276,190,2025-06-08,1,229.51,5,PayPal,218.03
5127,531,270,2023-02-23,3,468.68,15,Cash,1195.13
5128,286,86,2024-05-08,1,152.09,15,Cash,129.28
5129,249,4,2025-05-16,5,487.38,5,PayPal,2315.05
5130,489,445,2024-02-17,1,36.35,20,Card,29.08
5131,502,446,2025-05-17,2,457.03,15,UPI,776.95
5132,492,240,2024-12-06,5,306.09,20,Cash,1224.36
5133,273,478,2024-05-11,2,400.97,20,PayPal,641.55
5134,533,249,2023-06-25,2,172.23,15,UPI,292.79
5135,619,227,2024-08-11,5,133.31,20,PayPal,533.24
5136,846,272,2024-02-16,2,181.18,15,Cash,308.01
5137,317,202,2024-06-07,5,403.35,10,Cash,1815.08
5138,823,427,2023-01-28,1,359.09,5,UPI,341.14
5139,121,445,2024-11-18,4,229.48,10,UPI,826.13
5140,500,21,2024-02-22,1,78.83,10,PayPal,70.95
5141,73,492,2025-04-01,1,327.55,5,Card,311.17
5142,486,19,2023-12-16,1,315.78,10,PayPal,284.2
5143,582,361,2024-10-15,4,217.98,5,PayPal,828.32
5144,653,379,2025-05-24,1,277.32,5,UPI,263.45
5145,829,481,2024-09-17,5,422.19,20,PayPal,1688.76
5146,188,416,2024-08-30,4,257.85,5,UPI,979.83
5147,13,243,2024-02-27,5,457.27,0,PayPal,2286.35
5148,51,96,2024-10-25,1,229.49,15,PayPal,195.07
5149,371,118,2024-09-17,2,355.81,5,PayPal,676.04
5150,572,93,2023-08-08,3,206.09,5,UPI,587.36
5151,818,27,2023-09-23,5,265.59,5,Cash,1261.55
5152,68,114,2024-11-18,3,51.57,15,PayPal,131.5
5153,211,128,2025-01-19,2,165.99,5,UPI,315.38
5154,217,221,2023-08-22,3,387.2,5,UPI,1103.52
5155,843,35,2023-02-12,3,245.47,10,Cash,662.77
5156,385,459,2024-12-23,5,482.72,0,Cash,2413.6
5157,343,25,2023-06-07,2,471.85,15,Cash,802.14
5158,920,388,2023-11-18,3,62.11,15,UPI,158.38
5159,478,250,2024-06-08,2,216.06,20,PayPal,345.7
5160,29,190,2024-12-28,4,178.82,0,Cash,715.28
5161,221,98,2024-07-13,5,104.23,20,UPI,416.92
5162,1,335,2024-01-08,1,499.43,15,UPI,424.52
5163,659,423,2025-01-12,5,174.45,10,Card,785.02
5164,577,315,2024-05-30,5,484.4,20,PayPal,1937.6
5165,130,212,2023-07-16,1,22.67,5,Card,21.54
5166,656,281,2025-05-14,1,169.02,20,UPI,135.22
5167,704,388,2025-01-09,1,344.73,10,Cash,310.26
5168,857,189,2025-05-06,4,438.07,20,Cash,1401.82
5169,858,186,2024-11-11,5,415.78,10,Card,1871.01
5170,10,87,2023-12-08,1,404.7,15,Card,344.0
5171,27,236,2024-03-13,4,458.53,15,UPI,1559.0
5172,34,477,2024-08-06,1,111.83,15,UPI,95.06
5173,167,123,2023-09-15,1,482.24,10,Cash,434.02
5174,374,240,2025-02-15,2,11.33,5,PayPal,21.53
5175,419,73,2024-02-06,3,375.09,10,PayPal,1012.74
5176,939,196,2024-03-31,3,183.71,5,UPI,523.57
5177,116,324,2024-11-22,4,113.27,0,UPI,453.08
5178,355,162,2025-04-23,4,146.53,5,Cash,556.81
5179,871,257,2023-07-25,4,336.47,5,UPI,1278.59
5180,561,40,2023-03-27,2,322.99,20,Card,516.78
5181,984,469,2023-08-14,5,434.89,5,Cash,2065.73
5182,377,55,2023-04-06,3,298.14,15,UPI,760.26
5183,710,96,2025-02-14,4,143.39,0,UPI,573.56
5184,380,225,2025-05-12,2,256.45,10,Card,461.61
5185,577,119,2024-04-16,1,243.62,5,UPI,231.44
5186,583,446,2023-05-22,5,299.89,10,Card,1349.5
5187,839,64,2024-04-19,4,86.57,15,Cash,294.34
5188,351,277,2023-01-04,4,10.11,0,UPI,40.44
5189,344,246,2023-07-07,3,354.67,15,UPI,904.41
5190,794,388,2025-01-04,3,175.69,15,Card,448.01
5191,607,455,2025-05-17,3,263.57,15,Card,672.1
5192,866,110,2025-04-08,5,260.93,20,Card,1043.72
5193,182,55,2024-03-28,2,375.49,20,UPI,600.78
5194,248,472,2023-10-14,5,266.8,0,UPI,1334.0
5195,328,285,2024-04-19,4,274.37,20,UPI,877.98
5196,696,17,2025-02-13,4,212.18,5,UPI,806.28
5197,297,439,2023-09-12,3,219.4,0,UPI,658.2
5198,712,131,2025-01-19,1,62.66,20,PayPal,50.13
5199,755,14,2023-08-10,4,145.46,15,Cash,494.56
5200,756,34,2024-03-10,1,226.88,5,UPI,215.54
5201,793,161,2023-01-29,3,454.6,15,UPI,1159.23
5202,888,81,2023-10-04,4,102.19,0,PayPal,408.76
5203,608,114,2024-06-24,1,451.91,0,Card,451.91
5204,17,453,2024-02-10,4,203.84,0,Cash,815.36
5205,924,250,2025-01-18,3,102.41,15,PayPal,261.15
5206,488,135,2024-01-17,3,414.07,15,Card,1055.88
5207,752,96,2024-08-27,5,210.18,5,UPI,998.36
5208,870,384,2023-09-13,5,434.92,5,UPI,2065.87
5209,83,482,2024-04-21,5,26.67,5,Cash,126.68
5210,179,424,2024-06-02,3,182.86,10,Card,493.72
5211,602,439,2025-01-11,2,210.01,0,Card,420.02
5212,178,368,2023-12-25,4,396.84,10,PayPal,1428.62
5213,871,187,2024-04-10,5,226.12,10,Card,1017.54
5214,662,452,2023-02-02,4,410.42,5,Cash,1559.6
5215,509,191,2024-01-30,3,474.02,5,PayPal,1350.96
5216,976,317,2024-03-18,4,28.11,15,Cash,95.57
5217,209,422,2025-05-15,4,82.53,10,PayPal,297.11
5218,555,96,2025-05-12,3,172.62,20,UPI,414.29
5219,7,33,2023-12-25,1,369.96,20,UPI,295.97
5220,950,34,2025-01-04,1,494.08,10,Cash,444.67
5221,236,430,2025-06-01,4,49.9,10,Cash,179.64
5222,506,260,2024-12-03,4,47.25,20,UPI,151.2
5223,14,71,2023-05-26,5,184.43,10,Cash,829.94
5224,805,211,2025-02-18,4,298.8,15,UPI,1015.92
5225,406,431,2024-08-23,1,214.89,15,Cash,182.66
5226,75,90,2025-01-24,1,149.79,10,Cash,134.81
5227,511,152,2023-08-13,3,259.17,5,Cash,738.63
5228,275,250,2024-04-13,3,428.53,10,PayPal,1157.03
5229,27,168,2025-02-13,4,287.33,5,Card,1091.85
5230,525,294,2024-09-12,4,13.31,15,Card,45.25
5231,498,492,2024-07-30,1,411.79,10,Cash,370.61
5232,319,454,2023-09-28,1,383.82,5,PayPal,364.63
5233,640,215,2024-05-09,3,156.62,15,PayPal,399.38
5234,124,233,2023-12-24,5,34.39,5,Cash,163.35
5235,446,436,2024-12-04,5,443.37,0,Cash,2216.85
5236,192,185,2023-05-17,2,433.29,0,UPI,866.58
5237,540,431,2024-04-30,5,357.61,10,Cash,1609.25
5238,149,335,2025-04-23,3,465.12,5,Cash,1325.59
5239,66,332,2024-02-18,2,268.03,10,Cash,482.45
5240,346,87,2024-05-31,5,127.61,15,PayPal,542.34
5241,399,142,2023-07-01,4,448.91,10,UPI,1616.08
5242,1000,304,2023-07-02,4,106.07,5,Card,403.07
5243,510,320,2024-09-23,5,408.84,20,PayPal,1635.36
5244,934,84,2023-08-25,1,21.0,20,Card,16.8
5245,996,381,2025-02-17,4,222.15,0,Card,888.6
5246,257,113,2023-09-26,5,274.35,10,Card,1234.58
5247,637,322,2024-06-29,1,383.73,5,Card,364.54
5248,562,121,2023-03-25,4,22.13,10,PayPal,79.67
5249,218,193,2023-09-13,4,188.62,20,UPI,603.58
5250,259,298,2024-02-24,1,297.5,0,Cash,297.5
5251,253,51,2025-02-24,4,428.09,5,UPI,1626.74
5252,241,391,2025-06-07,3,32.84,20,UPI,78.82
5253,951,403,2023-08-07,3,78.88,0,UPI,236.64
5254,973,30,2024-02-15,2,256.22,20,PayPal,409.95
5255,982,65,2023-09-01,5,379.04,15,Cash,1610.92
5256,301,205,2024-10-20,1,191.78,20,Cash,153.42
5257,391,282,2025-01-14,3,444.9,15,UPI,1134.49
5258,380,172,2023-08-10,5,252.01,15,Card,1071.04
5259,701,50,2023-01-16,1,320.24,0,Card,320.24
5260,590,97,2023-05-21,1,113.8,20,Cash,91.04
5261,596,212,2024-12-30,4,393.24,0,PayPal,1572.96
5262,182,458,2023-11-16,3,325.09,10,Card,877.74
5263,905,368,2023-04-25,5,256.95,5,Card,1220.51
5264,926,407,2023-04-04,2,285.28,20,UPI,456.45
5265,905,462,2024-07-20,5,474.5,5,Cash,2253.88
5266,712,361,2023-03-27,1,13.37,0,Cash,13.37
5267,710,28,2024-02-29,5,193.7,0,PayPal,968.5
5268,653,187,2024-05-16,5,331.66,5,UPI,1575.38
5269,692,243,2025-03-07,4,248.33,10,UPI,893.99
5270,447,82,2023-04-14,3,67.47,5,UPI,192.29
5271,548,146,2025-02-11,5,54.64,10,PayPal,245.88
5272,87,96,2025-01-19,5,88.42,20,Cash,353.68
5273,990,119,2024-11-27,5,80.45,20,Cash,321.8
5274,660,388,2025-06-17,5,49.02,20,Cash,196.08
5275,391,180,2023-08-07,1,72.98,0,Cash,72.98
5276,284,202,2023-07-25,5,117.02,15,Cash,497.33
5277,323,500,2025-05-04,3,191.96,0,Cash,575.88
5278,523,80,2023-01-18,4,121.4,5,PayPal,461.32
5279,815,20,2024-10-01,4,9.6,10,PayPal,34.56
5280,657,401,2024-05-26,1,412.89,5,Card,392.25
5281,746,123,2025-03-23,4,380.33,20,UPI,1217.06
5282,442,432,2023-09-28,1,429.04,15,PayPal,364.68
5283,209,437,2025-05-09,2,203.61,20,PayPal,325.78
5284,29,90,2023-02-26,1,68.8,0,UPI,68.8
5285,471,229,2024-10-29,2,395.95,5,PayPal,752.3
5286,214,334,2023-01-13,1,295.81,0,PayPal,295.81
5287,289,346,2024-03-26,4,23.19,5,Cash,88.12
5288,879,131,2025-01-17,1,261.08,0,Cash,261.08
5289,169,339,2023-07-21,1,487.32,15,UPI,414.22
5290,950,74,2023-01-30,5,239.26,20,Card,957.04
5291,434,47,2023-05-20,5,21.33,20,Cash,85.32
5292,470,313,2025-05-17,3,162.69,20,Cash,390.46
5293,966,156,2023-12-29,5,351.85,0,PayPal,1759.25
5294,574,161,2025-02-16,5,401.56,20,UPI,1606.24
5295,582,461,2023-08-19,1,264.11,0,Cash,264.11
5296,795,255,2024-08-04,2,23.1,20,Card,36.96
5297,532,341,2025-01-23,4,284.63,10,Card,1024.67
5298,897,33,2025-01-13,1,408.66,20,Card,326.93
5299,239,355,2024-11-14,4,394.4,10,Cash,1419.84
5300,6,53,2023-01-23,2,493.84,10,UPI,888.91
5301,728,455,2023-08-23,5,330.62,10,Cash,1487.79
5302,463,342,2023-11-09,4,143.8,0,Card,575.2
5303,702,422,2024-12-25,4,435.81,15,Card,1481.75
5304,186,43,2024-06-25,3,468.11,15,Card,1193.68
5305,79,41,2024-10-27,3,182.34,20,PayPal,437.62
5306,792,95,2023-04-23,2,384.55,5,UPI,730.64
5307,83,371,2023-10-23,2,238.73,0,PayPal,477.46
5308,878,429,2023-09-02,1,238.22,5,Card,226.31
5309,105,386,2025-03-16,1,23.82,10,Card,21.44
5310,453,397,2023-07-02,5,265.52,5,Card,1261.22
5311,786,447,2023-08-13,4,10.73,15,PayPal,36.48
5312,326,62,2023-04-16,3,498.49,15,Card,1271.15
5313,575,346,2025-03-31,3,439.17,5,UPI,1251.63
5314,558,286,2024-11-21,5,111.4,5,Cash,529.15
5315,80,453,2024-12-06,4,184.9,20,PayPal,591.68
5316,37,296,2024-07-20,3,192.14,10,Cash,518.78
5317,298,339,2025-01-21,5,11.04,15,UPI,46.92
5318,46,484,2023-01-09,2,116.5,5,Card,221.35
5319,806,190,2023-08-02,2,464.49,15,PayPal,789.63
5320,99,241,2024-02-26,5,234.65,15,Cash,997.26
5321,785,435,2025-04-13,2,299.85,20,UPI,479.76
5322,452,405,2023-08-23,3,273.81,0,Card,821.43
5323,67,86,2025-03-27,2,410.28,10,Cash,738.5
5324,959,293,2023-04-03,1,382.92,0,Cash,382.92
5325,6,92,2025-05-03,5,101.02,0,PayPal,505.1
5326,1000,62,2023-07-02,2,250.77,0,Card,501.54
5327,116,193,2024-11-02,1,337.09,15,Cash,286.53
5328,833,140,2024-09-22,5,25.01,20,PayPal,100.04
5329,824,10,2023-10-20,3,339.65,15,UPI,866.11
5330,523,27,2023-10-10,3,460.81,10,Card,1244.19
5331,616,303,2025-05-21,5,229.17,10,Card,1031.26
5332,914,10,2024-11-10,1,205.29,10,Cash,184.76
5333,470,403,2023-12-13,4,180.62,10,Cash,650.23
5334,214,10,2024-01-21,1,304.46,20,Cash,243.57
5335,959,203,2023-12-17,5,305.82,0,UPI,1529.1
5336,635,262,2023-01-21,2,322.21,10,UPI,579.98
5337,273,396,2025-05-01,5,22.91,15,UPI,97.37
5338,746,256,2024-01-07,1,251.04,0,UPI,251.04
5339,404,399,2024-04-17,2,177.76,20,PayPal,284.42
5340,863,148,2025-01-02,1,316.05,15,UPI,268.64
5341,772,240,2023-07-13,5,394.02,0,Cash,1970.1
5342,616,4,2023-02-09,3,470.46,5,PayPal,1340.81
5343,982,371,2023-02-27,4,20.3,10,UPI,73.08
5344,403,436,2024-12-11,3,458.64,0,Cash,1375.92
5345,346,19,2025-06-11,1,329.16,0,UPI,329.16
5346,741,469,2024-10-10,3,399.37,10,Card,1078.3
5347,75,199,2024-12-16,1,343.28,10,Card,308.95
5348,7,4,2023-06-04,5,424.79,15,Cash,1805.36
5349,669,339,2024-03-12,5,30.9,10,Card,139.05
5350,287,136,2024-08-05,3,448.44,0,PayPal,1345.32
5351,249,298,2023-12-25,1,443.47,15,PayPal,376.95
5352,11,238,2024-09-07,4,281.19,0,UPI,1124.76
5353,831,458,2024-10-26,2,414.34,20,Card,662.94
5354,534,281,2023-01-15,5,17.3,10,Card,77.85
5355,126,40,2024-04-25,5,223.33,15,PayPal,949.15
5356,507,213,2023-05-06,3,475.74,0,UPI,1427.22
5357,981,146,2025-01-07,2,128.64,5,PayPal,244.42
5358,496,457,2024-03-22,3,74.84,0,PayPal,224.52
5359,23,154,2023-01-30,4,430.06,5,PayPal,1634.23
5360,974,310,2025-06-03,1,44.01,20,PayPal,35.21
5361,682,87,2023-10-08,5,458.6,10,Cash,2063.7
5362,608,256,2023-12-03,5,460.09,0,PayPal,2300.45
5363,720,24,2024-09-17,1,114.5,0,Card,114.5
5364,740,155,2023-04-09,1,315.56,20,PayPal,252.45
5365,274,204,2025-05-25,5,96.13,0,Cash,480.65
5366,162,499,2023-06-27,1,270.89,5,Cash,257.35
5367,644,255,2025-04-05,4,26.52,15,Card,90.17
5368,571,474,2024-10-28,5,489.92,10,UPI,2204.64
5369,71,97,2023-05-08,5,261.8,5,PayPal,1243.55
5370,619,36,2023-07-24,3,225.22,0,Cash,675.66
5371,239,472,2025-01-10,1,342.85,5,UPI,325.71
5372,63,452,2025-03-25,1,77.35,15,Card,65.75
5373,353,107,2024-07-28,4,88.39,10,Card,318.2
5374,319,92,2024-02-20,4,311.94,5,PayPal,1185.37
5375,884,397,2025-05-04,1,135.2,15,UPI,114.92
5376,129,8,2024-10-28,4,229.89,5,PayPal,873.58
5377,652,255,2024-10-04,5,331.43,15,Cash,1408.58
5378,712,319,2025-03-27,3,318.85,10,PayPal,860.9
5379,963,342,2023-03-29,2,73.96,0,Cash,147.92
5380,517,423,2024-07-12,1,321.6,5,Card,305.52
5381,66,172,2024-10-29,5,216.41,10,Cash,973.85
5382,30,258,2024-09-23,5,259.45,20,UPI,1037.8
5383,614,213,2024-07-08,5,277.65,5,PayPal,1318.84
5384,587,93,2024-01-01,1,230.17,10,UPI,207.15
5385,596,427,2024-10-20,3,159.67,10,Cash,431.11
5386,377,276,2024-10-10,1,99.66,15,UPI,84.71
5387,826,189,2025-02-28,2,337.8,15,Cash,574.26
5388,839,127,2023-09-14,1,341.94,20,Cash,273.55
5389,658,410,2025-01-25,5,237.3,10,Cash,1067.85
5390,61,26,2024-09-20,4,384.38,15,Card,1306.89
5391,524,488,2023-06-14,3,32.08,10,Card,86.62
5392,109,140,2024-11-20,3,431.7,0,Card,1295.1
5393,792,227,2024-08-16,4,454.13,15,Cash,1544.04
5394,213,186,2024-10-29,2,445.52,15,Card,757.38
5395,400,361,2024-06-06,4,337.76,20,UPI,1080.83
5396,645,130,2023-05-15,4,99.74,0,Cash,398.96
5397,404,311,2024-04-25,4,300.93,0,Card,1203.72
5398,801,445,2025-04-18,2,150.0,20,UPI,240.0
5399,189,384,2023-11-06,4,306.81,5,Cash,1165.88
5400,100,63,2025-02-16,3,242.01,10,PayPal,653.43
5401,876,274,2025-02-09,5,402.19,20,UPI,1608.76
5402,685,206,2024-07-05,4,181.48,0,PayPal,725.92
5403,593,495,2024-12-28,2,20.25,5,UPI,38.48
5404,978,60,2024-10-11,4,5.73,0,PayPal,22.92
5405,3,203,2024-08-05,4,148.93,20,PayPal,476.58
5406,428,362,2024-03-22,3,197.39,20,Card,473.74
5407,221,166,2023-01-06,2,190.06,15,Card,323.1
5408,334,459,2024-06-27,1,206.32,5,Cash,196.0
5409,913,75,2025-04-29,3,416.94,0,Card,1250.82
5410,87,254,2025-05-22,5,15.82,15,PayPal,67.23
5411,655,411,2023-03-08,1,454.25,5,PayPal,431.54
5412,153,260,2023-09-27,5,431.15,15,PayPal,1832.39
5413,109,397,2023-12-08,3,290.46,0,Card,871.38
5414,736,304,2023-05-19,1,295.09,15,UPI,250.83
5415,553,434,2024-03-12,1,75.31,5,Card,71.54
5416,112,321,2024-08-23,3,127.83,0,UPI,383.49
5417,811,456,2024-12-11,4,206.97,20,Card,662.3
5418,525,54,2024-08-12,2,286.93,20,UPI,459.09
5419,760,10,2023-03-10,1,227.3,15,Cash,193.21
5420,104,228,2024-03-17,4,221.3,20,Cash,708.16
5421,286,63,2023-06-26,1,389.46,10,Card,350.51
5422,729,41,2024-08-02,2,416.3,15,Cash,707.71
5423,783,180,2025-04-02,4,385.73,10,Cash,1388.63
5424,586,307,2023-10-03,4,401.24,0,PayPal,1604.96
5425,813,429,2023-03-26,1,337.09,10,PayPal,303.38
5426,342,325,2024-04-08,2,310.91,0,PayPal,621.82
5427,395,66,2024-03-21,4,38.4,10,Cash,138.24
5428,437,471,2023-11-06,5,486.51,5,PayPal,2310.92
5429,3,1,2024-04-21,3,470.84,15,Card,1200.64
5430,636,203,2024-10-15,1,129.43,10,PayPal,116.49
5431,841,497,2024-06-02,2,61.02,0,PayPal,122.04
5432,596,242,2024-08-18,3,67.1,20,Card,161.04
5433,430,38,2025-01-13,2,467.53,0,UPI,935.06
5434,995,107,2024-03-12,1,231.95,0,Cash,231.95
5435,121,39,2023-09-26,2,236.61,15,UPI,402.24
5436,250,459,2023-09-06,1,27.07,10,Card,24.36
5437,813,443,2024-07-23,3,62.75,20,PayPal,150.6
5438,262,232,2024-04-12,4,36.6,10,UPI,131.76
5439,967,233,2025-03-31,1,369.97,20,UPI,295.98
5440,276,195,2024-07-22,1,247.95,0,UPI,247.95
5441,572,168,2023-05-20,3,370.76,0,Cash,1112.28
5442,13,491,2023-12-22,5,315.91,0,UPI,1579.55
5443,252,189,2024-12-27,1,93.57,20,PayPal,74.86
5444,637,469,2025-01-24,3,257.26,20,PayPal,617.42
5445,636,165,2023-06-10,4,345.06,5,UPI,1311.23
5446,462,197,2023-11-02,4,325.29,5,UPI,1236.1
5447,507,191,2025-01-13,2,477.7,5,Card,907.63
5448,591,305,2024-04-19,1,66.44,5,UPI,63.12
5449,574,462,2024-03-02,1,224.95,10,Card,202.45
5450,979,489,2023-04-14,5,460.88,20,Cash,1843.52
5451,242,383,2024-09-14,5,450.51,5,UPI,2139.92
5452,335,307,2025-01-25,5,428.92,10,Cash,1930.14
5453,596,371,2025-02-03,3,359.76,20,PayPal,863.42
5454,802,355,2024-12-22,4,360.32,10,UPI,1297.15
5455,481,389,2023-03-21,1,308.91,20,UPI,247.13
5456,134,376,2025-01-29,1,217.2,5,PayPal,206.34
5457,236,145,2023-08-30,5,271.65,15,PayPal,1154.51
5458,42,285,2023-02-18,5,422.73,15,Cash,1796.6
5459,325,193,2024-03-15,2,472.69,5,Cash,898.11
5460,161,377,2024-09-27,4,78.13,0,PayPal,312.52
5461,13,76,2024-11-27,5,487.6,15,Card,2072.3
5462,979,326,2024-10-16,5,48.46,15,Card,205.96
5463,512,398,2024-04-02,2,301.1,10,UPI,541.98
5464,521,402,2023-05-08,2,163.2,5,PayPal,310.08
5465,942,19,2024-08-21,2,86.56,20,Cash,138.5
5466,24,132,2024-07-17,2,294.52,5,PayPal,559.59
5467,851,129,2025-06-12,1,199.18,20,Cash,159.34
5468,64,362,2023-08-28,4,436.8,10,UPI,1572.48
5469,689,235,2025-03-19,4,475.45,5,UPI,1806.71
5470,140,192,2024-06-12,1,58.29,15,Cash,49.55
5471,548,9,2024-06-28,3,430.18,0,Cash,1290.54
5472,694,56,2023-08-07,4,446.52,10,PayPal,1607.47
5473,816,184,2025-04-04,3,53.07,0,UPI,159.21
5474,733,467,2023-07-16,1,241.22,10,Card,217.1
5475,556,336,2025-05-06,5,389.64,15,Card,1655.97
5476,492,29,2023-09-18,3,158.54,5,PayPal,451.84
5477,800,499,2023-04-17,4,206.05,5,Cash,782.99
5478,454,287,2023-02-08,2,272.24,15,Cash,462.81
5479,241,306,2025-06-11,2,381.64,15,Cash,648.79
5480,969,393,2023-08-27,5,422.97,5,PayPal,2009.11
5481,22,466,2023-05-30,3,180.74,5,Cash,515.11
5482,170,5,2025-03-14,3,480.64,5,Cash,1369.82
5483,881,332,2024-03-27,4,290.46,15,Cash,987.56
5484,315,163,2023-09-26,2,454.75,10,Card,818.55
5485,608,266,2025-03-27,3,482.65,10,Cash,1303.15
5486,697,19,2025-03-27,1,294.01,10,UPI,264.61
5487,522,284,2025-02-05,4,408.14,10,PayPal,1469.3
5488,831,253,2023-08-20,1,31.46,20,Card,25.17
5489,216,397,2024-08-28,2,195.23,10,UPI,351.41
5490,526,398,2024-12-16,5,77.95,0,Cash,389.75
5491,921,104,2024-08-24,4,359.94,15,Card,1223.8
5492,205,353,2025-06-11,2,353.0,10,PayPal,635.4
5493,636,362,2024-05-10,4,199.74,15,Card,679.12
5494,697,274,2025-01-12,5,207.81,15,UPI,883.19
5495,825,207,2025-04-29,4,147.2,0,Card,588.8
5496,63,453,2025-01-23,1,421.49,20,Card,337.19
5497,920,93,2024-07-30,2,205.44,5,Cash,390.34
5498,709,428,2023-10-09,1,193.04,0,UPI,193.04
5499,291,4,2024-06-08,4,228.8,0,Cash,915.2
5500,188,272,2023-01-09,4,471.35,5,Card,1791.13
5501,813,223,2024-12-14,3,74.9,5,UPI,213.47
5502,804,70,2023-07-09,5,15.12,5,PayPal,71.82
5503,446,186,2024-08-19,3,210.18,20,Cash,504.43
5504,516,161,2024-09-09,3,446.86,20,UPI,1072.46
5505,884,207,2025-05-13,4,434.9,0,UPI,1739.6
5506,411,49,2023-07-24,2,349.69,5,Card,664.41
5507,38,421,2024-01-12,2,377.97,10,UPI,680.35
5508,862,54,2024-10-24,4,350.85,0,PayPal,1403.4
5509,24,18,2024-05-29,3,129.96,0,Cash,389.88
5510,967,350,2024-11-28,4,97.09,0,Card,388.36
5511,628,84,2024-05-01,5,156.94,15,Card,667.0
5512,30,321,2024-01-23,5,368.5,20,Card,1474.0
5513,503,62,2023-01-30,4,335.64,20,Cash,1074.05
5514,640,217,2025-01-11,5,309.46,5,Cash,1469.93
5515,767,141,2023-12-13,5,337.51,10,Cash,1518.8
5516,374,366,2024-11-01,5,170.84,15,Card,726.07
5517,939,252,2024-06-19,4,411.94,15,UPI,1400.6
5518,123,476,2024-01-23,3,159.86,5,Cash,455.6
5519,364,160,2024-09-24,5,178.09,20,Card,712.36
5520,272,412,2024-09-20,5,451.41,5,Cash,2144.2
5521,123,193,2023-02-19,5,388.63,0,Card,1943.15
5522,115,286,2023-05-23,4,212.41,20,Card,679.71
5523,883,131,2024-08-09,3,370.5,10,UPI,1000.35
5524,243,402,2025-05-31,4,210.73,20,Card,674.34
5525,807,4,2023-04-28,1,173.11,10,PayPal,155.8
5526,786,447,2023-12-04,1,352.96,5,Card,335.31
5527,262,469,2025-06-05,4,346.59,15,Cash,1178.41
5528,19,422,2024-03-24,2,149.25,15,UPI,253.72
5529,795,29,2024-11-08,2,444.8,15,UPI,756.16
5530,759,122,2024-04-28,4,306.72,5,PayPal,1165.54
5531,489,441,2023-03-08,3,20.65,20,Cash,49.56
5532,789,179,2024-04-05,5,460.0,5,PayPal,2185.0
5533,16,271,2023-06-15,5,363.33,5,Cash,1725.82
5534,170,35,2023-08-29,5,379.99,10,UPI,1709.96
5535,280,273,2024-09-12,2,68.68,15,Card,116.76
5536,357,214,2024-08-30,4,213.13,20,Cash,682.02
5537,292,17,2024-09-28,1,276.71,0,PayPal,276.71
5538,824,18,2023-05-24,5,243.03,20,PayPal,972.12
5539,934,345,2025-04-12,3,227.99,15,Cash,581.37
5540,529,140,2023-06-25,1,20.34,15,Card,17.29
5541,929,234,2025-03-17,4,198.77,5,PayPal,755.33
5542,636,326,2023-03-23,5,307.45,15,Card,1306.66
5543,240,29,2023-09-15,5,358.62,5,Card,1703.44
5544,177,430,2023-08-28,2,295.19,15,Cash,501.82
5545,539,121,2023-02-13,2,279.83,5,PayPal,531.68
5546,55,160,2023-01-19,3,300.21,15,PayPal,765.54
5547,807,136,2024-08-04,3,447.7,20,PayPal,1074.48
5548,20,100,2023-11-17,2,37.15,20,UPI,59.44
5549,390,235,2023-07-20,4,391.28,0,UPI,1565.12
5550,422,349,2023-07-30,1,234.88,20,Cash,187.9
5551,710,83,2024-07-03,1,173.93,15,PayPal,147.84
5552,883,129,2024-07-14,5,456.74,15,UPI,1941.14
5553,762,160,2025-04-14,4,383.91,0,UPI,1535.64
5554,197,75,2023-11-09,4,131.91,20,PayPal,422.11
5555,225,253,2025-05-23,2,338.87,20,Cash,542.19
5556,855,493,2023-11-06,1,150.19,0,Card,150.19
5557,158,364,2024-03-12,1,10.82,20,Card,8.66
5558,895,498,2024-06-15,5,44.48,20,Cash,177.92
5559,119,359,2023-10-09,2,248.04,10,Card,446.47
5560,502,235,2023-12-18,4,287.35,0,Card,1149.4
5561,255,477,2024-05-09,1,482.28,10,Cash,434.05
5562,850,304,2024-09-04,1,439.07,0,PayPal,439.07
5563,19,67,2024-01-03,2,181.95,5,UPI,345.7
5564,924,36,2023-02-09,5,146.66,0,Card,733.3
5565,857,162,2024-07-01,2,398.11,5,UPI,756.41
5566,346,347,2025-03-28,2,7.44,10,Card,13.39
5567,144,31,2025-02-27,1,293.9,0,Cash,293.9
5568,198,265,2024-05-07,3,96.57,5,UPI,275.22
5569,687,214,2023-01-22,1,162.48,0,Cash,162.48
5570,256,179,2023-09-13,5,56.2,0,Card,281.0
5571,959,131,2024-08-09,5,109.35,5,UPI,519.41
5572,282,450,2025-05-17,4,250.37,20,PayPal,801.18
5573,542,424,2024-06-04,5,188.73,10,Cash,849.28
5574,954,357,2023-07-29,4,147.12,15,UPI,500.21
5575,215,384,2025-04-27,4,282.61,20,Card,904.35
5576,61,373,2024-04-21,3,411.01,5,PayPal,1171.38
5577,188,52,2025-01-14,4,345.25,5,Card,1311.95
5578,881,150,2025-02-15,4,91.89,0,PayPal,367.56
5579,819,402,2024-05-02,5,50.73,0,Card,253.65
5580,584,392,2024-10-06,2,480.09,20,UPI,768.14
5581,326,322,2023-06-13,1,214.35,15,PayPal,182.2
5582,822,412,2024-10-12,3,264.84,0,PayPal,794.52
5583,735,348,2023-04-24,1,18.36,20,UPI,14.69
5584,214,287,2023-10-14,1,36.64,15,Card,31.14
5585,693,380,2025-01-27,3,427.47,15,Card,1090.05
5586,11,66,2024-01-23,4,382.34,10,Card,1376.42
5587,864,174,2024-01-25,3,58.64,5,UPI,167.12
5588,362,411,2025-05-15,4,274.02,5,PayPal,1041.28
5589,294,370,2025-05-26,2,209.63,15,PayPal,356.37
5590,274,131,2023-05-13,4,50.89,15,PayPal,173.03
5591,45,100,2024-06-11,5,97.05,20,Card,388.2
5592,101,264,2023-10-31,2,62.39,10,Cash,112.3
5593,693,167,2025-01-01,3,468.4,10,UPI,1264.68
5594,7,206,2024-08-01,3,278.62,5,PayPal,794.07
5595,446,315,2024-09-24,5,447.38,20,Cash,1789.52
5596,602,171,2024-11-14,3,440.32,15,UPI,1122.82
5597,463,109,2024-04-19,2,8.82,10,PayPal,15.88
5598,439,251,2024-11-16,2,240.69,15,Card,409.17
5599,641,228,2024-11-07,1,244.01,20,Card,195.21
5600,822,350,2025-01-28,3,405.28,15,Card,1033.46
5601,76,218,2024-07-26,5,7.63,0,UPI,38.15
5602,31,7,2024-10-31,1,189.13,5,UPI,179.67
5603,577,389,2025-04-28,2,284.45,0,UPI,568.9
5604,937,315,2024-09-01,5,379.14,5,PayPal,1800.91
5605,718,470,2023-06-08,4,240.56,15,PayPal,817.9
5606,260,371,2024-09-21,2,79.28,15,PayPal,134.78
5607,206,278,2023-04-29,3,271.21,20,UPI,650.9
5608,488,359,2025-03-27,3,116.61,5,Cash,332.34
5609,977,3,2023-09-15,4,206.6,0,Card,826.4
5610,511,475,2025-06-18,1,267.78,15,Cash,227.61
5611,872,363,2023-06-12,2,326.06,20,Card,521.7
5612,476,231,2024-12-26,1,77.4,15,Card,65.79
5613,157,14,2023-08-30,1,346.28,5,Card,328.97
5614,619,144,2024-03-09,3,442.82,20,Cash,1062.77
5615,133,185,2025-01-23,1,364.66,5,Cash,346.43
5616,758,277,2024-11-16,1,320.33,10,PayPal,288.3
5617,421,396,2023-05-08,4,263.76,0,PayPal,1055.04
5618,625,390,2025-02-10,5,209.36,10,UPI,942.12
5619,275,230,2023-12-06,2,329.29,15,PayPal,559.79
5620,580,476,2023-01-09,4,123.43,5,Cash,469.03
5621,244,20,2023-07-11,2,284.83,15,Card,484.21
5622,694,133,2024-10-29,2,214.67,0,Card,429.34
5623,171,159,2023-10-08,2,393.95,0,Card,787.9
5624,304,379,2024-06-24,1,14.97,0,Cash,14.97
5625,307,374,2023-10-04,4,82.2,0,PayPal,328.8
5626,671,392,2023-06-10,4,327.31,10,Card,1178.32
5627,495,224,2024-03-19,3,53.96,5,Cash,153.79
5628,793,349,2023-03-22,4,147.58,10,UPI,531.29
5629,725,318,2025-01-26,2,218.09,15,PayPal,370.75
5630,221,11,2025-06-17,5,421.73,0,PayPal,2108.65
5631,393,117,2024-02-18,5,353.77,15,Card,1503.52
5632,999,55,2023-10-09,4,72.33,20,Card,231.46
5633,481,124,2024-01-09,4,315.68,15,PayPal,1073.31
5634,972,376,2023-08-06,2,400.21,20,Cash,640.34
5635,208,260,2025-03-17,3,108.17,15,PayPal,275.83
5636,12,159,2024-09-23,2,384.62,0,UPI,769.24
5637,406,175,2023-10-10,2,416.67,0,PayPal,833.34
5638,186,204,2023-04-03,1,314.94,5,Card,299.19
5639,663,140,2023-05-10,1,372.85,5,PayPal,354.21
5640,723,343,2024-02-11,2,165.18,10,Card,297.32
5641,482,444,2023-07-19,4,291.95,5,PayPal,1109.41
5642,271,449,2025-01-29,3,331.05,5,Cash,943.49
5643,229,481,2023-01-08,5,288.45,5,Card,1370.14
5644,733,51,2024-04-23,2,123.38,20,UPI,197.41
5645,803,262,2023-05-15,4,394.85,5,Card,1500.43
5646,599,101,2025-04-21,4,35.1,15,PayPal,119.34
5647,662,13,2024-02-10,1,464.61,10,Card,418.15
5648,821,422,2024-08-29,1,433.14,5,PayPal,411.48
5649,532,39,2025-05-23,2,233.43,10,UPI,420.17
5650,520,218,2023-12-15,1,241.26,0,PayPal,241.26
5651,927,326,2025-05-17,5,241.98,0,Cash,1209.9
5652,147,173,2024-09-20,2,499.26,10,Cash,898.67
5653,978,224,2025-02-27,5,453.03,20,Card,1812.12
5654,384,98,2023-03-07,1,54.66,20,Cash,43.73
5655,415,134,2024-01-14,3,145.4,20,PayPal,348.96
5656,154,325,2024-07-22,1,271.05,15,UPI,230.39
5657,733,301,2024-03-25,3,278.56,10,Card,752.11
5658,107,271,2024-09-09,1,188.19,0,Cash,188.19
5659,255,228,2023-03-03,4,263.64,10,Card,949.1
5660,425,288,2023-04-26,4,230.02,10,UPI,828.07
5661,974,391,2023-09-26,5,42.04,5,UPI,199.69
5662,823,7,2024-07-02,1,443.29,0,Card,443.29
5663,839,207,2023-07-03,4,91.45,10,UPI,329.22
5664,136,252,2023-01-04,1,246.09,10,Card,221.48
5665,671,403,2024-01-05,5,409.65,20,Card,1638.6
5666,781,140,2023-06-28,1,396.31,0,UPI,396.31
5667,131,256,2024-09-12,2,194.38,15,UPI,330.45
5668,475,90,2023-08-08,1,418.3,0,PayPal,418.3
5669,847,128,2024-01-31,3,307.93,5,Cash,877.6
5670,990,421,2025-06-16,5,203.26,10,Cash,914.67
5671,558,424,2024-04-23,1,351.87,5,Cash,334.28
5672,238,387,2024-08-18,3,469.85,0,Cash,1409.55
5673,953,40,2023-07-12,3,435.56,10,UPI,1176.01
5674,680,231,2024-03-09,4,466.42,15,Card,1585.83
5675,692,121,2024-01-29,3,262.51,10,Card,708.78
5676,197,432,2024-07-27,4,486.58,5,Card,1849.0
5677,106,163,2024-07-28,2,253.28,10,UPI,455.9
5678,955,497,2024-05-29,3,178.22,0,Card,534.66
5679,578,496,2023-01-18,5,143.43,15,UPI,609.58
5680,240,431,2023-07-01,1,211.77,5,Card,201.18
5681,342,324,2025-01-17,4,66.11,20,UPI,211.55
5682,33,468,2023-06-18,3,478.94,5,Cash,1364.98
5683,52,443,2024-10-20,4,124.15,10,Cash,446.94
5684,950,226,2023-04-06,2,108.55,0,PayPal,217.1
5685,159,454,2023-01-23,5,68.49,5,Cash,325.33
5686,797,55,2023-04-17,3,265.86,20,PayPal,638.06
5687,626,499,2024-01-17,5,278.8,20,Card,1115.2
5688,327,373,2025-05-04,3,88.51,10,Card,238.98
5689,414,129,2023-03-06,4,124.73,20,Cash,399.14
5690,912,266,2024-03-19,5,217.42,10,Card,978.39
5691,788,415,2024-04-30,3,22.68,15,Card,57.83
5692,618,265,2023-01-19,2,353.73,5,Card,672.09
5693,767,341,2025-02-13,4,24.22,0,UPI,96.88
5694,257,418,2023-04-09,4,169.2,15,Cash,575.28
5695,914,229,2023-07-16,3,434.47,0,Card,1303.41
5696,104,473,2024-06-04,5,223.64,20,Cash,894.56
5697,192,396,2024-06-08,5,491.7,0,Cash,2458.5
5698,767,60,2023-03-27,1,394.92,5,UPI,375.17
5699,695,424,2023-01-28,1,135.15,5,Card,128.39
5700,167,42,2023-11-09,4,431.85,0,UPI,1727.4
5701,7,71,2023-03-26,2,360.92,5,Card,685.75
5702,120,209,2023-05-25,4,496.26,0,UPI,1985.04
5703,265,118,2023-08-14,1,337.07,20,UPI,269.66
5704,866,74,2025-05-14,5,95.2,20,UPI,380.8
5705,14,258,2024-06-22,3,162.98,0,Card,488.94
5706,607,342,2024-01-06,2,191.94,5,PayPal,364.69
5707,435,183,2023-03-16,2,385.54,10,Card,693.97
5708,713,165,2025-01-21,4,466.36,0,PayPal,1865.44
5709,845,126,2023-11-30,5,365.46,0,Card,1827.3
5710,415,198,2025-03-25,3,156.66,0,PayPal,469.98
5711,186,444,2023-12-05,1,387.4,10,Cash,348.66
5712,165,6,2023-03-18,3,170.51,20,UPI,409.22
5713,355,468,2024-06-08,1,474.53,15,Card,403.35
5714,288,214,2023-05-22,2,162.4,0,UPI,324.8
5715,783,293,2024-07-13,5,26.26,0,Card,131.3
5716,743,418,2024-06-10,4,47.45,5,PayPal,180.31
5717,920,19,2024-01-20,1,385.31,20,Card,308.25
5718,226,115,2023-06-12,5,16.3,15,Cash,69.27
5719,253,51,2023-01-30,3,206.46,10,UPI,557.44
5720,923,450,2023-11-18,4,52.8,0,PayPal,211.2
5721,659,282,2024-06-24,1,479.95,5,UPI,455.95
5722,551,222,2023-02-18,4,118.94,15,UPI,404.4
5723,602,499,2024-05-01,5,301.02,15,PayPal,1279.33
5724,550,457,2023-06-19,2,46.66,10,Cash,83.99
5725,131,94,2024-05-09,3,473.04,15,PayPal,1206.25
5726,91,146,2023-05-27,2,285.96,5,Card,543.32
5727,646,381,2024-03-29,4,370.98,15,UPI,1261.33
5728,142,99,2024-10-22,5,438.99,5,UPI,2085.2
5729,76,274,2023-02-01,3,229.73,10,PayPal,620.27
5730,141,410,2024-11-06,5,41.24,0,Cash,206.2
5731,700,487,2025-01-08,4,253.0,15,PayPal,860.2
5732,54,304,2024-05-08,3,286.97,15,Cash,731.77
5733,249,271,2023-09-14,2,428.47,10,UPI,771.25
5734,866,237,2024-05-30,4,110.32,15,UPI,375.09
5735,592,350,2024-03-01,4,205.12,5,Cash,779.46
5736,608,242,2023-08-21,1,143.35,0,Cash,143.35
5737,604,426,2024-05-29,5,168.18,5,Cash,798.86
5738,660,253,2024-01-08,1,166.19,0,PayPal,166.19
5739,224,481,2024-06-03,5,227.79,15,Cash,968.11
5740,257,350,2024-09-11,3,217.55,5,Card,620.02
5741,673,268,2023-12-29,2,476.27,10,UPI,857.29
5742,187,342,2024-09-04,2,162.66,15,UPI,276.52
5743,728,336,2024-01-08,5,304.94,10,Cash,1372.23
5744,465,48,2024-09-06,1,250.16,20,Cash,200.13
5745,51,54,2023-12-21,1,73.61,10,PayPal,66.25
5746,726,120,2023-07-15,4,337.77,15,PayPal,1148.42
5747,982,328,2023-09-10,5,292.8,5,PayPal,1390.8
5748,760,248,2023-10-19,5,239.31,5,Card,1136.72
5749,532,468,2023-05-26,4,397.1,10,PayPal,1429.56
5750,687,480,2025-04-05,4,305.04,5,Card,1159.15
5751,380,155,2023-12-06,4,439.62,20,Card,1406.78
5752,95,78,2024-10-19,2,323.96,10,PayPal,583.13
5753,845,11,2023-02-28,1,90.26,5,Card,85.75
5754,77,174,2023-12-17,4,129.88,5,Cash,493.54
5755,863,456,2025-04-05,5,479.19,15,Cash,2036.56
5756,448,441,2024-03-06,2,219.23,20,UPI,350.77
5757,136,337,2024-12-17,4,439.53,15,Cash,1494.4
5758,80,299,2023-09-03,2,191.71,5,UPI,364.25
5759,953,445,2023-01-10,4,122.92,0,PayPal,491.68
5760,687,211,2025-03-15,4,176.76,5,PayPal,671.69
5761,421,204,2024-03-08,1,46.35,10,UPI,41.72
5762,196,242,2025-04-26,3,493.47,5,Cash,1406.39
5763,613,81,2023-05-08,4,472.5,10,Card,1701.0
5764,981,342,2024-10-05,5,374.38,5,UPI,1778.31
5765,42,306,2024-01-27,3,105.65,0,UPI,316.95
5766,411,244,2024-06-24,3,154.02,0,Cash,462.06
5767,79,382,2023-01-30,3,160.75,15,UPI,409.91
5768,388,186,2024-11-18,5,66.75,0,UPI,333.75
5769,454,436,2024-04-08,1,86.6,0,UPI,86.6
5770,756,333,2025-02-24,4,404.58,15,PayPal,1375.57
5771,29,96,2024-06-25,2,56.76,10,PayPal,102.17
5772,881,362,2025-05-28,5,442.17,0,Card,2210.85
5773,493,32,2023-07-10,4,254.26,10,UPI,915.34
5774,803,354,2023-05-17,1,337.46,0,Card,337.46
5775,145,300,2024-11-16,4,65.39,10,UPI,235.4
5776,174,257,2023-03-26,2,253.94,0,UPI,507.88
5777,920,284,2025-02-14,2,295.81,15,Card,502.88
5778,638,397,2024-04-21,2,233.24,10,Card,419.83
5779,625,466,2023-01-25,3,41.05,15,Cash,104.68
5780,270,369,2024-12-25,1,74.68,15,PayPal,63.48
5781,817,355,2025-05-15,3,299.63,15,UPI,764.06
5782,28,71,2024-01-12,5,391.19,0,Card,1955.95
5783,769,59,2025-04-20,1,216.15,5,Card,205.34
5784,848,201,2024-04-11,2,151.45,15,PayPal,257.46
5785,646,97,2024-03-18,5,110.23,5,UPI,523.59
5786,412,56,2024-07-03,5,362.82,5,PayPal,1723.39
5787,742,255,2023-07-14,3,99.34,20,PayPal,238.42
5788,470,499,2025-05-20,3,329.64,0,PayPal,988.92
5789,686,268,2023-10-17,3,432.74,0,PayPal,1298.22
5790,677,263,2024-11-08,5,79.63,5,Card,378.24
5791,432,228,2023-04-29,4,447.11,5,Cash,1699.02
5792,275,355,2024-01-17,2,230.71,20,UPI,369.14
5793,978,246,2024-03-12,1,345.89,10,UPI,311.3
5794,571,375,2023-07-13,5,140.87,5,Card,669.13
5795,70,77,2024-09-13,5,197.55,5,Cash,938.36
5796,689,117,2023-12-25,4,199.17,15,UPI,677.18
5797,53,188,2024-09-11,3,62.55,20,UPI,150.12
5798,148,425,2023-05-10,2,402.69,0,Card,805.38
5799,170,17,2023-03-06,5,376.95,15,Card,1602.04
5800,596,49,2024-05-25,3,162.1,15,Cash,413.35
5801,999,306,2024-06-11,4,377.51,10,UPI,1359.04
5802,620,452,2024-12-17,5,160.12,15,Cash,680.51
5803,624,294,2024-08-09,5,96.68,10,Cash,435.06
5804,422,220,2025-02-22,4,318.61,0,Card,1274.44
5805,45,415,2025-04-16,1,293.69,15,UPI,249.64
5806,640,149,2025-06-16,2,400.39,20,PayPal,640.62
5807,288,423,2025-03-22,4,449.72,20,UPI,1439.1
5808,712,154,2023-06-20,5,173.57,20,Card,694.28
5809,625,378,2024-06-27,5,240.85,0,PayPal,1204.25
5810,416,128,2024-10-08,2,222.69,10,PayPal,400.84
5811,392,224,2024-03-12,2,341.61,20,Card,546.58
5812,621,347,2024-08-04,2,58.48,10,UPI,105.26
5813,697,322,2024-05-29,5,138.55,20,UPI,554.2
5814,219,78,2023-08-28,1,375.75,0,Card,375.75
5815,701,469,2025-04-12,1,110.22,15,Card,93.69
5816,544,450,2024-11-11,4,18.36,20,Cash,58.75
5817,590,463,2024-12-06,4,418.24,20,PayPal,1338.37
5818,79,371,2023-12-03,2,339.57,15,PayPal,577.27
5819,479,229,2024-05-11,2,63.54,5,Card,120.73
5820,701,426,2024-12-19,4,350.97,15,Card,1193.3
5821,808,163,2024-08-18,1,459.07,0,UPI,459.07
5822,882,397,2024-06-13,3,450.19,10,UPI,1215.51
5823,887,413,2023-07-24,1,482.66,20,Card,386.13
5824,715,328,2024-06-01,3,23.05,15,Card,58.78
5825,769,206,2025-04-27,4,126.1,0,Card,504.4
5826,404,130,2025-04-26,4,156.66,15,Card,532.64
5827,795,490,2023-03-03,4,183.82,5,Card,698.52
5828,587,22,2023-04-19,5,213.7,15,PayPal,908.23
5829,514,270,2024-02-26,3,261.74,20,UPI,628.18
5830,548,50,2023-08-02,2,445.36,0,Cash,890.72
5831,988,449,2024-05-30,3,402.57,10,PayPal,1086.94
5832,896,194,2023-12-31,2,223.65,10,PayPal,402.57
5833,666,49,2024-06-26,5,393.47,0,Cash,1967.35
5834,448,334,2023-06-18,3,384.81,20,UPI,923.54
5835,690,493,2023-05-20,1,286.65,0,UPI,286.65
5836,963,237,2024-02-02,5,353.91,20,UPI,1415.64
5837,845,439,2024-01-19,4,78.87,20,UPI,252.38
5838,751,111,2023-06-18,1,151.04,15,PayPal,128.38
5839,525,361,2023-05-15,4,31.19,5,PayPal,118.52
5840,527,164,2023-07-12,5,246.35,20,Card,985.4
5841,93,460,2024-12-06,2,376.5,10,Cash,677.7
5842,662,494,2024-06-01,3,315.78,0,UPI,947.34
5843,205,54,2025-06-05,5,62.21,20,PayPal,248.84
5844,197,437,2023-05-25,2,84.89,10,Card,152.8
5845,878,357,2023-02-03,5,174.35,20,Cash,697.4
5846,781,127,2024-02-19,3,497.59,15,Cash,1268.85
5847,454,499,2024-12-16,4,433.02,10,UPI,1558.87
5848,618,35,2023-03-02,2,262.22,15,PayPal,445.77
5849,944,114,2025-01-02,4,85.32,20,PayPal,273.02
5850,118,448,2023-02-14,3,338.86,15,Cash,864.09
5851,620,38,2025-06-02,4,341.75,5,PayPal,1298.65
5852,439,150,2025-05-13,1,475.24,20,Card,380.19
5853,789,268,2024-08-08,4,134.56,0,PayPal,538.24
5854,210,425,2024-11-14,1,490.0,10,UPI,441.0
5855,916,485,2024-08-15,1,238.54,5,Cash,226.61
5856,429,81,2024-09-03,1,114.78,0,PayPal,114.78
5857,287,15,2024-04-12,1,126.04,10,Cash,113.44
5858,784,201,2024-10-08,3,468.21,15,UPI,1193.94
5859,261,237,2023-12-12,5,100.84,10,UPI,453.78
5860,8,254,2023-10-26,2,483.35,15,Card,821.7
5861,856,277,2023-12-21,4,475.98,5,UPI,1808.72
5862,47,477,2023-05-04,4,200.97,15,UPI,683.3
5863,684,14,2024-06-10,2,309.2,5,PayPal,587.48
5864,153,28,2024-04-28,3,168.56,20,Card,404.54
5865,311,466,2024-05-08,3,74.49,5,UPI,212.3
5866,431,94,2025-01-26,5,37.41,10,PayPal,168.34
5867,84,371,2025-03-05,5,453.17,15,PayPal,1925.97
5868,692,230,2023-12-12,5,467.79,20,UPI,1871.16
5869,632,383,2024-10-20,2,409.0,20,PayPal,654.4
5870,979,221,2023-10-31,1,447.42,5,Cash,425.05
5871,41,25,2025-04-19,2,164.2,10,UPI,295.56
5872,586,108,2024-09-03,4,122.62,10,PayPal,441.43
5873,207,361,2024-05-19,3,410.09,10,PayPal,1107.24
5874,230,317,2024-05-08,1,482.75,20,Card,386.2
5875,501,229,2023-10-08,1,18.24,15,PayPal,15.5
5876,703,57,2023-12-23,1,268.43,10,Cash,241.59
5877,391,243,2023-09-22,4,381.44,15,PayPal,1296.9
5878,1,339,2024-03-27,5,447.63,0,Card,2238.15
5879,47,299,2024-05-26,2,233.76,5,Card,444.14
5880,633,5,2023-11-14,5,90.17,10,Cash,405.77
5881,616,143,2024-12-23,4,274.26,0,Card,1097.04
5882,891,61,2023-08-04,3,70.9,15,Cash,180.8
5883,513,386,2025-02-03,4,449.14,0,UPI,1796.56
5884,846,59,2023-08-17,5,71.61,10,PayPal,322.25
5885,77,311,2025-05-05,3,94.03,15,Card,239.78
5886,641,94,2024-07-04,3,273.15,20,PayPal,655.56
5887,155,428,2024-11-17,2,337.4,15,PayPal,573.58
5888,467,102,2025-05-01,2,257.69,0,PayPal,515.38
5889,340,192,2023-02-09,4,478.99,15,UPI,1628.57
5890,753,130,2024-03-20,1,389.35,10,Cash,350.42
5891,902,303,2024-12-25,5,331.49,20,PayPal,1325.96
5892,404,364,2024-11-02,3,6.94,0,Card,20.82
5893,273,415,2024-06-17,4,444.18,0,Card,1776.72
5894,232,346,2024-10-13,2,82.35,20,Cash,131.76
5895,673,221,2025-01-31,1,100.13,0,Cash,100.13
5896,299,262,2023-04-29,2,272.91,20,Cash,436.66
5897,815,368,2023-02-10,1,167.33,5,Card,158.96
5898,345,335,2024-04-22,2,98.11,15,Cash,166.79
5899,270,435,2023-02-06,4,443.93,10,UPI,1598.15
5900,576,51,2023-07-29,4,496.96,20,Cash,1590.27
5901,264,360,2025-01-12,2,90.72,5,Cash,172.37
5902,998,116,2025-03-23,3,481.45,20,UPI,1155.48
5903,196,132,2025-03-04,1,93.53,20,Card,74.82
5904,902,2,2024-11-29,2,188.45,5,Cash,358.05
5905,260,240,2023-10-31,5,186.02,15,Card,790.59
5906,336,7,2025-05-29,4,217.74,0,PayPal,870.96
5907,754,1,2023-02-12,3,274.33,10,Cash,740.69
5908,518,345,2025-05-19,4,43.07,0,PayPal,172.28
5909,291,81,2024-04-02,2,157.31,5,UPI,298.89
5910,260,413,2024-10-18,4,83.96,0,Cash,335.84
5911,202,197,2023-09-30,3,328.03,15,UPI,836.48
5912,132,2,2023-01-01,5,380.71,20,UPI,1522.84
5913,573,375,2023-01-08,2,476.78,10,Cash,858.2
5914,708,145,2025-02-18,3,353.23,10,Card,953.72
5915,791,455,2024-08-13,5,207.76,20,Card,831.04
5916,171,447,2024-08-17,3,86.27,5,Cash,245.87
5917,576,58,2024-10-23,3,265.13,10,Cash,715.85
5918,881,4,2024-03-01,4,91.65,0,Card,366.6
5919,821,325,2025-06-09,1,482.74,15,PayPal,410.33
5920,298,459,2025-01-02,1,385.34,15,Cash,327.54
5921,689,268,2025-02-12,3,206.77,5,PayPal,589.29
5922,385,414,2023-10-02,5,467.0,10,Cash,2101.5
5923,686,469,2024-02-24,3,249.65,0,PayPal,748.95
5924,474,464,2025-01-30,2,233.44,10,PayPal,420.19
5925,104,379,2023-08-18,5,104.55,15,Card,444.34
5926,559,314,2024-06-25,5,25.92,5,Card,123.12
5927,99,89,2025-02-14,5,112.16,10,Card,504.72
5928,828,380,2023-04-20,4,160.23,15,UPI,544.78
5929,975,24,2024-06-23,5,301.66,5,Card,1432.89
5930,7,264,2023-10-06,5,28.25,15,Cash,120.06
5931,92,46,2023-04-27,4,366.73,20,Cash,1173.54
5932,607,343,2024-11-09,5,387.16,0,Card,1935.8
5933,841,318,2024-08-31,2,71.58,0,UPI,143.16
5934,992,277,2024-08-24,5,194.57,20,UPI,778.28
5935,279,217,2024-06-08,4,262.46,10,Card,944.86
5936,921,255,2023-12-01,1,202.71,0,UPI,202.71
5937,447,354,2023-11-14,1,458.17,10,Cash,412.35
5938,760,23,2023-10-15,2,142.46,20,UPI,227.94
5939,13,28,2024-12-02,4,133.51,0,PayPal,534.04
5940,464,296,2025-01-25,2,434.63,5,Cash,825.8
5941,29,59,2023-09-23,3,158.12,0,UPI,474.36
5942,851,339,2023-05-09,1,241.54,5,UPI,229.46
5943,967,4,2023-08-05,2,81.28,5,UPI,154.43
5944,279,408,2024-03-11,1,157.8,5,Cash,149.91
5945,596,467,2024-07-12,4,395.45,5,UPI,1502.71
5946,149,271,2025-03-22,2,96.17,10,UPI,173.11
5947,2,394,2024-04-27,2,347.07,15,UPI,590.02
5948,169,258,2023-03-15,2,449.03,20,Card,718.45
5949,844,483,2023-01-05,5,486.37,15,UPI,2067.07
5950,245,325,2023-01-24,4,298.44,20,Cash,955.01
5951,214,362,2023-09-26,3,295.24,20,UPI,708.58
5952,826,223,2024-07-22,1,397.04,5,UPI,377.19
5953,712,461,2025-02-15,2,476.54,20,Card,762.46
5954,695,17,2023-12-10,2,194.78,5,PayPal,370.08
5955,411,117,2023-08-11,5,12.97,20,UPI,51.88
5956,853,293,2024-08-22,5,298.59,0,Card,1492.95
5957,120,359,2023-05-07,1,357.24,0,Cash,357.24
5958,170,330,2024-02-14,5,276.02,15,PayPal,1173.08
5959,662,297,2023-11-03,4,449.36,10,UPI,1617.7
5960,543,340,2023-02-01,1,82.76,0,Card,82.76
5961,817,387,2023-07-17,4,132.32,10,Cash,476.35
5962,407,65,2023-07-10,2,181.58,0,UPI,363.16
5963,517,65,2024-03-25,2,69.07,20,Cash,110.51
5964,766,71,2024-04-04,4,15.33,10,Cash,55.19
5965,725,276,2023-06-17,2,8.05,10,Cash,14.49
5966,618,464,2025-03-02,2,483.66,0,UPI,967.32
5967,604,370,2024-10-24,2,75.98,20,Card,121.57
5968,742,304,2024-05-14,3,66.89,10,Card,180.6
5969,175,439,2024-11-27,4,434.76,5,Cash,1652.09
5970,267,496,2024-10-16,1,343.68,5,Card,326.5
5971,313,18,2023-08-23,1,361.13,5,Cash,343.07
5972,33,10,2024-09-04,5,434.69,15,Cash,1847.43
5973,688,201,2025-03-21,2,364.94,0,Card,729.88
5974,965,106,2023-06-13,2,178.48,20,Card,285.57
5975,453,370,2024-04-02,3,270.84,20,Card,650.02
5976,549,23,2024-03-29,3,185.19,20,Cash,444.46
5977,515,180,2023-10-21,2,369.43,15,Cash,628.03
5978,751,141,2024-03-22,2,424.78,10,Card,764.6
5979,995,457,2025-03-31,4,408.43,15,Card,1388.66
5980,177,318,2024-06-11,3,360.52,15,UPI,919.33
5981,101,198,2025-02-15,1,84.88,0,UPI,84.88
5982,872,152,2023-01-22,5,271.33,0,Cash,1356.65
5983,447,408,2025-05-21,1,91.05,10,UPI,81.94
5984,575,331,2024-01-14,3,477.93,10,PayPal,1290.41
5985,447,84,2023-07-09,2,40.87,20,Card,65.39
5986,880,330,2025-05-25,5,41.06,10,Card,184.77
5987,770,127,2025-06-17,1,370.4,15,UPI,314.84
5988,443,355,2023-08-05,5,351.68,15,Cash,1494.64
5989,774,293,2025-04-28,4,440.38,0,Cash,1761.52
5990,534,222,2024-11-10,3,19.85,10,Card,53.6
5991,537,105,2024-07-30,4,146.77,10,Cash,528.37
5992,446,349,2024-10-17,5,105.66,15,PayPal,449.05
5993,499,353,2024-04-17,3,115.67,0,Cash,347.01
5994,885,361,2024-11-28,1,37.7,20,Card,30.16
5995,176,249,2024-10-09,2,242.77,15,UPI,412.71
5996,11,375,2024-06-24,4,212.87,15,Cash,723.76
5997,113,282,2023-01-05,1,458.21,10,Cash,412.39
5998,413,454,2025-02-15,3,234.9,5,PayPal,669.47
5999,58,478,2024-04-09,1,237.31,0,Card,237.31
6000,414,218,2023-11-02,5,213.34,15,Card,906.7
6001,250,357,2024-07-20,3,444.83,5,UPI,1267.77
6002,309,17,2023-05-18,3,207.76,5,UPI,592.12
6003,682,312,2023-05-17,2,44.9,10,PayPal,80.82
6004,581,240,2023-01-07,5,195.73,15,UPI,831.85
6005,571,155,2025-06-17,3,450.08,20,Cash,1080.19
6006,608,429,2024-09-17,2,67.13,20,PayPal,107.41
6007,460,297,2024-06-21,3,468.85,15,PayPal,1195.57
6008,529,188,2025-04-15,1,435.61,20,UPI,348.49
6009,506,185,2023-12-25,3,472.12,20,Card,1133.09
6010,814,269,2024-12-04,2,464.13,0,Card,928.26
6011,732,244,2023-04-29,3,63.0,15,Card,160.65
6012,321,203,2023-07-19,2,264.23,15,Cash,449.19
6013,314,61,2025-06-10,5,287.13,0,Card,1435.65
6014,623,344,2025-04-24,2,45.94,0,PayPal,91.88
6015,495,210,2024-10-28,3,167.39,20,PayPal,401.74
6016,526,466,2024-01-27,1,246.34,15,UPI,209.39
6017,208,298,2024-09-28,4,245.81,5,Card,934.08
6018,504,79,2024-02-06,1,147.87,0,Cash,147.87
6019,532,308,2023-10-21,1,416.52,0,Card,416.52
6020,484,237,2024-08-29,3,392.05,15,PayPal,999.73
6021,167,252,2024-09-23,5,90.72,10,Cash,408.24
6022,474,465,2023-09-02,4,316.34,10,Cash,1138.82
6023,894,386,2024-05-15,3,267.94,0,Card,803.82
6024,323,439,2023-11-30,4,329.15,10,Cash,1184.94
6025,58,177,2023-07-10,3,285.29,10,Cash,770.28
6026,143,31,2023-02-14,5,22.47,10,PayPal,101.11
6027,143,308,2023-01-16,5,470.57,10,PayPal,2117.57
6028,893,232,2024-12-21,5,432.7,5,PayPal,2055.32
6029,63,195,2023-08-28,5,89.13,15,PayPal,378.8
6030,481,346,2024-03-09,4,444.0,5,PayPal,1687.2
6031,145,396,2023-02-02,3,95.67,20,UPI,229.61
6032,409,218,2023-01-06,1,325.98,20,Cash,260.78
6033,40,181,2025-03-28,1,37.16,10,Card,33.44
6034,124,453,2024-08-08,2,493.7,10,Card,888.66
6035,459,496,2023-11-09,3,368.19,0,UPI,1104.57
6036,645,253,2023-03-02,5,253.22,5,UPI,1202.79
6037,239,437,2024-12-02,5,252.65,15,UPI,1073.76
6038,546,316,2023-06-18,2,15.97,5,PayPal,30.34
6039,584,447,2023-03-18,2,275.8,0,Card,551.6
6040,549,438,2024-02-24,1,211.04,5,PayPal,200.49
6041,101,358,2023-06-17,2,209.6,20,Card,335.36
6042,137,97,2025-01-04,5,347.55,20,UPI,1390.2
6043,456,6,2024-08-04,5,64.51,15,PayPal,274.17
6044,123,449,2024-06-06,3,348.72,10,Card,941.54
6045,972,221,2024-02-02,3,442.86,15,UPI,1129.29
6046,733,77,2024-12-15,1,97.89,5,PayPal,93.0
6047,487,292,2025-04-08,4,171.09,15,PayPal,581.71
6048,810,439,2024-10-31,1,16.75,5,Cash,15.91
6049,29,210,2024-06-22,4,442.71,0,Cash,1770.84
6050,426,192,2023-12-18,4,144.65,15,Card,491.81
6051,441,450,2024-12-21,1,105.14,5,UPI,99.88
6052,52,226,2023-06-11,4,343.11,0,Cash,1372.44
6053,432,401,2023-09-03,4,44.89,5,PayPal,170.58
6054,33,259,2023-05-19,1,412.44,15,UPI,350.57
6055,844,239,2024-05-19,1,8.39,0,Card,8.39
6056,653,389,2024-03-02,3,320.89,15,UPI,818.27
6057,697,25,2024-09-28,1,355.8,20,UPI,284.64
6058,76,204,2024-01-25,3,430.2,20,Cash,1032.48
6059,976,474,2024-11-01,3,245.57,5,Cash,699.87
6060,502,120,2024-09-18,2,254.75,20,Card,407.6
6061,332,500,2023-04-15,1,278.15,0,PayPal,278.15
6062,121,123,2023-03-13,1,187.35,0,UPI,187.35
6063,185,157,2024-06-21,3,286.1,15,Cash,729.56
6064,295,186,2023-03-11,2,475.04,20,UPI,760.06
6065,126,28,2025-04-17,1,318.5,10,Cash,286.65
6066,77,466,2025-05-28,5,286.06,0,PayPal,1430.3
6067,157,157,2025-03-06,5,238.62,10,PayPal,1073.79
6068,665,319,2023-11-02,3,303.26,20,Cash,727.82
6069,92,483,2023-01-12,3,354.85,15,Cash,904.87
6070,936,304,2025-05-30,4,338.29,20,Cash,1082.53
6071,182,339,2025-05-07,5,463.69,20,UPI,1854.76
6072,80,417,2024-12-26,3,206.06,20,PayPal,494.54
6073,529,380,2023-01-03,5,87.69,0,PayPal,438.45
6074,977,410,2024-06-16,1,36.3,0,Card,36.3
6075,402,453,2023-03-08,4,196.98,15,Cash,669.73
6076,857,482,2024-02-23,1,397.54,20,Card,318.03
6077,161,64,2025-05-07,4,37.55,0,Cash,150.2
6078,383,167,2023-07-05,2,26.29,5,UPI,49.95
6079,968,321,2023-04-27,3,156.38,0,Card,469.14
6080,860,109,2023-02-17,4,395.09,10,UPI,1422.32
6081,36,274,2023-09-30,5,191.28,15,PayPal,812.94
6082,77,83,2025-05-22,5,419.81,0,Cash,2099.05
6083,267,124,2025-06-13,2,81.69,15,Card,138.87
6084,47,358,2023-03-20,2,397.33,0,Card,794.66
6085,258,205,2024-09-30,4,45.71,5,UPI,173.7
6086,958,210,2024-04-07,4,13.12,0,UPI,52.48
6087,837,351,2024-04-30,5,323.63,10,UPI,1456.34
6088,134,307,2024-10-31,5,260.83,5,Card,1238.94
6089,537,314,2024-11-20,2,453.13,5,UPI,860.95
6090,980,302,2024-07-17,3,9.08,5,PayPal,25.88
6091,638,229,2025-02-22,1,56.41,15,UPI,47.95
6092,736,333,2023-12-09,2,25.0,10,UPI,45.0
6093,396,323,2024-01-14,4,157.81,5,Card,599.68
6094,264,54,2023-03-26,1,278.89,15,Card,237.06
6095,636,11,2023-02-17,5,224.02,0,UPI,1120.1
6096,355,428,2024-07-01,5,70.22,20,PayPal,280.88
6097,764,100,2025-05-29,4,330.24,5,Cash,1254.91
6098,205,400,2024-05-12,4,393.54,5,Card,1495.45
6099,527,232,2023-10-13,5,432.82,0,UPI,2164.1
6100,958,199,2023-11-03,4,493.11,10,PayPal,1775.2
6101,590,250,2025-01-28,5,178.03,20,UPI,712.12
6102,174,301,2024-01-25,1,247.16,10,UPI,222.44
6103,205,130,2024-02-12,4,115.29,0,Card,461.16
6104,939,298,2023-07-16,5,100.17,20,Cash,400.68
6105,364,43,2023-01-18,4,60.63,0,UPI,242.52
6106,489,481,2023-05-21,2,207.25,10,PayPal,373.05
6107,956,346,2025-01-18,4,441.79,0,Card,1767.16
6108,66,23,2025-04-27,5,356.44,5,PayPal,1693.09
6109,625,287,2024-08-31,1,352.62,15,Cash,299.73
6110,149,439,2024-08-08,3,267.22,10,UPI,721.49
6111,888,482,2024-05-31,5,463.08,10,Cash,2083.86
6112,84,217,2024-03-08,2,301.18,10,Cash,542.12
6113,888,86,2023-09-05,3,442.62,5,Cash,1261.47
6114,197,321,2024-04-19,5,121.82,10,Card,548.19
6115,32,91,2023-12-09,5,464.16,15,UPI,1972.68
6116,551,95,2024-07-17,3,103.97,10,PayPal,280.72
6117,816,77,2024-07-02,5,17.88,0,UPI,89.4
6118,110,487,2024-05-09,1,80.62,20,UPI,64.5
6119,553,378,2023-06-01,5,184.2,20,Card,736.8
6120,794,411,2025-03-23,4,197.63,0,UPI,790.52
6121,448,488,2023-10-26,1,8.77,0,UPI,8.77
6122,291,475,2024-06-17,1,130.16,15,Cash,110.64
6123,662,413,2024-11-09,3,254.69,10,Card,687.66
6124,888,69,2024-09-11,1,361.06,20,PayPal,288.85
6125,854,454,2024-11-13,2,251.65,20,Cash,402.64
6126,236,176,2023-05-24,4,389.21,10,Cash,1401.16
6127,331,399,2024-01-04,3,257.0,10,Cash,693.9
6128,387,391,2025-01-11,4,271.34,20,PayPal,868.29
6129,607,319,2023-07-01,4,366.83,0,Card,1467.32
6130,604,41,2025-03-15,5,369.85,10,UPI,1664.33
6131,579,75,2024-02-04,4,182.96,15,Card,622.06
6132,869,212,2023-02-03,4,14.94,5,PayPal,56.77
6133,450,270,2023-01-07,4,254.63,10,PayPal,916.67
6134,55,68,2025-04-28,2,449.4,0,Card,898.8
6135,301,30,2024-03-17,3,192.44,20,Card,461.86
6136,196,377,2025-05-09,2,453.82,0,Card,907.64
6137,447,9,2025-02-23,5,263.89,15,PayPal,1121.53
6138,990,187,2023-06-04,5,383.13,10,UPI,1724.09
6139,407,486,2023-12-28,3,388.21,15,PayPal,989.94
6140,292,189,2023-07-12,5,331.12,5,UPI,1572.82
6141,592,53,2024-03-21,3,460.42,5,Card,1312.2
6142,470,364,2023-10-11,5,36.78,15,PayPal,156.31
6143,220,410,2023-12-07,2,311.75,15,Card,529.98
6144,826,191,2024-10-18,1,492.85,10,Cash,443.57
6145,374,192,2025-05-18,3,106.35,0,PayPal,319.05
6146,97,193,2024-10-10,4,478.12,20,Cash,1529.98
6147,9,243,2025-03-15,4,117.98,20,PayPal,377.54
6148,744,295,2024-05-07,5,304.12,20,UPI,1216.48
6149,609,463,2023-09-16,4,434.04,10,Cash,1562.54
6150,608,20,2023-03-08,3,239.73,10,Card,647.27
6151,728,68,2023-10-09,4,311.6,5,PayPal,1184.08
6152,129,111,2023-08-09,4,62.82,0,PayPal,251.28
6153,65,312,2025-04-16,2,450.63,0,PayPal,901.26
6154,382,47,2024-05-12,1,67.46,15,Card,57.34
6155,815,287,2024-07-08,1,33.25,5,PayPal,31.59
6156,483,423,2023-01-21,3,203.96,5,UPI,581.29
6157,250,4,2023-03-30,4,250.47,0,UPI,1001.88
6158,39,156,2023-03-25,5,209.34,10,PayPal,942.03
6159,974,87,2024-01-29,4,89.68,5,PayPal,340.78
6160,514,288,2023-09-21,1,492.97,5,PayPal,468.32
6161,22,263,2023-08-10,5,145.32,15,Cash,617.61
6162,736,148,2025-01-28,5,142.86,0,Cash,714.3
6163,428,103,2024-05-21,3,473.38,5,Cash,1349.13
6164,659,315,2023-08-20,5,444.18,5,Card,2109.86
6165,69,13,2023-07-04,5,295.82,5,PayPal,1405.14
6166,50,53,2023-01-01,1,35.67,15,PayPal,30.32
6167,150,493,2025-03-26,3,309.97,10,UPI,836.92
6168,223,465,2025-01-11,1,239.95,20,Cash,191.96
6169,549,492,2025-04-08,4,357.59,20,Cash,1144.29
6170,884,209,2023-11-08,1,238.98,15,Card,203.13
6171,956,79,2023-03-14,5,10.07,0,Card,50.35
6172,935,61,2024-12-12,3,355.49,15,Cash,906.5
6173,934,216,2024-10-14,3,150.18,20,Card,360.43
6174,257,382,2024-10-18,5,265.34,10,PayPal,1194.03
6175,305,475,2025-06-05,5,290.14,20,Card,1160.56
6176,556,152,2023-10-20,3,173.56,15,Cash,442.58
6177,611,431,2023-11-29,2,248.61,20,UPI,397.78
6178,19,358,2023-07-16,1,450.71,10,UPI,405.64
6179,370,443,2025-04-17,3,102.49,20,Cash,245.98
6180,543,293,2024-08-04,5,47.25,15,UPI,200.81
6181,122,245,2023-07-20,4,91.94,5,UPI,349.37
6182,363,214,2023-10-10,1,169.04,10,Cash,152.14
6183,427,383,2023-05-29,2,6.63,10,UPI,11.93
6184,830,434,2023-10-02,3,415.36,15,Card,1059.17
6185,3,8,2023-04-12,3,342.47,5,PayPal,976.04
6186,308,218,2024-03-27,2,321.36,5,UPI,610.58
6187,892,313,2025-03-21,5,139.57,20,Card,558.28
6188,76,345,2023-08-01,5,294.01,20,UPI,1176.04
6189,195,427,2023-09-06,5,54.53,15,PayPal,231.75
6190,228,423,2024-10-12,5,376.7,5,UPI,1789.32
6191,387,370,2025-04-06,2,249.2,0,Cash,498.4
6192,298,12,2023-08-30,1,344.17,20,Card,275.34
6193,933,317,2023-04-24,4,360.89,0,Card,1443.56
6194,886,112,2023-01-01,3,378.72,0,Card,1136.16
6195,312,144,2023-06-21,5,402.71,20,Cash,1610.84
6196,39,494,2024-03-30,3,424.4,15,Cash,1082.22
6197,799,491,2023-05-12,5,48.58,15,UPI,206.46
6198,237,199,2025-05-24,2,55.16,15,Cash,93.77
6199,141,18,2023-04-13,3,351.36,15,Card,895.97
6200,70,21,2025-06-11,1,144.93,5,Card,137.68
6201,305,285,2023-04-18,3,484.58,15,Card,1235.68
6202,520,170,2024-08-29,1,347.97,5,PayPal,330.57
6203,603,444,2024-05-10,1,326.86,0,Card,326.86
6204,12,236,2023-12-29,1,6.34,0,UPI,6.34
6205,40,435,2023-04-11,3,9.9,5,PayPal,28.21
6206,735,74,2023-08-23,3,351.3,0,Card,1053.9
6207,788,426,2023-01-05,1,379.97,5,UPI,360.97
6208,1,54,2024-07-16,4,114.77,20,Card,367.26
6209,978,120,2025-01-07,3,84.6,0,PayPal,253.8
6210,461,138,2024-12-29,2,22.52,5,UPI,42.79
6211,69,339,2025-06-01,4,429.25,15,UPI,1459.45
6212,194,404,2024-09-15,2,296.06,5,Card,562.51
6213,92,211,2024-09-21,3,479.05,5,Card,1365.29
6214,538,247,2024-04-24,4,94.56,0,PayPal,378.24
6215,895,62,2023-04-25,2,275.29,5,Cash,523.05
6216,636,236,2023-07-31,5,76.53,0,UPI,382.65
6217,996,358,2023-01-21,4,359.21,0,UPI,1436.84
6218,964,1,2024-02-12,1,154.7,5,UPI,146.96
6219,106,79,2023-11-16,5,67.33,20,Card,269.32
6220,381,459,2025-04-03,1,414.3,5,UPI,393.58
6221,586,231,2024-02-02,2,406.72,15,PayPal,691.42
6222,731,490,2024-09-15,1,416.38,10,Card,374.74
6223,519,210,2023-04-10,5,450.72,20,Card,1802.88
6224,356,115,2025-05-31,3,327.01,10,Card,882.93
6225,279,445,2024-09-16,4,452.78,5,Card,1720.56
6226,572,204,2024-01-12,4,223.74,0,Cash,894.96
6227,504,472,2024-10-30,1,323.02,10,Cash,290.72
6228,349,158,2025-02-22,3,200.38,15,Card,510.97
6229,599,321,2024-06-02,1,453.77,0,Card,453.77
6230,918,131,2024-05-23,3,442.41,15,PayPal,1128.15
6231,770,308,2023-02-28,4,304.66,0,PayPal,1218.64
6232,289,424,2023-06-24,3,385.37,20,Cash,924.89
6233,443,151,2024-06-05,1,224.0,20,PayPal,179.2
6234,893,333,2023-10-20,1,214.69,5,UPI,203.96
6235,949,76,2025-05-24,3,276.64,20,Cash,663.94
6236,309,181,2025-03-11,3,271.6,20,Cash,651.84
6237,786,370,2023-07-12,5,175.46,5,Card,833.44
6238,584,123,2025-04-12,2,162.88,15,Card,276.9
6239,670,343,2023-07-21,2,249.59,15,UPI,424.3
6240,929,414,2024-05-29,1,293.4,10,PayPal,264.06
6241,127,139,2023-12-14,5,383.12,0,UPI,1915.6
6242,969,288,2023-04-28,3,307.12,0,PayPal,921.36
6243,328,217,2023-02-28,5,311.52,0,Cash,1557.6
6244,798,161,2025-02-06,1,78.02,20,Card,62.42
6245,717,78,2024-01-09,4,38.18,0,UPI,152.72
6246,739,329,2024-07-18,5,133.68,10,PayPal,601.56
6247,333,103,2024-01-16,5,166.2,5,Cash,789.45
6248,859,179,2023-05-17,5,182.06,20,PayPal,728.24
6249,736,155,2024-03-12,2,206.28,0,Card,412.56
6250,843,384,2025-02-11,1,301.17,5,Cash,286.11
6251,154,425,2023-04-05,4,37.29,15,UPI,126.79
6252,991,252,2023-09-12,1,158.33,0,Card,158.33
6253,770,224,2023-02-23,3,193.81,5,Card,552.36
6254,294,76,2024-11-05,3,125.43,10,Cash,338.66
6255,70,429,2024-07-30,1,130.04,5,Card,123.54
6256,972,272,2025-06-07,2,207.68,0,Cash,415.36
6257,526,329,2023-06-09,4,353.99,15,PayPal,1203.57
6258,259,346,2023-04-03,2,237.06,0,Cash,474.12
6259,731,149,2024-01-30,3,436.57,10,Cash,1178.74
6260,302,173,2024-03-29,2,371.74,0,UPI,743.48
6261,65,8,2025-03-21,2,411.61,20,PayPal,658.58
6262,288,87,2025-05-01,1,214.32,20,UPI,171.46
6263,759,105,2024-02-05,4,361.11,15,PayPal,1227.77
6264,862,434,2023-06-03,1,299.22,15,UPI,254.34
6265,453,401,2024-12-18,4,288.29,20,PayPal,922.53
6266,848,402,2025-06-11,5,327.49,0,UPI,1637.45
6267,840,44,2023-07-10,5,272.93,0,Cash,1364.65
6268,847,281,2023-09-23,5,468.31,15,Card,1990.32
6269,976,431,2024-09-24,4,13.57,10,Card,48.85
6270,680,204,2024-08-18,1,67.3,20,PayPal,53.84
6271,570,443,2025-04-19,2,488.04,15,UPI,829.67
6272,854,359,2023-01-22,3,128.81,10,PayPal,347.79
6273,925,78,2025-03-31,2,305.8,15,Card,519.86
6274,176,454,2025-06-03,1,202.35,5,Card,192.23
6275,443,289,2023-11-24,5,340.73,20,PayPal,1362.92
6276,625,297,2025-05-23,4,17.77,0,Cash,71.08
6277,26,26,2024-05-24,5,261.92,10,UPI,1178.64
6278,141,290,2023-02-04,3,5.57,15,Card,14.2
6279,177,165,2024-08-12,2,171.45,15,Cash,291.46
6280,504,360,2024-02-27,5,215.83,0,UPI,1079.15
6281,478,185,2024-02-15,5,356.62,20,UPI,1426.48
6282,499,269,2024-12-15,1,289.37,15,Cash,245.96
6283,781,260,2023-05-07,5,146.51,0,Card,732.55
6284,954,353,2024-05-19,5,453.03,20,PayPal,1812.12
6285,204,478,2024-01-13,2,360.83,0,PayPal,721.66
6286,586,26,2025-03-28,2,169.68,15,PayPal,288.46
6287,692,314,2024-08-19,3,271.91,20,PayPal,652.58
6288,732,333,2023-01-06,1,62.65,10,PayPal,56.38
6289,370,306,2023-04-18,1,126.34,20,Cash,101.07
6290,19,276,2025-06-07,2,397.81,0,UPI,795.62
6291,605,48,2024-04-03,3,280.73,5,PayPal,800.08
6292,29,252,2024-02-21,3,366.68,20,Card,880.03
6293,696,256,2025-01-23,1,23.94,15,UPI,20.35
6294,245,392,2023-10-03,4,302.07,15,Card,1027.04
6295,663,256,2024-02-22,3,306.83,15,Cash,782.42
6296,494,384,2023-03-12,1,131.63,10,UPI,118.47
6297,208,364,2024-04-18,1,248.7,5,Cash,236.26
6298,335,203,2024-04-09,5,33.62,10,PayPal,151.29
6299,269,468,2025-04-09,2,398.65,0,Cash,797.3
6300,101,162,2024-03-13,1,212.37,20,PayPal,169.9
6301,402,117,2024-10-08,3,462.84,0,PayPal,1388.52
6302,80,205,2025-02-05,1,350.1,20,UPI,280.08
6303,254,496,2025-01-16,2,338.19,0,UPI,676.38
6304,914,293,2023-10-19,3,306.1,15,Card,780.56
6305,243,195,2025-05-19,1,271.61,20,UPI,217.29
6306,710,402,2024-04-01,4,242.81,0,UPI,971.24
6307,949,185,2025-06-15,5,288.51,20,PayPal,1154.04
6308,43,497,2023-03-08,4,411.09,20,Card,1315.49
6309,240,157,2024-07-13,1,341.12,15,Cash,289.95
6310,227,108,2025-02-01,3,159.38,15,Cash,406.42
6311,237,184,2024-05-09,5,144.45,20,UPI,577.8
6312,791,259,2024-03-15,5,121.02,5,PayPal,574.85
6313,971,247,2024-11-15,5,40.24,20,UPI,160.96
6314,535,272,2025-03-31,2,130.25,0,Cash,260.5
6315,972,478,2023-01-11,2,13.44,5,Card,25.54
6316,656,272,2024-09-13,4,342.52,0,Card,1370.08
6317,15,91,2025-01-31,3,170.46,20,Card,409.1
6318,223,386,2025-03-03,3,196.95,15,PayPal,502.22
6319,261,14,2024-04-14,2,70.22,0,Card,140.44
6320,157,429,2023-05-26,1,456.43,15,Card,387.97
6321,643,189,2023-03-27,1,112.09,20,UPI,89.67
6322,994,253,2025-05-09,4,103.08,5,PayPal,391.7
6323,81,400,2025-05-15,1,182.41,20,PayPal,145.93
6324,473,311,2023-07-14,5,77.61,15,Cash,329.84
6325,162,488,2023-01-07,2,451.06,20,PayPal,721.7
6326,30,237,2024-05-10,2,346.9,15,PayPal,589.73
6327,307,36,2025-01-19,4,466.97,15,Card,1587.7
6328,855,210,2023-04-18,4,389.08,0,Card,1556.32
6329,735,392,2024-03-31,3,244.24,0,Cash,732.72
6330,825,283,2023-02-04,4,50.97,10,Cash,183.49
6331,419,5,2023-06-18,2,333.68,15,Card,567.26
6332,903,108,2024-07-13,2,451.98,10,Card,813.56
6333,931,260,2024-12-06,2,144.25,20,PayPal,230.8
6334,191,496,2023-01-16,5,135.85,0,PayPal,679.25
6335,335,21,2025-01-04,2,466.12,0,Cash,932.24
6336,592,202,2024-04-06,4,341.94,15,PayPal,1162.6
6337,28,254,2023-04-16,5,107.87,15,PayPal,458.45
6338,136,8,2023-05-10,2,427.25,0,PayPal,854.5
6339,871,17,2025-01-09,2,82.0,0,PayPal,164.0
6340,42,257,2023-07-21,2,459.12,0,UPI,918.24
6341,462,231,2024-02-24,4,450.34,0,Cash,1801.36
6342,626,227,2024-07-16,5,19.45,5,Cash,92.39
6343,390,327,2025-01-03,1,431.91,20,Cash,345.53
6344,286,384,2024-08-05,4,126.34,20,Cash,404.29
6345,646,290,2024-01-08,4,215.66,15,UPI,733.24
6346,761,366,2023-06-22,2,180.62,10,Cash,325.12
6347,362,358,2024-06-24,2,142.27,20,Card,227.63
6348,703,229,2023-02-08,2,13.19,10,UPI,23.74
6349,846,209,2025-02-24,2,351.61,15,Cash,597.74
6350,464,458,2024-01-09,5,142.89,0,Card,714.45
6351,900,85,2025-05-19,5,424.25,10,PayPal,1909.12
6352,182,140,2025-05-02,3,106.17,5,Card,302.58
6353,714,18,2025-01-11,3,122.93,15,Cash,313.47
6354,982,423,2024-04-26,5,361.89,0,UPI,1809.45
6355,826,473,2025-05-10,1,148.55,0,UPI,148.55
6356,805,474,2023-11-10,1,14.04,15,Card,11.93
6357,601,492,2023-12-05,5,418.2,10,Cash,1881.9
6358,3,40,2024-10-03,4,68.36,15,Cash,232.42
6359,651,385,2025-04-20,1,309.95,20,Cash,247.96
6360,641,143,2023-08-06,2,103.8,5,PayPal,197.22
6361,895,143,2024-10-30,1,260.13,15,UPI,221.11
6362,481,254,2024-12-16,4,329.79,5,UPI,1253.2
6363,160,443,2023-05-29,1,456.9,15,Cash,388.36
6364,526,83,2024-08-11,2,46.02,10,PayPal,82.84
6365,220,290,2024-10-08,3,406.84,20,Cash,976.42
6366,444,305,2023-02-01,3,459.16,20,Card,1101.98
6367,399,260,2023-04-16,5,74.32,20,Cash,297.28
6368,968,166,2025-01-17,3,75.01,20,PayPal,180.02
6369,714,332,2024-09-19,1,320.04,5,Card,304.04
6370,296,264,2023-04-18,2,450.85,10,PayPal,811.53
6371,991,241,2024-12-31,5,38.46,15,PayPal,163.46
6372,687,342,2024-05-04,4,151.81,20,Card,485.79
6373,772,60,2023-10-05,4,274.36,15,UPI,932.82
6374,436,12,2023-04-13,3,116.93,20,Cash,280.63
6375,726,137,2024-12-23,3,133.43,0,PayPal,400.29
6376,630,195,2024-11-10,2,325.78,15,Cash,553.83
6377,773,105,2023-09-10,2,85.05,5,Card,161.59
6378,785,43,2024-06-21,2,335.81,0,Cash,671.62
6379,375,127,2023-04-09,4,463.43,0,UPI,1853.72
6380,771,366,2024-12-03,1,290.21,10,Card,261.19
6381,531,52,2024-05-15,3,192.81,0,Cash,578.43
6382,807,358,2024-08-20,5,178.96,5,PayPal,850.06
6383,245,177,2024-09-29,4,360.24,5,Cash,1368.91
6384,816,367,2023-06-04,1,284.86,0,UPI,284.86
6385,524,367,2023-08-07,3,435.43,5,Cash,1240.98
6386,564,468,2023-11-22,3,481.17,20,UPI,1154.81
6387,836,211,2024-04-04,2,172.0,10,PayPal,309.6
6388,193,112,2024-06-30,3,34.85,10,Card,94.1
6389,543,432,2025-03-10,3,266.82,10,UPI,720.41
6390,224,134,2025-03-08,3,235.5,20,UPI,565.2
6391,675,44,2023-03-19,1,414.85,0,Card,414.85
6392,641,87,2025-01-09,5,159.68,5,Cash,758.48
6393,102,226,2023-11-22,2,212.37,20,Card,339.79
6394,882,191,2024-06-06,3,256.79,10,Cash,693.33
6395,231,355,2023-06-13,5,379.36,10,Cash,1707.12
6396,167,244,2023-08-12,2,339.95,20,PayPal,543.92
6397,287,236,2023-11-26,4,424.26,10,Cash,1527.34
6398,845,319,2024-07-18,5,335.13,20,Card,1340.52
6399,953,46,2025-02-10,4,376.03,5,UPI,1428.91
6400,869,90,2024-03-08,1,5.26,10,PayPal,4.73
6401,407,162,2024-01-21,1,441.64,0,Cash,441.64
6402,194,207,2023-03-19,4,490.5,15,Cash,1667.7
6403,549,396,2024-04-27,1,40.47,5,UPI,38.45
6404,844,265,2024-11-09,5,412.41,5,Cash,1958.95
6405,435,288,2023-06-06,2,342.8,5,Card,651.32
6406,97,333,2025-04-30,4,341.65,15,UPI,1161.61
6407,147,328,2024-03-23,3,448.28,15,Cash,1143.11
6408,110,148,2024-05-14,4,443.16,15,Cash,1506.74
6409,308,344,2024-01-13,5,220.15,0,PayPal,1100.75
6410,949,240,2023-04-13,2,160.41,20,Card,256.66
6411,244,392,2023-02-01,5,51.45,0,UPI,257.25
6412,846,439,2024-05-07,2,245.66,5,Card,466.75
6413,23,212,2023-03-02,5,442.91,20,Card,1771.64
6414,714,35,2023-09-25,2,262.42,20,Card,419.87
6415,177,324,2024-07-04,1,130.76,20,UPI,104.61
6416,143,259,2024-04-28,4,271.68,5,PayPal,1032.38
6417,643,319,2023-09-22,1,91.69,10,UPI,82.52
6418,709,170,2024-01-30,1,478.48,20,Card,382.78
6419,857,396,2023-02-07,1,235.34,5,PayPal,223.57
6420,704,85,2023-02-02,2,275.98,15,Card,469.17
6421,155,433,2023-09-13,2,78.4,15,Card,133.28
6422,323,466,2024-09-17,1,137.82,15,PayPal,117.15
6423,210,356,2023-04-07,5,288.06,0,Cash,1440.3
6424,432,297,2024-10-22,1,406.75,5,Card,386.41
6425,252,255,2024-12-20,4,79.88,15,Card,271.59
6426,299,25,2024-03-07,4,72.36,5,UPI,274.97
6427,127,35,2023-10-11,4,491.43,15,Card,1670.86
6428,478,133,2023-03-26,5,412.68,10,UPI,1857.06
6429,855,496,2023-03-04,2,437.01,0,UPI,874.02
6430,746,33,2024-12-13,3,342.25,15,UPI,872.74
6431,274,14,2024-07-09,3,488.5,0,Cash,1465.5
6432,318,49,2023-01-24,5,443.56,20,Cash,1774.24
6433,691,432,2024-11-29,4,67.73,15,PayPal,230.28
6434,402,258,2024-07-25,5,440.95,0,PayPal,2204.75
6435,63,54,2025-03-29,5,485.58,15,UPI,2063.72
6436,142,378,2023-03-18,5,223.19,0,Cash,1115.95
6437,405,336,2024-02-17,2,444.62,10,Cash,800.32
6438,282,170,2024-06-26,2,403.51,0,Card,807.02
6439,269,264,2023-07-17,5,79.93,10,UPI,359.69
6440,665,404,2024-06-08,4,319.23,5,UPI,1213.07
6441,161,270,2023-10-06,4,288.55,10,UPI,1038.78
6442,234,167,2024-06-03,5,119.37,15,Cash,507.32
6443,977,192,2024-05-02,1,114.82,5,Cash,109.08
6444,813,24,2023-08-10,1,271.53,5,UPI,257.95
6445,304,245,2024-03-14,2,269.31,20,UPI,430.9
6446,337,416,2023-01-17,2,33.72,5,Card,64.07
6447,744,163,2024-08-08,5,294.26,15,PayPal,1250.61
6448,960,364,2023-12-01,4,398.18,15,PayPal,1353.81
6449,481,30,2024-11-16,4,248.21,5,UPI,943.2
6450,391,446,2023-08-20,4,318.6,20,Card,1019.52
6451,803,253,2024-10-04,2,108.31,10,PayPal,194.96
6452,643,206,2023-06-10,1,223.46,5,Card,212.29
6453,871,147,2023-12-18,1,131.74,20,UPI,105.39
6454,86,441,2024-07-20,2,337.94,10,Cash,608.29
6455,32,122,2024-03-13,1,101.96,5,Card,96.86
6456,774,81,2023-01-22,5,402.61,20,Cash,1610.44
6457,302,146,2024-04-29,1,208.74,10,Cash,187.87
6458,471,383,2023-03-23,4,363.12,20,PayPal,1161.98
6459,32,469,2024-03-26,5,327.77,15,UPI,1393.02
6460,419,87,2023-07-10,2,487.07,0,PayPal,974.14
6461,511,224,2025-01-23,2,479.46,20,PayPal,767.14
6462,255,95,2024-05-17,1,359.27,15,PayPal,305.38
6463,191,288,2025-04-23,1,354.98,15,Cash,301.73
6464,716,214,2023-05-07,1,485.04,20,Card,388.03
6465,324,300,2023-03-06,2,144.59,10,Card,260.26
6466,628,313,2024-08-13,2,258.78,20,Card,414.05
6467,376,455,2024-07-26,5,412.35,0,Card,2061.75
6468,484,480,2024-12-26,4,152.73,15,UPI,519.28
6469,331,447,2024-08-25,3,411.33,5,Card,1172.29
6470,295,195,2023-03-05,4,157.14,5,Cash,597.13
6471,977,61,2023-03-25,1,204.68,20,Card,163.74
6472,31,425,2024-09-17,4,370.66,0,Cash,1482.64
6473,264,445,2025-03-29,5,304.01,15,Card,1292.04
6474,56,71,2023-02-01,4,495.72,20,Cash,1586.3
6475,376,468,2024-10-25,5,171.27,0,Card,856.35
6476,28,253,2023-09-02,2,337.9,10,UPI,608.22
6477,595,98,2023-07-09,2,48.29,10,PayPal,86.92
6478,724,325,2023-03-09,3,66.85,20,PayPal,160.44
6479,601,52,2023-08-09,5,121.66,0,Cash,608.3
6480,209,61,2024-02-23,5,44.83,0,Card,224.15
6481,281,301,2023-11-15,4,114.44,0,PayPal,457.76
6482,429,230,2024-10-04,4,243.76,5,Cash,926.29
6483,387,314,2025-01-28,2,157.58,0,Card,315.16
6484,262,352,2023-10-30,2,27.66,15,Card,47.02
6485,444,245,2025-01-03,4,243.91,5,UPI,926.86
6486,470,270,2024-07-16,4,134.13,5,PayPal,509.69
6487,536,72,2025-02-06,1,355.4,20,Cash,284.32
6488,376,115,2025-02-10,1,53.83,10,PayPal,48.45
6489,253,57,2024-08-17,5,179.97,15,Card,764.87
6490,856,244,2023-05-01,2,65.38,10,UPI,117.68
6491,151,121,2025-01-04,1,49.63,15,Cash,42.19
6492,210,116,2025-02-20,4,100.02,0,Cash,400.08
6493,8,66,2024-06-09,1,274.78,20,UPI,219.82
6494,574,96,2024-08-24,2,32.46,10,UPI,58.43
6495,642,437,2025-02-09,1,182.6,0,Card,182.6
6496,467,60,2023-01-19,1,182.63,0,UPI,182.63
6497,303,214,2023-11-01,1,237.09,15,PayPal,201.53
6498,27,109,2024-07-30,2,199.93,0,PayPal,399.86
6499,857,231,2023-09-12,3,99.97,0,PayPal,299.91
6500,95,121,2023-04-22,4,448.42,20,UPI,1434.94
6501,174,413,2023-11-19,2,172.77,0,UPI,345.54
6502,586,34,2024-03-08,3,220.7,20,Card,529.68
6503,500,418,2023-02-27,2,239.06,5,PayPal,454.21
6504,123,281,2023-01-27,4,473.63,15,Cash,1610.34
6505,737,404,2023-03-03,2,453.67,10,PayPal,816.61
6506,792,400,2024-02-06,4,215.2,5,Cash,817.76
6507,767,5,2023-07-09,5,58.35,20,UPI,233.4
6508,103,380,2023-04-30,5,121.88,0,PayPal,609.4
6509,95,12,2024-12-30,3,335.1,10,Cash,904.77
6510,95,192,2023-02-16,3,52.06,5,UPI,148.37
6511,11,195,2024-01-09,3,275.13,10,UPI,742.85
6512,841,233,2024-08-10,1,384.13,20,PayPal,307.3
6513,218,455,2024-02-18,2,365.58,5,Cash,694.6
6514,31,312,2024-01-03,2,72.73,10,Card,130.91
6515,656,494,2023-07-13,5,242.99,20,PayPal,971.96
6516,604,32,2024-05-12,4,362.16,10,Card,1303.78
6517,428,178,2025-04-07,1,320.2,15,PayPal,272.17
6518,231,395,2024-06-22,1,149.72,15,UPI,127.26
6519,164,311,2023-05-10,1,426.71,10,UPI,384.04
6520,167,338,2023-10-13,4,491.17,10,PayPal,1768.21
6521,625,57,2023-06-16,3,10.53,5,UPI,30.01
6522,192,169,2024-07-31,4,493.57,10,Card,1776.85
6523,974,230,2024-08-27,5,311.91,20,UPI,1247.64
6524,802,125,2023-01-18,5,9.46,15,UPI,40.21
6525,452,475,2023-10-29,2,216.08,15,PayPal,367.34
6526,894,30,2023-05-19,3,341.59,20,Cash,819.82
6527,556,339,2023-03-25,5,474.13,20,PayPal,1896.52
6528,328,358,2024-06-07,5,363.62,0,PayPal,1818.1
6529,233,155,2023-08-27,5,370.11,5,Card,1758.02
6530,632,120,2024-07-20,5,498.53,20,Cash,1994.12
6531,862,33,2023-05-09,4,485.91,5,Cash,1846.46
6532,925,127,2024-07-30,3,299.05,5,PayPal,852.29
6533,258,344,2024-04-29,2,367.46,20,UPI,587.94
6534,55,61,2024-07-03,2,158.87,5,Cash,301.85
6535,12,462,2023-07-03,3,299.74,0,UPI,899.22
6536,807,7,2024-09-11,2,257.13,20,PayPal,411.41
6537,246,379,2025-01-25,1,339.54,10,PayPal,305.59
6538,317,93,2024-03-22,3,414.7,15,UPI,1057.48
6539,812,384,2023-10-29,4,12.41,5,PayPal,47.16
6540,215,165,2024-05-08,4,460.17,5,UPI,1748.65
6541,829,459,2023-07-09,5,490.07,15,PayPal,2082.8
6542,926,384,2023-12-25,4,70.95,5,PayPal,269.61
6543,770,258,2025-01-20,3,396.11,15,PayPal,1010.08
6544,39,79,2025-05-21,2,442.05,0,Cash,884.1
6545,79,423,2025-04-21,3,317.49,15,UPI,809.6
6546,769,145,2023-04-30,5,498.37,15,Cash,2118.07
6547,228,56,2024-11-06,2,286.78,0,Card,573.56
6548,424,474,2025-05-05,3,449.57,10,Cash,1213.84
6549,376,431,2025-01-19,5,486.72,20,PayPal,1946.88
6550,121,13,2023-06-10,3,446.12,0,UPI,1338.36
6551,748,157,2024-04-21,4,66.35,15,PayPal,225.59
6552,998,404,2024-06-13,3,22.91,0,Cash,68.73
6553,348,466,2024-10-04,5,366.36,15,UPI,1557.03
6554,674,289,2023-07-25,2,223.21,20,PayPal,357.14
6555,555,311,2024-04-19,2,118.39,20,Card,189.42
6556,753,81,2025-03-04,2,442.16,20,PayPal,707.46
6557,317,159,2024-05-27,2,201.24,0,UPI,402.48
6558,632,187,2024-03-14,2,275.46,10,PayPal,495.83
6559,498,253,2024-01-22,5,147.33,10,Cash,662.99
6560,193,232,2025-03-25,4,287.93,20,Cash,921.38
6561,953,256,2025-04-07,1,462.54,10,UPI,416.29
6562,85,116,2023-11-06,2,494.64,0,Cash,989.28
6563,769,456,2023-03-20,1,30.48,5,UPI,28.96
6564,54,437,2024-02-12,5,446.31,10,PayPal,2008.4
6565,133,349,2023-08-20,1,124.98,5,Cash,118.73
6566,418,385,2025-06-16,1,60.43,5,UPI,57.41
6567,821,77,2023-05-31,3,137.31,10,UPI,370.74
6568,904,77,2023-04-16,2,235.3,10,Card,423.54
6569,207,436,2023-06-22,3,465.45,10,Card,1256.71
6570,482,126,2024-09-08,3,213.48,15,UPI,544.37
6571,731,322,2023-09-12,2,313.2,10,Card,563.76
6572,617,25,2023-02-05,1,61.56,5,PayPal,58.48
6573,578,123,2024-10-16,5,194.45,20,PayPal,777.8
6574,985,116,2023-06-13,1,38.92,20,PayPal,31.14
6575,372,132,2023-10-01,1,335.34,5,Cash,318.57
6576,991,116,2023-11-20,3,324.79,10,Cash,876.93
6577,814,111,2023-07-05,4,463.17,0,PayPal,1852.68
6578,714,226,2023-04-29,1,179.57,10,Card,161.61
6579,736,388,2023-10-04,4,280.38,20,Cash,897.22
6580,989,358,2023-03-28,2,256.26,0,UPI,512.52
6581,360,416,2023-09-22,2,105.81,5,PayPal,201.04
6582,205,41,2023-06-20,1,95.81,15,PayPal,81.44
6583,263,386,2023-11-21,3,7.2,5,UPI,20.52
6584,648,201,2024-06-28,4,210.45,0,Cash,841.8
6585,288,358,2023-12-24,3,476.96,5,PayPal,1359.34
6586,768,375,2025-04-24,3,319.37,20,Cash,766.49
6587,141,331,2023-06-13,5,42.67,5,PayPal,202.68
6588,543,294,2025-04-20,5,15.48,20,Cash,61.92
6589,85,233,2023-10-21,4,443.92,15,Cash,1509.33
6590,708,259,2024-07-16,2,72.55,15,UPI,123.33
6591,24,321,2023-04-16,4,242.42,15,UPI,824.23
6592,28,246,2025-02-19,1,392.2,10,UPI,352.98
6593,452,229,2024-04-29,2,438.12,15,Card,744.8
6594,731,405,2024-03-19,1,119.08,15,PayPal,101.22
6595,328,64,2023-07-10,5,190.47,15,Card,809.5
6596,128,97,2025-02-03,4,261.98,0,Card,1047.92
6597,602,345,2024-02-10,5,403.19,0,Cash,2015.95
6598,443,31,2024-05-31,2,71.94,15,PayPal,122.3
6599,137,272,2023-06-26,2,275.76,0,Cash,551.52
6600,29,332,2024-03-18,3,13.66,20,PayPal,32.78
6601,787,231,2025-06-09,1,453.92,10,UPI,408.53
6602,494,374,2023-02-18,1,76.4,15,Cash,64.94
6603,161,169,2025-03-11,1,259.76,5,Cash,246.77
6604,591,312,2025-04-07,4,132.78,0,Card,531.12
6605,687,383,2023-01-01,3,136.15,0,Card,408.45
6606,437,230,2023-04-03,1,181.58,0,Cash,181.58
6607,962,86,2024-10-05,3,365.99,0,PayPal,1097.97
6608,994,128,2024-05-28,1,28.33,10,UPI,25.5
6609,371,466,2025-03-03,4,429.5,20,PayPal,1374.4
6610,308,199,2023-12-16,3,468.9,10,UPI,1266.03
6611,9,159,2024-09-14,4,256.1,10,PayPal,921.96
6612,753,3,2023-12-17,4,56.25,5,Cash,213.75
6613,170,141,2025-02-13,2,452.14,5,UPI,859.07
6614,584,380,2023-11-19,3,31.25,10,Cash,84.38
6615,787,157,2023-08-18,4,271.26,5,Cash,1030.79
6616,757,313,2023-09-16,1,157.54,0,PayPal,157.54
6617,737,20,2024-03-29,2,145.45,15,UPI,247.26
6618,264,24,2024-07-01,4,14.43,10,Cash,51.95
6619,917,358,2023-07-25,4,290.59,15,Cash,988.01
6620,668,488,2023-10-02,3,365.7,20,PayPal,877.68
6621,318,237,2023-12-01,3,346.27,20,Card,831.05
6622,232,287,2024-03-09,3,334.39,0,Cash,1003.17
6623,9,359,2024-01-25,4,279.04,0,UPI,1116.16
6624,2,471,2024-07-26,1,45.73,5,Card,43.44
6625,868,322,2024-01-12,2,315.17,10,PayPal,567.31
6626,66,76,2023-03-16,5,392.31,15,UPI,1667.32
6627,752,481,2023-01-30,3,160.64,5,PayPal,457.82
6628,281,447,2024-11-04,2,194.4,0,PayPal,388.8
6629,555,210,2024-06-21,1,71.28,0,PayPal,71.28
6630,949,53,2023-02-03,1,10.86,5,Cash,10.32
6631,231,337,2023-12-18,1,208.26,5,Card,197.85
6632,377,194,2024-02-17,4,183.46,15,Cash,623.76
6633,849,379,2025-05-20,1,369.06,0,PayPal,369.06
6634,152,228,2024-10-06,1,259.26,5,PayPal,246.3
6635,831,268,2024-01-27,4,10.79,15,UPI,36.69
6636,217,353,2024-05-17,1,393.33,0,PayPal,393.33
6637,839,356,2024-01-01,3,450.23,20,UPI,1080.55
6638,315,189,2023-09-15,5,157.2,15,Card,668.1
6639,420,339,2025-03-07,5,365.6,0,Cash,1828.0
6640,585,142,2025-02-23,2,391.82,20,PayPal,626.91
6641,742,245,2024-12-01,2,122.83,0,PayPal,245.66
6642,25,306,2023-09-01,3,441.08,0,Cash,1323.24
6643,331,39,2024-05-18,1,455.72,15,Cash,387.36
6644,832,110,2024-12-05,4,452.56,0,UPI,1810.24
6645,900,154,2024-04-26,1,218.23,0,UPI,218.23
6646,600,41,2025-03-05,2,390.36,15,Card,663.61
6647,542,64,2024-02-04,3,170.72,5,PayPal,486.55
6648,162,232,2024-07-24,2,339.51,0,PayPal,679.02
6649,814,470,2025-05-26,2,397.06,0,Cash,794.12
6650,974,223,2024-11-29,2,9.47,0,UPI,18.94
6651,13,19,2023-03-03,4,221.73,0,Card,886.92
6652,40,68,2024-02-06,2,77.33,15,PayPal,131.46
6653,855,241,2025-01-26,3,342.72,20,Card,822.53
6654,201,289,2025-01-18,3,392.76,5,Cash,1119.37
6655,111,493,2023-05-01,3,293.88,10,Card,793.48
6656,47,305,2023-02-27,1,190.15,5,Cash,180.64
6657,824,409,2024-02-02,1,105.76,10,Card,95.18
6658,366,317,2023-09-11,2,414.69,20,UPI,663.5
6659,357,435,2024-08-09,4,329.06,15,Card,1118.8
6660,416,279,2025-02-20,4,75.17,10,PayPal,270.61
6661,737,70,2023-05-25,5,52.54,20,Cash,210.16
6662,785,483,2023-01-03,5,187.41,15,Card,796.49
6663,561,65,2025-03-02,5,401.88,10,Cash,1808.46
6664,431,161,2023-08-19,3,76.31,5,PayPal,217.48
6665,466,214,2024-05-24,5,428.56,0,Cash,2142.8
6666,208,262,2023-08-31,3,204.8,5,Cash,583.68
6667,373,176,2024-06-21,2,314.91,0,Card,629.82
6668,245,397,2024-09-06,1,17.92,5,PayPal,17.02
6669,120,234,2025-03-18,4,20.59,20,Card,65.89
6670,647,381,2024-05-23,1,292.08,0,UPI,292.08
6671,153,257,2024-03-21,4,421.3,5,Cash,1600.94
6672,498,195,2023-06-29,4,402.28,10,Cash,1448.21
6673,611,301,2023-03-10,5,278.99,0,Cash,1394.95
6674,232,173,2024-01-12,2,92.77,20,Card,148.43
6675,845,147,2025-06-01,2,345.12,10,PayPal,621.22
6676,985,121,2025-05-09,2,11.09,10,PayPal,19.96
6677,589,423,2023-07-07,1,131.58,15,Card,111.84
6678,94,39,2024-11-09,3,418.62,20,UPI,1004.69
6679,483,457,2023-12-08,2,367.1,15,Cash,624.07
6680,714,2,2024-05-07,4,271.89,0,UPI,1087.56
6681,46,51,2024-02-04,1,390.34,10,Cash,351.31
6682,103,477,2023-09-23,3,292.88,10,PayPal,790.78
6683,156,335,2025-01-12,5,119.05,0,PayPal,595.25
6684,870,385,2024-02-08,5,180.4,0,Card,902.0
6685,132,398,2025-01-03,1,262.81,10,Card,236.53
6686,221,210,2025-03-27,3,54.95,0,PayPal,164.85
6687,250,322,2023-12-18,2,246.86,5,Card,469.03
6688,130,452,2023-01-05,2,434.14,5,PayPal,824.87
6689,156,352,2023-08-28,2,52.61,0,UPI,105.22
6690,412,196,2024-12-16,1,209.98,10,PayPal,188.98
6691,16,478,2025-03-13,5,387.52,5,PayPal,1840.72
6692,71,297,2023-12-09,4,348.42,10,Card,1254.31
6693,479,414,2023-01-03,4,189.07,5,PayPal,718.47
6694,822,62,2024-05-30,2,448.95,10,UPI,808.11
6695,718,230,2024-02-08,1,425.23,20,PayPal,340.18
6696,478,179,2023-07-20,2,285.24,15,PayPal,484.91
6697,279,321,2024-09-27,5,129.34,20,Cash,517.36
6698,948,434,2023-12-15,3,386.34,20,PayPal,927.22
6699,263,184,2024-01-12,2,18.44,10,PayPal,33.19
6700,320,468,2025-05-18,1,267.29,10,Cash,240.56
6701,1,482,2023-08-30,1,238.3,20,Card,190.64
6702,618,339,2023-12-31,5,458.3,5,PayPal,2176.92
6703,602,348,2023-04-22,5,82.9,5,PayPal,393.77
6704,148,422,2024-10-08,5,392.28,5,UPI,1863.33
6705,685,342,2023-12-19,5,201.06,0,UPI,1005.3
6706,862,317,2023-01-19,3,32.29,5,PayPal,92.03
6707,816,296,2023-06-18,5,499.79,20,Cash,1999.16
6708,767,199,2023-08-20,1,289.07,20,Cash,231.26
6709,265,291,2024-12-09,1,110.49,20,Card,88.39
6710,48,165,2023-12-13,5,391.15,10,Card,1760.17
6711,383,52,2023-11-24,5,21.43,20,Card,85.72
6712,119,46,2024-11-08,2,281.19,5,Card,534.26
6713,54,131,2024-09-18,2,362.98,5,UPI,689.66
6714,23,238,2023-07-06,3,83.85,0,PayPal,251.55
6715,361,283,2024-09-02,1,109.28,15,Card,92.89
6716,230,175,2023-03-01,1,16.8,15,PayPal,14.28
6717,514,145,2024-12-11,5,19.84,15,PayPal,84.32
6718,604,482,2024-09-28,1,382.38,10,Cash,344.14
6719,752,462,2024-01-15,2,229.78,15,UPI,390.63
6720,743,382,2023-06-24,1,200.12,0,Card,200.12
6721,85,80,2024-09-02,2,469.41,15,Card,798.0
6722,426,94,2025-01-05,2,303.29,0,Card,606.58
6723,714,158,2023-01-19,3,466.51,15,Cash,1189.6
6724,842,128,2024-05-05,3,274.97,0,PayPal,824.91
6725,719,446,2023-10-18,5,111.1,0,Card,555.5
6726,520,422,2023-07-04,3,253.81,5,Card,723.36
6727,149,19,2024-01-17,3,446.56,10,Card,1205.71
6728,217,458,2025-01-14,5,131.72,15,Card,559.81
6729,363,89,2023-07-11,4,356.39,20,PayPal,1140.45
6730,205,175,2024-10-22,4,409.65,5,Card,1556.67
6731,263,205,2023-06-25,1,235.18,20,PayPal,188.14
6732,585,255,2025-06-04,1,95.1,15,UPI,80.83
6733,728,319,2024-07-14,3,120.8,0,PayPal,362.4
6734,359,464,2025-02-21,3,343.08,5,Cash,977.78
6735,929,444,2024-07-15,2,346.49,5,Card,658.33
6736,985,144,2023-03-25,3,182.32,20,UPI,437.57
6737,459,87,2024-04-20,5,389.56,0,Cash,1947.8
6738,760,33,2024-10-01,4,261.59,10,PayPal,941.72
6739,139,181,2024-10-13,1,276.45,20,Cash,221.16
6740,750,454,2025-02-21,1,467.98,5,Cash,444.58
6741,379,206,2023-03-17,1,224.11,10,UPI,201.7
6742,455,123,2023-09-24,1,335.74,15,Card,285.38
6743,644,279,2023-12-31,4,384.29,15,Card,1306.59
6744,431,59,2023-04-23,1,169.86,5,PayPal,161.37
6745,59,334,2023-03-20,2,289.77,15,Card,492.61
6746,502,286,2024-12-24,5,263.24,5,PayPal,1250.39
6747,683,359,2023-10-11,1,52.52,15,Card,44.64
6748,999,403,2024-08-19,2,57.31,0,Card,114.62
6749,469,165,2023-12-19,1,68.88,20,PayPal,55.1
6750,475,222,2024-01-04,2,96.81,5,Card,183.94
6751,493,35,2024-11-17,3,418.09,10,UPI,1128.84
6752,1000,253,2025-04-17,1,366.43,20,UPI,293.14
6753,243,1,2023-02-06,3,83.33,15,PayPal,212.49
6754,332,260,2023-06-14,4,408.33,20,Card,1306.66
6755,876,232,2023-03-20,5,296.29,5,UPI,1407.38
6756,579,437,2024-06-22,2,240.17,10,UPI,432.31
6757,528,434,2024-12-18,3,40.07,20,Cash,96.17
6758,724,83,2025-06-08,5,258.18,15,Card,1097.27
6759,926,36,2025-03-08,5,179.2,20,Card,716.8
6760,241,52,2023-12-06,3,376.91,10,UPI,1017.66
6761,382,484,2025-05-29,4,29.25,0,UPI,117.0
6762,85,379,2025-04-02,3,347.13,10,Card,937.25
6763,299,455,2024-09-06,2,225.49,10,PayPal,405.88
6764,663,264,2023-11-06,5,116.53,20,Cash,466.12
6765,49,405,2023-07-16,5,449.95,10,Card,2024.78
6766,9,178,2024-04-05,2,390.57,20,PayPal,624.91
6767,821,8,2024-01-19,4,194.01,0,UPI,776.04
6768,588,152,2023-08-01,4,231.03,10,Card,831.71
6769,719,168,2024-01-11,3,484.07,15,Cash,1234.38
6770,975,209,2023-10-08,3,184.27,5,Card,525.17
6771,135,223,2023-12-14,2,269.18,5,UPI,511.44
6772,991,167,2023-07-25,2,90.48,15,Cash,153.82
6773,497,395,2024-03-27,4,262.48,15,PayPal,892.43
6774,265,252,2024-03-12,5,229.48,10,Card,1032.66
6775,742,216,2023-06-09,3,114.13,5,Cash,325.27
6776,144,48,2024-04-11,4,486.9,5,Cash,1850.22
6777,388,314,2024-09-01,1,445.84,10,UPI,401.26
6778,408,384,2023-04-05,2,40.89,10,Cash,73.6
6779,459,264,2023-09-15,5,434.25,5,Card,2062.69
6780,778,377,2023-06-08,4,266.03,10,Card,957.71
6781,478,49,2024-10-01,5,343.68,15,PayPal,1460.64
6782,587,332,2024-09-11,2,260.87,10,PayPal,469.57
6783,829,467,2025-02-04,3,123.9,10,UPI,334.53
6784,334,484,2023-11-14,5,12.05,5,UPI,57.24
6785,531,428,2025-05-08,4,277.12,10,UPI,997.63
6786,69,128,2024-10-06,4,153.41,10,Card,552.28
6787,260,477,2024-05-13,3,481.76,0,PayPal,1445.28
6788,267,175,2023-07-21,4,62.47,5,PayPal,237.39
6789,83,28,2025-05-12,2,455.63,5,Cash,865.7
6790,971,149,2025-03-19,5,357.36,5,Cash,1697.46
6791,433,445,2023-02-08,1,87.99,15,UPI,74.79
6792,371,36,2024-02-22,3,277.85,10,Card,750.2
6793,767,204,2023-10-14,2,204.69,20,Card,327.5
6794,966,145,2025-03-30,5,248.09,20,PayPal,992.36
6795,843,136,2024-02-10,1,416.89,10,UPI,375.2
6796,980,283,2024-07-03,3,18.49,10,Card,49.92
6797,12,197,2025-04-22,3,287.08,10,Cash,775.12
6798,119,120,2024-04-27,5,352.7,20,UPI,1410.8
6799,499,309,2024-07-04,3,37.69,0,PayPal,113.07
6800,293,299,2024-09-21,3,35.5,10,Card,95.85
6801,161,497,2025-02-16,2,406.57,0,Cash,813.14
6802,518,94,2023-07-26,4,371.85,20,Card,1189.92
6803,70,74,2023-03-13,4,499.58,20,UPI,1598.66
6804,730,420,2025-04-09,3,7.87,10,PayPal,21.25
6805,61,227,2023-08-10,1,78.41,10,PayPal,70.57
6806,92,301,2023-07-02,5,158.8,0,PayPal,794.0
6807,295,262,2024-05-10,5,86.84,20,PayPal,347.36
6808,593,338,2024-09-25,5,30.81,5,Card,146.35
6809,440,274,2023-03-06,5,84.61,0,Card,423.05
6810,572,352,2023-08-29,2,400.66,20,Cash,641.06
6811,29,102,2024-09-23,3,339.54,15,PayPal,865.83
6812,347,80,2025-03-06,5,320.72,5,PayPal,1523.42
6813,65,133,2024-01-13,3,354.08,15,Cash,902.9
6814,206,276,2024-08-04,5,404.75,5,UPI,1922.56
6815,996,472,2024-12-11,1,225.5,20,PayPal,180.4
6816,592,204,2023-01-20,2,368.97,20,UPI,590.35
6817,815,147,2024-01-08,2,445.06,0,PayPal,890.12
6818,812,401,2025-02-06,1,103.24,5,PayPal,98.08
6819,403,24,2025-02-26,1,471.04,5,UPI,447.49
6820,649,307,2024-06-20,1,21.11,15,UPI,17.94
6821,959,146,2023-10-28,5,195.47,15,UPI,830.75
6822,450,119,2024-10-01,1,108.88,20,Card,87.1
6823,323,479,2024-10-14,1,269.08,15,UPI,228.72
6824,820,46,2024-07-22,3,487.92,20,PayPal,1171.01
6825,463,389,2023-02-20,5,313.09,0,Cash,1565.45
6826,453,143,2023-07-09,2,57.78,5,UPI,109.78
6827,72,407,2023-05-31,3,324.85,10,Cash,877.1
6828,392,332,2023-06-25,1,351.94,5,UPI,334.34
6829,801,318,2024-01-03,1,179.3,20,PayPal,143.44
6830,980,307,2024-03-11,2,66.19,10,UPI,119.14
6831,254,1,2023-10-14,2,307.34,15,Card,522.48
6832,27,174,2023-06-21,2,157.15,15,Card,267.16
6833,533,39,2023-08-30,3,491.02,10,Cash,1325.75
6834,686,417,2024-02-11,5,461.72,0,Cash,2308.6
6835,276,166,2025-04-14,3,325.71,15,PayPal,830.56
6836,138,178,2023-12-12,4,247.93,0,UPI,991.72
6837,185,170,2023-11-11,4,441.72,20,Cash,1413.5
6838,731,95,2024-05-15,2,460.14,15,Card,782.24
6839,229,369,2024-02-07,2,446.53,5,PayPal,848.41
6840,708,415,2023-03-27,1,263.86,0,UPI,263.86
6841,52,37,2023-06-13,3,244.49,10,UPI,660.12
6842,363,325,2024-11-16,1,405.43,15,PayPal,344.62
6843,422,187,2024-10-04,2,240.53,10,Card,432.95
6844,329,24,2024-11-16,1,301.13,5,Card,286.07
6845,993,343,2023-11-20,5,7.59,0,UPI,37.95
6846,192,148,2024-02-28,4,23.85,0,UPI,95.4
6847,488,167,2025-05-24,2,304.56,0,Cash,609.12
6848,882,236,2024-01-06,4,11.77,15,UPI,40.02
6849,898,261,2023-03-22,4,19.69,0,Card,78.76
6850,957,383,2025-04-25,3,483.94,15,Cash,1234.05
6851,481,409,2024-04-15,2,109.63,5,Card,208.3
6852,241,430,2023-07-01,1,150.86,15,Card,128.23
6853,528,282,2023-11-23,5,73.24,10,PayPal,329.58
6854,363,489,2023-10-07,2,418.77,10,UPI,753.79
6855,589,324,2024-11-30,1,488.55,10,PayPal,439.69
6856,8,405,2024-09-02,4,40.75,10,Card,146.7
6857,569,194,2024-04-24,5,478.16,20,Card,1912.64
6858,338,318,2023-10-12,1,197.58,10,UPI,177.82
6859,574,322,2023-10-20,3,479.23,10,PayPal,1293.92
6860,911,185,2025-01-05,4,421.48,15,PayPal,1433.03
6861,580,404,2025-06-04,1,231.06,0,PayPal,231.06
6862,561,335,2024-05-13,2,110.38,20,PayPal,176.61
6863,952,279,2024-08-27,4,43.99,0,Card,175.96
6864,743,450,2024-10-24,5,332.07,10,UPI,1494.32
6865,797,297,2023-09-06,1,370.63,10,Cash,333.57
6866,124,262,2023-09-30,1,256.41,15,Cash,217.95
6867,330,376,2024-03-05,4,334.81,0,Cash,1339.24
6868,477,259,2024-10-29,3,181.22,10,UPI,489.29
6869,807,233,2024-01-21,1,437.99,20,Card,350.39
6870,38,356,2024-05-07,1,301.02,20,PayPal,240.82
6871,572,336,2025-05-29,3,413.97,0,Card,1241.91
6872,523,26,2024-12-14,4,175.29,5,Cash,666.1
6873,996,150,2023-08-24,2,200.36,10,PayPal,360.65
6874,229,416,2024-06-24,2,13.29,5,Card,25.25
6875,173,212,2024-09-10,1,152.26,20,UPI,121.81
6876,845,71,2023-08-25,2,186.16,5,PayPal,353.7
6877,248,472,2024-09-14,2,306.21,20,Cash,489.94
6878,256,348,2025-04-29,2,159.94,20,PayPal,255.9
6879,756,104,2025-04-02,3,456.48,0,Card,1369.44
6880,803,212,2023-07-08,1,55.03,0,UPI,55.03
6881,681,371,2023-06-10,2,9.01,20,PayPal,14.42
6882,934,176,2024-01-12,3,21.2,5,PayPal,60.42
6883,400,241,2024-02-12,3,471.2,0,Card,1413.6
6884,591,333,2024-02-25,2,302.77,0,UPI,605.54
6885,157,129,2024-01-04,5,410.21,5,PayPal,1948.5
6886,682,360,2023-07-13,5,46.14,0,UPI,230.7
6887,100,45,2024-03-22,1,273.56,0,Cash,273.56
6888,32,203,2023-11-12,4,215.26,20,PayPal,688.83
6889,55,372,2024-06-18,5,345.33,5,Card,1640.32
6890,692,278,2023-03-16,3,367.2,5,UPI,1046.52
6891,411,324,2023-06-26,4,371.22,20,PayPal,1187.9
6892,340,82,2023-05-27,4,94.42,20,UPI,302.14
6893,525,28,2024-12-01,4,365.9,10,PayPal,1317.24
6894,539,69,2023-08-24,3,223.41,0,PayPal,670.23
6895,794,444,2023-12-31,1,254.95,5,Cash,242.2
6896,281,400,2023-12-24,4,493.28,5,PayPal,1874.46
6897,521,416,2024-06-07,4,57.84,15,PayPal,196.66
6898,62,119,2023-10-26,4,185.5,20,PayPal,593.6
6899,594,489,2023-12-26,2,17.12,10,Cash,30.82
6900,667,340,2023-06-15,4,358.8,20,Cash,1148.16
6901,248,40,2023-03-17,2,364.03,5,Card,691.66
6902,91,417,2023-01-04,3,113.47,20,Cash,272.33
6903,599,5,2023-01-20,2,39.94,10,Card,71.89
6904,685,477,2024-06-18,3,425.25,15,UPI,1084.39
6905,709,314,2023-05-31,2,300.63,20,PayPal,481.01
6906,637,255,2024-12-16,3,171.22,0,Card,513.66
6907,279,361,2023-05-01,2,163.71,10,UPI,294.68
6908,551,168,2023-04-04,1,132.25,5,PayPal,125.64
6909,402,409,2024-06-12,5,124.64,15,Card,529.72
6910,466,409,2024-06-05,3,188.43,15,UPI,480.5
6911,536,100,2024-02-16,5,111.16,5,PayPal,528.01
6912,794,232,2023-07-30,3,153.83,15,Card,392.27
6913,179,346,2025-01-12,2,346.3,0,UPI,692.6
6914,791,227,2024-08-30,3,417.12,0,Cash,1251.36
6915,47,275,2023-07-31,1,319.2,5,Card,303.24
6916,325,488,2023-12-26,2,162.06,20,PayPal,259.3
6917,216,358,2023-01-01,5,445.26,15,PayPal,1892.36
6918,867,340,2023-03-26,5,45.46,20,Card,181.84
6919,584,445,2024-03-08,2,345.17,10,UPI,621.31
6920,852,447,2024-05-18,2,166.56,15,Card,283.15
6921,973,305,2025-05-14,2,271.6,15,Card,461.72
6922,748,498,2023-09-18,2,334.35,10,Card,601.83
6923,806,221,2023-11-19,5,346.12,15,UPI,1471.01
6924,503,223,2024-06-17,4,442.26,5,Cash,1680.59
6925,453,72,2024-02-29,3,9.65,5,UPI,27.5
6926,973,343,2024-07-02,4,30.69,15,PayPal,104.35
6927,943,5,2024-05-21,3,149.73,10,PayPal,404.27
6928,429,431,2024-11-02,5,190.07,15,Card,807.8
6929,393,227,2024-12-25,1,467.69,0,UPI,467.69
6930,730,220,2023-10-22,5,439.88,20,Card,1759.52
6931,557,37,2024-11-25,1,11.25,10,Cash,10.12
6932,899,473,2024-11-23,4,145.38,5,Cash,552.44
6933,395,382,2024-12-16,1,147.62,20,UPI,118.1
6934,189,390,2023-07-03,5,477.43,15,Card,2029.08
6935,613,232,2023-09-20,4,69.71,10,PayPal,250.96
6936,594,206,2023-05-28,1,84.17,15,PayPal,71.54
6937,268,110,2023-09-16,4,464.47,5,PayPal,1764.99
6938,96,182,2024-07-13,5,286.56,10,PayPal,1289.52
6939,400,298,2024-06-27,4,476.31,10,UPI,1714.72
6940,341,418,2024-09-19,1,38.82,5,Cash,36.88
6941,963,484,2023-04-04,1,348.75,0,UPI,348.75
6942,361,395,2024-08-15,5,360.81,0,UPI,1804.05
6943,374,465,2024-08-07,5,482.1,10,Cash,2169.45
6944,438,116,2023-05-13,4,171.23,15,PayPal,582.18
6945,499,267,2023-09-11,3,372.03,10,Cash,1004.48
6946,829,293,2023-05-21,4,364.17,0,Cash,1456.68
6947,266,168,2024-09-05,2,483.03,5,UPI,917.76
6948,753,253,2024-11-04,3,228.17,15,UPI,581.83
6949,318,174,2023-06-11,5,286.54,20,PayPal,1146.16
6950,60,145,2025-02-22,2,301.55,5,UPI,572.95
6951,922,422,2024-05-23,1,413.06,15,Cash,351.1
6952,37,15,2024-11-01,1,344.7,10,Card,310.23
6953,933,459,2024-07-09,5,313.12,5,UPI,1487.32
6954,48,78,2023-11-18,3,438.39,0,PayPal,1315.17
6955,867,199,2023-01-10,4,34.52,5,Card,131.18
6956,719,370,2024-03-05,5,369.94,0,Cash,1849.7
6957,205,335,2024-07-09,4,380.04,10,Card,1368.14
6958,713,336,2024-05-03,3,252.35,0,Card,757.05
6959,373,191,2025-03-21,4,293.57,20,Card,939.42
6960,766,110,2023-07-23,2,353.68,20,Card,565.89
6961,241,236,2023-07-16,1,51.4,10,Card,46.26
6962,223,96,2024-04-11,2,193.03,15,PayPal,328.15
6963,711,429,2023-09-12,4,379.79,15,Card,1291.29
6964,785,385,2025-05-09,1,317.61,20,Card,254.09
6965,582,324,2024-01-05,2,266.24,20,Card,425.98
6966,337,324,2024-06-21,3,430.12,0,Card,1290.36
6967,439,374,2023-03-15,4,185.68,15,Card,631.31
6968,281,57,2023-02-05,5,143.24,15,Cash,608.77
6969,703,275,2023-03-04,4,475.27,15,UPI,1615.92
6970,15,402,2024-10-02,1,99.37,0,PayPal,99.37
6971,317,338,2024-12-29,5,150.25,10,Cash,676.12
6972,933,134,2023-05-26,4,342.9,5,PayPal,1303.02
6973,584,479,2023-03-26,4,292.32,5,Card,1110.82
6974,436,481,2024-05-12,5,146.9,20,Card,587.6
6975,502,293,2024-09-28,3,367.83,0,Cash,1103.49
6976,573,38,2023-12-09,4,480.08,0,UPI,1920.32
6977,285,34,2025-06-03,4,161.04,5,UPI,611.95
6978,749,358,2024-04-09,4,31.24,5,Card,118.71
6979,865,408,2023-02-21,5,477.95,20,Cash,1911.8
6980,347,140,2024-03-08,2,96.59,10,UPI,173.86
6981,938,70,2023-07-09,2,467.29,15,Card,794.39
6982,979,291,2023-04-01,4,279.47,15,PayPal,950.2
6983,89,214,2023-06-12,5,118.16,5,UPI,561.26
6984,506,464,2023-08-20,1,159.49,20,Cash,127.59
6985,595,460,2024-04-05,5,485.71,0,PayPal,2428.55
6986,818,3,2023-05-22,5,429.14,10,Cash,1931.13
6987,351,2,2024-05-10,1,368.53,20,UPI,294.82
6988,543,463,2025-05-04,2,255.47,10,Cash,459.85
6989,152,416,2023-12-31,3,344.77,20,UPI,827.45
6990,570,277,2023-06-20,2,182.12,0,Cash,364.24
6991,216,77,2024-11-26,4,487.24,5,Cash,1851.51
6992,484,490,2025-05-28,4,138.11,20,Card,441.95
6993,272,78,2024-03-19,2,489.95,0,Card,979.9
6994,304,71,2024-11-14,3,149.19,15,PayPal,380.43
6995,300,491,2024-01-05,3,82.78,5,Cash,235.92
6996,76,478,2023-12-14,1,297.62,10,PayPal,267.86
6997,504,452,2023-07-24,1,139.9,5,Cash,132.91
6998,554,67,2025-02-02,4,299.29,5,Card,1137.3
6999,934,314,2023-01-05,3,177.1,15,PayPal,451.6
7000,893,328,2023-02-04,2,102.6,15,Card,174.42
7001,481,69,2023-01-08,4,55.64,5,UPI,211.43
7002,544,486,2025-02-17,4,258.82,5,Card,983.52
7003,326,484,2025-01-27,3,25.47,15,Card,64.95
7004,188,152,2023-07-04,1,109.49,15,Cash,93.07
7005,235,202,2024-07-23,5,172.95,0,Cash,864.75
7006,198,434,2025-04-26,3,420.14,15,Cash,1071.36
7007,219,399,2025-05-25,3,35.84,15,Cash,91.39
7008,957,183,2024-06-17,1,8.52,5,Cash,8.09
7009,403,156,2023-09-28,5,61.43,10,PayPal,276.44
7010,469,188,2024-11-16,1,325.79,15,UPI,276.92
7011,573,454,2024-04-21,4,60.4,5,Card,229.52
7012,792,114,2023-11-30,4,182.05,5,Card,691.79
7013,627,473,2023-04-15,5,448.56,20,Cash,1794.24
7014,383,231,2023-06-02,2,224.72,15,UPI,382.02
7015,634,101,2023-11-29,5,123.52,5,Card,586.72
7016,316,313,2024-08-13,5,149.67,10,Card,673.51
7017,879,170,2025-01-05,4,166.47,15,Card,566.0
7018,882,478,2023-06-29,2,72.99,5,Card,138.68
7019,574,89,2024-06-07,2,493.36,15,UPI,838.71
7020,88,365,2024-12-03,2,405.9,5,Cash,771.21
7021,185,446,2025-02-23,1,229.83,10,Cash,206.85
7022,583,112,2023-11-08,3,346.07,5,Cash,986.3
7023,534,431,2023-11-16,1,401.38,5,UPI,381.31
7024,753,432,2023-02-27,2,116.69,20,UPI,186.7
7025,501,332,2023-02-23,5,335.55,10,Card,1509.98
7026,204,13,2025-04-05,1,229.11,5,UPI,217.65
7027,251,48,2024-08-26,2,252.68,0,Cash,505.36
7028,2,60,2024-09-01,2,7.43,15,UPI,12.63
7029,913,205,2023-06-01,3,442.92,15,Cash,1129.45
7030,836,440,2023-03-07,1,309.77,15,UPI,263.3
7031,378,317,2023-11-03,4,324.17,10,UPI,1167.01
7032,302,44,2025-04-15,2,401.09,0,Card,802.18
7033,298,270,2024-03-12,4,417.38,10,Card,1502.57
7034,956,14,2025-05-23,5,353.21,0,Cash,1766.05
7035,179,158,2025-02-21,2,136.89,0,Card,273.78
7036,419,287,2023-04-20,5,144.38,0,UPI,721.9
7037,806,353,2024-10-11,5,223.2,5,PayPal,1060.2
7038,474,71,2025-03-09,2,150.94,0,Cash,301.88
7039,241,359,2025-03-24,2,492.82,5,Card,936.36
7040,302,245,2024-10-04,3,431.17,15,PayPal,1099.48
7041,978,181,2025-04-04,4,323.19,10,PayPal,1163.48
7042,237,383,2024-07-01,3,253.18,10,PayPal,683.59
7043,51,258,2023-06-30,4,470.2,0,PayPal,1880.8
7044,489,488,2023-10-17,5,152.01,0,Card,760.05
7045,431,463,2023-06-23,2,449.13,15,UPI,763.52
7046,352,408,2023-04-01,3,488.68,5,Cash,1392.74
7047,458,433,2024-09-09,2,458.11,20,PayPal,732.98
7048,289,117,2023-05-07,4,453.35,5,Card,1722.73
7049,108,435,2024-10-04,3,415.88,20,PayPal,998.11
7050,554,263,2023-02-24,1,358.63,0,Cash,358.63
7051,374,161,2025-05-08,3,192.53,20,PayPal,462.07
7052,352,154,2025-04-15,3,116.93,0,Cash,350.79
7053,868,55,2023-07-02,2,438.16,5,Card,832.5
7054,328,74,2025-06-09,5,354.91,5,Cash,1685.82
7055,453,469,2023-08-18,2,281.49,0,Cash,562.98
7056,367,407,2025-05-01,3,140.14,0,Card,420.42
7057,32,394,2024-06-15,4,234.04,15,PayPal,795.74
7058,347,406,2024-08-21,4,437.9,20,PayPal,1401.28
7059,826,308,2024-06-20,5,119.83,10,UPI,539.24
7060,15,106,2023-05-29,3,343.59,15,Cash,876.15
7061,310,411,2023-09-14,4,317.25,0,Card,1269.0
7062,813,401,2024-12-16,1,374.32,20,PayPal,299.46
7063,605,457,2024-11-30,3,191.98,0,UPI,575.94
7064,340,418,2025-03-04,1,168.83,15,PayPal,143.51
7065,407,415,2023-01-08,1,236.33,20,UPI,189.06
7066,384,287,2024-04-08,1,331.69,10,PayPal,298.52
7067,692,323,2025-01-21,3,320.5,10,UPI,865.35
7068,963,201,2024-01-08,2,83.68,20,UPI,133.89
7069,999,256,2023-11-02,4,173.13,5,UPI,657.89
7070,964,264,2024-02-05,2,204.62,20,Card,327.39
7071,461,197,2024-05-19,1,420.68,10,Card,378.61
7072,953,361,2023-07-27,5,322.9,15,PayPal,1372.33
7073,591,322,2025-05-02,5,455.99,15,Cash,1937.96
7074,442,348,2024-10-01,1,189.62,20,Card,151.7
7075,911,162,2024-10-13,2,52.78,10,Card,95.0
7076,237,485,2024-03-23,1,251.18,10,Card,226.06
7077,64,79,2023-03-06,5,42.75,5,PayPal,203.06
7078,523,360,2025-02-10,5,485.34,10,UPI,2184.03
7079,421,441,2023-09-24,4,262.56,15,UPI,892.7
7080,400,162,2024-02-05,2,114.04,5,Card,216.68
7081,73,30,2023-02-12,4,432.59,5,Card,1643.84
7082,689,71,2023-07-24,4,228.13,15,PayPal,775.64
7083,366,264,2023-02-24,3,350.72,20,UPI,841.73
7084,55,234,2024-07-27,2,255.08,0,PayPal,510.16
7085,489,483,2023-04-04,2,22.09,10,Card,39.76
7086,856,109,2023-04-09,5,153.78,15,Card,653.56
7087,179,147,2023-03-01,2,419.82,0,Card,839.64
7088,512,233,2023-12-06,4,468.13,5,Card,1778.89
7089,113,388,2024-07-21,5,309.79,20,UPI,1239.16
7090,900,336,2024-05-21,4,165.12,5,Card,627.46
7091,655,457,2024-08-08,2,25.4,10,PayPal,45.72
7092,723,128,2023-06-26,2,101.54,15,PayPal,172.62
7093,213,249,2024-04-23,1,97.81,20,Cash,78.25
7094,202,73,2023-09-07,1,214.97,15,UPI,182.72
7095,659,127,2024-04-03,4,187.78,15,UPI,638.45
7096,842,326,2024-02-22,1,319.37,10,Card,287.43
7097,572,357,2025-03-12,5,228.75,20,PayPal,915.0
7098,33,374,2023-11-16,2,398.73,20,UPI,637.97
7099,491,360,2023-09-02,3,98.96,5,Card,282.04
7100,599,336,2024-12-11,5,461.13,0,Card,2305.65
7101,101,159,2024-01-31,1,265.06,10,UPI,238.55
7102,531,137,2024-07-27,5,433.81,0,Cash,2169.05
7103,267,167,2023-09-28,5,228.7,15,PayPal,971.98
7104,750,354,2024-06-26,5,298.35,20,Cash,1193.4
7105,621,27,2023-07-13,3,125.6,10,Cash,339.12
7106,943,226,2024-07-31,5,184.94,20,Cash,739.76
7107,22,317,2025-02-24,2,250.48,15,Card,425.82
7108,354,22,2025-05-25,4,480.87,15,Cash,1634.96
7109,546,37,2025-06-13,2,78.24,5,Cash,148.66
7110,622,445,2023-06-04,1,246.27,20,UPI,197.02
7111,948,397,2025-02-05,1,146.32,10,PayPal,131.69
7112,380,293,2024-03-25,3,414.79,20,Cash,995.5
7113,775,111,2024-10-22,2,98.26,5,Cash,186.69
7114,605,277,2025-04-07,5,210.88,10,PayPal,948.96
7115,188,202,2023-12-12,2,240.31,15,PayPal,408.53
7116,395,418,2023-12-22,5,19.3,5,UPI,91.67
7117,105,133,2024-06-28,1,188.3,0,Cash,188.3
7118,719,326,2023-09-06,1,81.37,20,Cash,65.1
7119,876,141,2023-04-16,1,74.81,20,PayPal,59.85
7120,414,276,2023-11-06,2,188.17,5,UPI,357.52
7121,27,371,2024-04-22,2,383.41,0,Cash,766.82
7122,710,341,2023-09-14,2,102.46,5,UPI,194.67
7123,130,425,2024-04-12,4,383.77,20,UPI,1228.06
7124,706,471,2024-01-05,3,382.68,20,PayPal,918.43
7125,340,250,2025-04-21,3,77.51,15,Card,197.65
7126,358,319,2025-01-08,5,264.04,0,Card,1320.2
7127,137,284,2024-05-15,5,185.67,10,Card,835.51
7128,534,403,2025-03-08,3,217.47,0,UPI,652.41
7129,729,108,2025-04-05,1,304.83,15,Card,259.11
7130,981,224,2024-11-30,5,162.64,10,Cash,731.88
7131,787,124,2023-11-20,2,231.66,5,Card,440.15
7132,470,375,2023-02-07,4,47.4,0,Card,189.6
7133,308,171,2024-09-25,3,29.4,5,Cash,83.79
7134,649,87,2025-03-04,2,265.57,10,UPI,478.03
7135,612,459,2024-01-07,4,28.1,10,Card,101.16
7136,82,345,2024-01-29,1,382.62,15,UPI,325.23
7137,495,5,2024-07-21,1,310.79,0,UPI,310.79
7138,482,3,2025-06-06,4,230.88,0,Card,923.52
7139,20,92,2024-01-16,5,320.7,5,Card,1523.32
7140,388,204,2024-01-21,2,329.01,15,Card,559.32
7141,901,366,2024-04-24,4,111.14,15,UPI,377.88
7142,111,62,2025-04-28,2,12.94,0,Card,25.88
7143,991,20,2024-09-21,2,383.33,10,UPI,689.99
7144,75,96,2025-04-10,2,176.07,10,Cash,316.93
7145,283,461,2024-09-29,2,214.37,15,PayPal,364.43
7146,472,9,2023-04-09,5,246.66,5,PayPal,1171.63
7147,812,10,2023-02-14,2,427.88,15,PayPal,727.4
7148,554,489,2024-12-26,2,419.58,10,PayPal,755.24
7149,518,283,2023-04-17,1,86.13,5,PayPal,81.82
7150,553,6,2023-01-13,4,117.33,5,UPI,445.85
7151,119,390,2023-08-01,2,429.28,0,PayPal,858.56
7152,261,69,2023-02-20,5,252.75,0,UPI,1263.75
7153,175,23,2024-04-24,4,69.54,0,Card,278.16
7154,687,296,2024-03-01,2,433.02,0,PayPal,866.04
7155,20,307,2023-12-20,3,130.01,0,Cash,390.03
7156,431,409,2025-04-01,2,232.26,20,UPI,371.62
7157,76,71,2024-10-25,5,302.66,20,Card,1210.64
7158,235,143,2024-02-27,1,208.21,15,UPI,176.98
7159,343,469,2023-06-15,1,230.04,20,Card,184.03
7160,750,91,2025-06-11,4,389.89,15,UPI,1325.63
7161,678,87,2023-04-17,5,475.68,0,PayPal,2378.4
7162,136,67,2023-01-20,3,394.12,0,UPI,1182.36
7163,258,255,2023-09-26,3,53.76,20,Card,129.02
7164,826,380,2024-02-26,2,52.61,10,UPI,94.7
7165,70,475,2023-10-30,1,28.64,0,UPI,28.64
7166,361,151,2023-03-15,4,390.37,5,Cash,1483.41
7167,828,430,2025-06-16,1,496.94,20,Cash,397.55
7168,209,344,2023-11-03,4,77.52,15,PayPal,263.57
7169,20,359,2025-04-27,4,483.12,0,UPI,1932.48
7170,596,69,2023-03-20,3,464.78,10,UPI,1254.91
7171,549,186,2023-03-18,4,40.47,15,Card,137.6
7172,818,153,2024-12-01,3,376.29,5,UPI,1072.43
7173,269,351,2023-10-31,4,200.11,15,PayPal,680.37
7174,143,332,2025-04-16,5,247.16,15,UPI,1050.43
7175,989,296,2023-08-01,2,91.29,15,Card,155.19
7176,229,410,2023-03-11,2,144.58,20,Cash,231.33
7177,3,43,2025-05-09,5,367.01,15,PayPal,1559.79
7178,146,7,2024-06-06,2,272.6,15,Card,463.42
7179,376,190,2025-04-25,2,371.08,20,Card,593.73
7180,977,230,2025-01-23,5,384.76,20,Card,1539.04
7181,735,365,2024-05-31,4,321.42,10,Cash,1157.11
7182,622,373,2023-04-24,2,73.51,0,PayPal,147.02
7183,496,302,2024-10-23,2,200.18,0,Card,400.36
7184,455,83,2023-07-25,1,242.91,5,PayPal,230.76
7185,329,193,2023-11-17,5,407.56,20,Cash,1630.24
7186,402,85,2024-06-18,3,389.92,20,Cash,935.81
7187,675,300,2023-01-16,3,204.04,5,PayPal,581.51
7188,822,457,2023-01-14,4,475.28,20,Cash,1520.9
7189,886,443,2025-04-07,4,461.72,20,Cash,1477.5
7190,782,106,2025-04-13,2,328.38,0,Cash,656.76
7191,632,465,2023-11-23,4,440.35,5,Card,1673.33
7192,91,434,2023-05-20,2,42.24,20,UPI,67.58
7193,400,12,2023-09-17,5,185.14,15,PayPal,786.84
7194,737,96,2024-04-12,3,354.26,5,Card,1009.64
7195,711,242,2024-04-18,2,86.03,5,Cash,163.46
7196,861,154,2024-08-26,3,416.35,10,PayPal,1124.15
7197,553,122,2023-02-25,3,163.26,20,Cash,391.82
7198,72,202,2023-04-30,3,207.27,10,UPI,559.63
7199,186,259,2025-01-21,3,144.31,20,PayPal,346.34
7200,835,424,2024-03-20,3,261.03,10,UPI,704.78
7201,959,189,2024-06-08,4,393.38,15,Card,1337.49
7202,21,344,2024-12-29,1,241.7,0,Cash,241.7
7203,823,129,2023-05-21,4,67.15,5,Card,255.17
7204,319,324,2025-06-05,2,52.99,15,PayPal,90.08
7205,534,478,2025-03-22,4,245.01,20,UPI,784.03
7206,60,473,2024-06-12,4,141.63,10,Card,509.87
7207,522,401,2025-03-17,4,122.29,15,Card,415.79
7208,93,121,2024-12-20,3,472.71,0,Card,1418.13
7209,952,435,2024-06-07,1,180.6,15,Card,153.51
7210,363,36,2024-01-05,3,481.82,20,Cash,1156.37
7211,291,197,2024-11-27,3,389.19,5,Cash,1109.19
7212,976,231,2025-02-25,4,152.82,0,UPI,611.28
7213,749,97,2023-04-12,5,137.57,10,Card,619.06
7214,722,30,2023-09-08,2,301.58,15,Cash,512.69
7215,183,49,2024-03-25,3,178.5,5,PayPal,508.72
7216,191,355,2024-05-27,5,84.76,10,PayPal,381.42
7217,518,109,2025-03-28,1,234.67,20,Cash,187.74
7218,824,422,2025-01-07,4,21.83,10,UPI,78.59
7219,788,458,2024-02-26,1,129.85,10,PayPal,116.86
7220,192,327,2023-04-11,5,292.1,5,UPI,1387.47
7221,373,468,2024-10-22,5,323.39,20,Card,1293.56
7222,586,481,2023-12-02,1,392.57,10,PayPal,353.31
7223,35,296,2024-04-24,1,326.91,5,PayPal,310.56
7224,642,198,2023-02-21,2,495.46,15,UPI,842.28
7225,639,238,2023-03-21,4,115.08,15,Cash,391.27
7226,283,14,2024-11-21,1,405.41,20,Cash,324.33
7227,199,157,2025-05-12,2,318.42,10,UPI,573.16
7228,274,90,2024-12-23,4,229.0,20,Card,732.8
7229,631,406,2024-05-31,3,291.72,5,Cash,831.4
7230,757,181,2023-09-01,2,264.55,15,UPI,449.74
7231,797,351,2025-03-28,5,487.11,0,Cash,2435.55
7232,708,153,2023-08-30,3,34.91,15,UPI,89.02
7233,218,440,2024-04-03,4,82.68,20,PayPal,264.58
7234,392,419,2024-02-26,5,285.66,15,PayPal,1214.06
7235,911,259,2023-12-24,1,316.09,20,UPI,252.87
7236,119,438,2025-04-09,1,183.2,15,UPI,155.72
7237,752,349,2025-02-14,4,474.53,5,Card,1803.21
7238,820,261,2023-03-26,2,116.49,10,Card,209.68
7239,347,462,2024-05-14,4,329.15,10,Card,1184.94
7240,657,160,2024-05-13,2,352.98,20,Cash,564.77
7241,741,86,2025-03-13,4,161.63,0,Cash,646.52
7242,487,484,2024-01-22,3,486.03,5,Card,1385.19
7243,468,415,2023-10-15,4,54.83,20,PayPal,175.46
7244,463,130,2024-11-28,4,141.4,20,Cash,452.48
7245,674,418,2025-03-02,2,299.15,5,Cash,568.38
7246,462,363,2023-10-23,5,312.29,5,Cash,1483.38
7247,939,113,2024-12-06,3,460.04,20,PayPal,1104.1
7248,216,115,2024-04-01,1,357.74,15,UPI,304.08
7249,774,228,2025-04-26,1,122.06,15,PayPal,103.75
7250,743,73,2023-05-02,2,220.14,0,Cash,440.28
7251,379,429,2025-05-07,2,318.35,5,Cash,604.87
7252,798,495,2023-08-29,2,154.0,10,UPI,277.2
7253,395,453,2023-09-13,1,405.11,0,PayPal,405.11
7254,318,348,2024-04-26,2,137.2,20,PayPal,219.52
7255,720,216,2024-04-29,1,102.25,20,Cash,81.8
7256,879,448,2023-05-10,5,303.93,10,PayPal,1367.69
7257,725,81,2024-06-11,3,280.71,5,UPI,800.02
7258,458,138,2025-03-11,2,165.0,20,Card,264.0
7259,541,382,2024-09-25,4,415.35,0,UPI,1661.4
7260,14,342,2023-04-03,3,78.59,10,Cash,212.19
7261,84,493,2025-01-02,1,452.13,20,Cash,361.7
7262,525,168,2023-07-07,2,48.38,10,Cash,87.08
7263,213,93,2023-07-30,2,270.7,15,UPI,460.19
7264,312,104,2023-07-01,5,473.31,5,Cash,2248.22
7265,23,325,2024-03-11,4,360.24,20,PayPal,1152.77
7266,222,405,2025-01-20,1,93.88,20,PayPal,75.1
7267,293,314,2024-12-15,2,354.04,10,Cash,637.27
7268,882,129,2024-12-16,3,475.26,5,UPI,1354.49
7269,848,359,2023-10-18,1,111.28,15,PayPal,94.59
7270,450,172,2025-03-12,4,333.78,20,Card,1068.1
7271,951,305,2024-04-03,2,174.61,15,Card,296.84
7272,54,138,2024-09-03,1,154.4,10,Card,138.96
7273,479,321,2023-12-17,3,495.72,5,PayPal,1412.8
7274,527,261,2024-01-23,5,423.98,20,PayPal,1695.92
7275,859,183,2024-08-18,3,468.14,0,UPI,1404.42
7276,87,432,2023-04-29,1,172.15,15,UPI,146.33
7277,18,219,2024-08-17,3,46.72,15,UPI,119.14
7278,46,382,2023-12-31,4,414.19,5,UPI,1573.92
7279,839,327,2025-06-03,5,344.96,5,PayPal,1638.56
7280,114,365,2023-08-19,2,357.57,15,Card,607.87
7281,290,95,2023-07-25,1,174.28,0,UPI,174.28
7282,462,147,2023-06-21,5,95.98,15,Cash,407.92
7283,903,310,2024-04-13,4,351.22,15,Cash,1194.15
7284,316,362,2024-08-07,2,353.34,5,UPI,671.35
7285,520,483,2024-05-16,3,201.73,5,PayPal,574.93
7286,626,172,2024-03-01,4,456.0,10,UPI,1641.6
7287,88,207,2024-12-25,2,435.33,10,Card,783.59
7288,456,39,2024-01-26,4,262.99,20,Card,841.57
7289,830,405,2025-04-14,4,149.11,15,Card,506.97
7290,578,299,2023-01-12,4,303.06,15,UPI,1030.4
7291,254,194,2025-06-05,3,273.17,0,Card,819.51
7292,863,106,2024-06-12,5,438.63,5,Cash,2083.49
7293,736,81,2025-02-13,1,180.24,0,UPI,180.24
7294,537,298,2024-11-08,5,475.46,5,PayPal,2258.43
7295,983,255,2024-06-30,4,387.51,10,UPI,1395.04
7296,639,495,2024-11-12,2,351.28,20,PayPal,562.05
7297,346,118,2024-10-21,4,111.64,10,PayPal,401.9
7298,895,78,2023-09-03,4,497.94,10,Cash,1792.58
7299,933,67,2025-04-11,3,356.65,20,Card,855.96
7300,880,423,2024-01-22,4,482.58,20,PayPal,1544.26
7301,43,246,2024-10-10,2,152.94,5,UPI,290.59
7302,590,398,2023-01-24,1,358.53,20,Cash,286.82
7303,494,309,2024-12-05,2,257.88,0,Cash,515.76
7304,687,411,2023-06-09,1,258.2,5,PayPal,245.29
7305,977,52,2024-06-16,2,276.47,20,PayPal,442.35
7306,44,102,2023-12-05,2,62.87,20,Cash,100.59
7307,459,174,2023-02-19,3,464.28,20,UPI,1114.27
7308,519,223,2024-02-23,5,32.74,15,UPI,139.15
7309,818,180,2025-03-04,1,221.45,10,PayPal,199.31
7310,48,404,2024-05-26,4,359.93,20,UPI,1151.78
7311,410,282,2024-10-10,4,469.58,5,Card,1784.4
7312,546,463,2025-04-18,3,214.58,5,Card,611.55
7313,129,69,2024-09-22,1,101.4,5,Card,96.33
7314,320,428,2023-04-24,4,37.13,10,PayPal,133.67
7315,469,177,2024-02-26,5,493.91,15,UPI,2099.12
7316,912,452,2024-08-05,1,116.56,0,Cash,116.56
7317,135,448,2023-04-27,5,470.81,15,UPI,2000.94
7318,743,355,2023-03-10,3,52.2,15,UPI,133.11
7319,760,492,2025-02-01,2,41.39,10,Card,74.5
7320,582,206,2025-04-22,1,278.71,10,Card,250.84
7321,256,1,2024-05-30,4,365.36,15,UPI,1242.22
7322,552,492,2024-01-17,2,449.04,0,Cash,898.08
7323,399,23,2023-04-19,5,46.49,15,Cash,197.58
7324,642,162,2025-06-18,5,225.49,20,Cash,901.96
7325,391,142,2023-10-02,1,415.17,10,Cash,373.65
7326,408,18,2023-09-28,5,143.93,5,UPI,683.67
7327,27,448,2024-01-07,2,259.9,5,PayPal,493.81
7328,587,471,2025-03-31,4,280.2,5,UPI,1064.76
7329,960,293,2024-05-18,3,466.08,10,PayPal,1258.42
7330,495,500,2024-10-10,3,122.38,15,Card,312.07
7331,244,123,2024-01-17,4,486.29,20,PayPal,1556.13
7332,238,200,2024-04-08,4,446.53,10,PayPal,1607.51
7333,968,468,2024-11-20,3,454.02,5,UPI,1293.96
7334,59,225,2024-08-12,1,247.36,0,Cash,247.36
7335,570,302,2024-02-23,5,85.12,5,PayPal,404.32
7336,154,479,2023-08-14,5,443.89,10,Card,1997.5
7337,670,372,2023-06-15,5,60.07,10,Cash,270.32
7338,286,234,2024-09-05,1,396.21,15,UPI,336.78
7339,424,76,2023-09-19,1,371.6,5,PayPal,353.02
7340,317,291,2023-09-04,1,412.45,5,PayPal,391.83
7341,937,90,2024-11-09,5,150.76,10,Cash,678.42
7342,272,319,2023-09-28,2,304.74,20,PayPal,487.58
7343,358,295,2023-10-11,4,399.78,15,UPI,1359.25
7344,391,406,2023-01-07,2,492.61,10,PayPal,886.7
7345,104,283,2025-01-03,3,300.82,20,Card,721.97
7346,103,310,2023-06-01,3,332.94,0,PayPal,998.82
7347,674,355,2023-06-24,4,32.34,5,PayPal,122.89
7348,667,38,2024-10-10,5,459.78,5,UPI,2183.95
7349,131,151,2023-09-14,5,203.08,15,Card,863.09
7350,187,482,2024-02-28,3,317.77,15,Cash,810.31
7351,19,224,2025-01-06,2,117.08,20,PayPal,187.33
7352,699,177,2024-09-04,2,305.73,5,Cash,580.89
7353,578,402,2023-09-17,4,94.36,20,Cash,301.95
7354,228,498,2023-05-11,4,227.59,20,Card,728.29
7355,225,271,2024-08-04,3,401.99,5,Card,1145.67
7356,837,62,2024-08-23,3,326.08,15,PayPal,831.5
7357,212,431,2024-02-14,2,384.98,10,Card,692.96
7358,752,114,2024-10-03,4,269.37,10,UPI,969.73
7359,970,338,2024-12-04,4,14.95,0,Cash,59.8
7360,894,186,2024-12-19,2,73.49,0,Card,146.98
7361,324,395,2023-08-04,1,128.27,0,PayPal,128.27
7362,269,420,2024-10-23,3,290.46,15,PayPal,740.67
7363,900,321,2024-06-12,5,59.07,5,UPI,280.58
7364,136,124,2025-04-16,5,340.21,5,UPI,1616.0
7365,234,151,2025-03-28,2,235.18,20,Cash,376.29
7366,759,469,2023-07-11,5,437.73,20,Card,1750.92
7367,903,470,2023-12-06,5,180.06,10,UPI,810.27
7368,105,47,2024-07-07,3,363.04,0,PayPal,1089.12
7369,239,398,2025-04-04,2,163.68,10,UPI,294.62
7370,62,105,2024-03-13,5,310.47,0,PayPal,1552.35
7371,699,404,2024-03-24,4,471.79,20,PayPal,1509.73
7372,789,229,2024-08-27,2,361.5,10,UPI,650.7
7373,16,147,2023-04-19,4,485.32,20,Cash,1553.02
7374,270,214,2025-03-10,2,143.37,0,PayPal,286.74
7375,631,348,2025-02-05,1,394.14,20,Card,315.31
7376,690,472,2023-05-24,5,135.68,0,Card,678.4
7377,750,251,2023-10-27,2,227.67,15,UPI,387.04
7378,730,416,2024-07-30,4,174.68,10,Card,628.85
7379,997,463,2024-12-28,2,111.55,10,Cash,200.79
7380,253,130,2024-10-11,2,167.77,20,Card,268.43
7381,28,60,2023-11-05,4,170.04,0,Cash,680.16
7382,683,478,2023-05-06,5,86.77,15,PayPal,368.77
7383,329,263,2025-03-18,3,179.74,0,Card,539.22
7384,134,406,2024-05-01,4,152.15,5,UPI,578.17
7385,247,484,2024-06-14,4,195.64,15,Cash,665.18
7386,175,75,2024-05-12,4,394.26,10,UPI,1419.34
7387,958,119,2023-08-02,3,109.45,10,Cash,295.52
7388,270,81,2025-02-22,5,82.36,20,UPI,329.44
7389,223,198,2023-09-06,3,125.72,0,Cash,377.16
7390,388,217,2024-05-17,3,429.83,10,Card,1160.54
7391,640,497,2024-04-11,3,487.23,15,UPI,1242.44
7392,55,190,2023-05-02,3,353.59,10,Cash,954.69
7393,472,379,2024-10-18,1,329.65,0,Cash,329.65
7394,167,175,2023-03-26,4,112.79,10,Card,406.04
7395,524,196,2023-08-29,3,153.34,20,UPI,368.02
7396,37,15,2023-09-30,2,166.92,20,Card,267.07
7397,571,424,2024-07-28,3,377.8,10,Card,1020.06
7398,13,341,2023-11-16,5,373.83,15,UPI,1588.78
7399,492,127,2024-11-05,2,312.17,10,PayPal,561.91
7400,278,33,2024-03-03,5,230.96,5,Card,1097.06
7401,626,232,2024-01-19,3,325.6,0,PayPal,976.8
7402,596,110,2024-12-05,1,267.21,5,Cash,253.85
7403,699,142,2023-10-02,1,348.47,10,Cash,313.62
7404,977,492,2024-01-30,3,214.96,15,PayPal,548.15
7405,743,399,2023-12-19,4,39.02,5,Cash,148.28
7406,336,285,2023-12-09,1,402.23,20,UPI,321.78
7407,625,230,2024-04-05,1,389.86,15,Cash,331.38
7408,480,242,2024-04-06,3,147.06,10,UPI,397.06
7409,105,375,2023-01-09,5,177.75,20,UPI,711.0
7410,122,334,2023-11-05,2,464.58,0,Cash,929.16
7411,88,231,2024-05-03,1,356.59,0,Card,356.59
7412,320,29,2024-06-03,3,30.22,0,Cash,90.66
7413,92,400,2023-02-16,3,455.61,5,PayPal,1298.49
7414,902,335,2024-11-17,4,120.39,0,PayPal,481.56
7415,613,181,2023-07-03,4,446.71,10,PayPal,1608.16
7416,228,86,2024-10-01,2,177.7,5,UPI,337.63
7417,680,74,2024-04-01,2,51.83,5,UPI,98.48
7418,536,245,2025-02-15,2,99.42,5,Card,188.9
7419,813,437,2024-07-31,1,227.06,15,Card,193.0
7420,718,59,2024-06-24,5,384.89,10,Cash,1732.0
7421,6,163,2024-02-23,2,322.62,5,PayPal,612.98
7422,599,168,2025-04-10,1,145.42,15,Cash,123.61
7423,713,34,2023-09-02,2,309.32,5,PayPal,587.71
7424,920,109,2024-07-16,1,302.77,10,PayPal,272.49
7425,21,196,2024-02-11,2,190.25,10,Cash,342.45
7426,305,118,2025-05-22,4,234.55,10,Card,844.38
7427,504,135,2023-07-21,3,177.04,10,UPI,478.01
7428,984,139,2024-09-16,2,459.03,5,Card,872.16
7429,696,117,2023-06-12,5,77.64,5,PayPal,368.79
7430,553,283,2025-04-20,4,55.3,15,Cash,188.02
7431,995,78,2023-08-26,1,320.34,20,UPI,256.27
7432,668,51,2024-11-13,4,469.95,5,Card,1785.81
7433,518,229,2024-10-27,5,255.89,20,PayPal,1023.56
7434,138,466,2023-08-18,1,104.76,10,Card,94.28
7435,807,435,2024-03-03,3,236.21,10,PayPal,637.77
7436,554,43,2023-04-07,4,234.0,10,Card,842.4
7437,417,288,2024-06-09,3,285.71,10,Card,771.42
7438,211,454,2024-03-15,5,159.8,15,Card,679.15
7439,912,490,2024-03-11,5,241.68,20,UPI,966.72
7440,896,56,2023-10-11,5,182.13,5,Cash,865.12
7441,727,3,2023-09-16,1,129.29,10,PayPal,116.36
7442,250,354,2023-09-25,1,123.86,5,Card,117.67
7443,686,332,2025-05-13,1,200.91,10,Cash,180.82
7444,255,137,2025-06-17,1,106.47,10,PayPal,95.82
7445,51,16,2025-05-14,3,205.7,10,Card,555.39
7446,524,475,2024-12-29,1,274.62,10,PayPal,247.16
7447,681,389,2023-03-02,4,497.43,20,Card,1591.78
7448,268,44,2025-03-29,1,451.33,10,Card,406.2
7449,904,297,2024-01-05,3,298.21,15,Cash,760.44
7450,525,241,2025-01-23,2,396.72,10,Cash,714.1
7451,872,336,2024-08-24,2,431.81,0,PayPal,863.62
7452,357,138,2023-06-23,3,221.01,10,Card,596.73
7453,513,312,2024-06-17,5,321.37,10,Card,1446.16
7454,888,144,2023-02-08,5,63.73,10,PayPal,286.78
7455,500,161,2023-01-23,4,439.19,5,PayPal,1668.92
7456,369,102,2023-02-19,4,195.49,5,PayPal,742.86
7457,807,441,2024-11-02,5,19.07,15,UPI,81.05
7458,807,304,2024-05-18,4,146.97,10,Card,529.09
7459,575,118,2024-02-15,4,141.59,20,Cash,453.09
7460,953,113,2024-02-01,5,488.19,15,UPI,2074.81
7461,17,259,2023-02-28,3,224.25,20,PayPal,538.2
7462,798,489,2025-04-02,2,461.17,0,Card,922.34
7463,612,499,2024-12-03,4,369.4,20,UPI,1182.08
7464,691,455,2024-02-05,4,241.23,0,UPI,964.92
7465,169,158,2024-10-31,4,299.32,20,Card,957.82
7466,366,22,2024-02-26,5,198.04,20,Cash,792.16
7467,278,79,2024-01-08,1,202.65,5,Card,192.52
7468,291,56,2025-04-21,4,168.52,15,PayPal,572.97
7469,352,214,2024-07-22,2,258.24,15,UPI,439.01
7470,551,317,2025-01-15,1,126.38,15,UPI,107.42
7471,411,206,2023-04-26,3,79.88,15,PayPal,203.69
7472,319,203,2023-09-05,1,370.0,10,Cash,333.0
7473,792,75,2023-02-12,1,151.03,5,Card,143.48
7474,600,157,2024-07-18,5,229.73,0,Card,1148.65
7475,53,297,2024-02-25,3,323.56,20,PayPal,776.54
7476,402,289,2024-04-22,5,106.03,15,Cash,450.63
7477,895,414,2023-03-29,3,6.39,10,PayPal,17.25
7478,522,367,2023-09-19,4,20.02,20,Cash,64.06
7479,142,500,2023-10-12,1,274.7,5,UPI,260.96
7480,533,376,2024-05-21,1,330.29,0,UPI,330.29
7481,985,481,2023-07-09,3,175.59,20,Card,421.42
7482,740,467,2023-01-03,4,193.58,5,Card,735.6
7483,900,10,2023-07-10,4,146.84,10,PayPal,528.62
7484,159,344,2024-02-15,1,271.24,5,UPI,257.68
7485,38,339,2025-04-21,4,166.04,20,Card,531.33
7486,361,331,2025-02-04,5,452.54,20,Card,1810.16
7487,636,383,2023-08-23,4,261.59,0,Card,1046.36
7488,80,253,2024-07-17,3,299.65,10,UPI,809.05
7489,445,482,2024-12-09,5,276.54,10,PayPal,1244.43
7490,739,312,2023-04-18,5,413.65,5,Cash,1964.84
7491,589,259,2024-05-26,1,383.32,20,UPI,306.66
7492,651,348,2025-01-10,2,119.05,5,Card,226.19
7493,595,146,2024-11-02,2,75.36,5,Cash,143.18
7494,592,443,2025-01-06,2,238.42,20,Cash,381.47
7495,829,93,2023-10-20,5,475.37,15,UPI,2020.32
7496,128,440,2023-07-25,5,442.96,5,PayPal,2104.06
7497,610,315,2023-02-11,1,45.11,20,PayPal,36.09
7498,609,23,2024-05-22,2,275.07,15,Cash,467.62
7499,359,188,2023-09-01,5,243.01,5,Cash,1154.3
7500,850,444,2024-11-16,3,269.34,10,UPI,727.22
7501,249,477,2024-07-18,4,116.15,20,PayPal,371.68
7502,295,280,2023-02-13,1,407.26,5,UPI,386.9
7503,614,7,2025-02-03,2,271.73,20,UPI,434.77
7504,539,381,2023-10-06,4,71.76,0,UPI,287.04
7505,189,426,2024-09-09,2,346.82,15,Card,589.59
7506,205,178,2024-10-01,4,471.28,10,Card,1696.61
7507,15,184,2023-09-24,1,462.95,15,PayPal,393.51
7508,139,22,2024-01-14,1,10.85,0,PayPal,10.85
7509,108,300,2024-02-11,5,243.55,20,Cash,974.2
7510,133,427,2023-06-05,4,123.36,20,PayPal,394.75
7511,306,94,2024-11-17,1,396.12,15,UPI,336.7
7512,489,139,2023-10-23,3,342.43,20,Card,821.83
7513,824,419,2024-01-10,2,312.46,15,UPI,531.18
7514,594,360,2024-11-29,1,318.09,0,UPI,318.09
7515,561,156,2023-01-15,5,149.75,15,Card,636.44
7516,31,226,2024-04-29,5,39.13,15,Card,166.3
7517,195,180,2023-11-03,1,47.54,15,Cash,40.41
7518,712,202,2023-07-29,3,191.84,5,PayPal,546.74
7519,214,158,2023-10-31,1,331.77,20,PayPal,265.42
7520,218,148,2023-05-23,3,336.98,0,PayPal,1010.94
7521,502,429,2023-01-15,5,42.46,5,PayPal,201.69
7522,504,440,2023-02-27,4,348.66,10,Card,1255.18
7523,629,398,2023-05-25,5,98.48,0,UPI,492.4
7524,4,387,2023-12-28,3,51.58,15,PayPal,131.53
7525,405,429,2023-10-04,4,308.12,5,PayPal,1170.86
7526,604,340,2025-03-06,3,267.96,15,Card,683.3
7527,92,231,2023-09-17,4,377.88,5,Card,1435.94
7528,341,88,2023-04-11,3,403.46,5,PayPal,1149.86
7529,674,388,2023-12-03,1,164.37,15,PayPal,139.71
7530,990,327,2023-05-24,1,167.46,10,UPI,150.71
7531,899,179,2024-08-02,1,131.59,15,Cash,111.85
7532,232,255,2025-06-17,4,160.84,10,Card,579.02
7533,109,168,2024-10-08,5,125.54,0,PayPal,627.7
7534,775,462,2024-09-06,4,38.74,5,Cash,147.21
7535,362,292,2023-02-14,4,199.74,20,UPI,639.17
7536,289,411,2024-07-17,1,30.0,0,Cash,30.0
7537,250,129,2025-02-28,1,345.59,10,Card,311.03
7538,707,130,2023-09-21,2,257.75,10,PayPal,463.95
7539,592,271,2025-01-06,2,411.4,0,UPI,822.8
7540,712,195,2023-08-16,5,389.84,0,PayPal,1949.2
7541,988,158,2024-04-04,4,235.73,0,Cash,942.92
7542,491,434,2023-04-05,2,457.67,15,PayPal,778.04
7543,50,335,2023-12-10,2,296.87,15,Cash,504.68
7544,753,182,2023-03-28,5,161.98,10,Card,728.91
7545,126,300,2023-04-30,5,145.64,20,PayPal,582.56
7546,91,166,2023-09-29,1,380.05,20,Cash,304.04
7547,145,480,2023-07-07,5,329.73,0,Cash,1648.65
7548,766,29,2024-08-15,1,376.82,0,Cash,376.82
7549,556,445,2023-01-31,2,468.29,15,Card,796.09
7550,386,150,2025-04-20,5,395.67,0,Cash,1978.35
7551,110,438,2025-01-11,1,268.14,10,Cash,241.33
7552,465,374,2024-05-29,2,146.23,15,PayPal,248.59
7553,41,368,2024-12-25,2,177.62,5,PayPal,337.48
7554,208,266,2025-03-13,5,159.7,0,Card,798.5
7555,688,486,2023-11-19,3,178.2,10,Card,481.14
7556,75,286,2023-09-21,1,287.99,15,Cash,244.79
7557,198,165,2025-03-26,2,273.52,5,UPI,519.69
7558,360,293,2024-09-18,1,266.15,0,PayPal,266.15
7559,376,258,2023-03-21,4,452.61,5,Card,1719.92
7560,420,7,2023-01-25,2,258.29,5,PayPal,490.75
7561,173,16,2023-11-29,4,433.54,0,Cash,1734.16
7562,985,2,2024-10-04,5,98.38,0,Card,491.9
7563,155,337,2023-07-08,5,183.92,20,PayPal,735.68
7564,35,477,2023-06-17,4,345.6,10,Cash,1244.16
7565,202,293,2023-11-06,1,91.57,15,PayPal,77.83
7566,951,337,2023-05-01,1,238.34,20,UPI,190.67
7567,464,472,2023-01-17,1,306.61,0,UPI,306.61
7568,1000,33,2024-08-29,2,29.13,10,Cash,52.43
7569,172,195,2023-04-03,5,356.01,20,Cash,1424.04
7570,829,411,2023-10-15,5,470.78,0,Card,2353.9
7571,412,112,2025-03-23,2,389.89,0,Card,779.78
7572,705,223,2023-10-18,3,173.79,0,Card,521.37
7573,909,490,2024-07-17,5,432.28,10,PayPal,1945.26
7574,259,448,2023-04-01,2,476.35,0,PayPal,952.7
7575,99,35,2023-12-16,5,167.24,20,Cash,668.96
7576,563,491,2024-06-12,1,40.47,0,UPI,40.47
7577,300,362,2023-06-23,4,263.44,10,PayPal,948.38
7578,296,261,2024-02-28,3,17.49,10,UPI,47.22
7579,261,443,2025-04-20,4,456.48,5,PayPal,1734.62
7580,249,104,2024-08-20,4,54.13,15,UPI,184.04
7581,598,10,2025-04-13,2,398.6,10,PayPal,717.48
7582,277,63,2023-01-07,1,415.74,10,Card,374.17
7583,655,194,2023-01-06,3,154.44,0,Cash,463.32
7584,262,234,2023-09-19,5,279.09,20,PayPal,1116.36
7585,337,46,2025-03-24,3,348.11,5,Cash,992.11
7586,918,99,2023-02-05,1,399.3,20,PayPal,319.44
7587,887,94,2024-08-04,5,241.57,0,UPI,1207.85
7588,297,182,2024-04-24,2,170.26,0,PayPal,340.52
7589,231,450,2025-04-29,5,467.77,20,PayPal,1871.08
7590,655,165,2023-05-26,4,219.86,20,UPI,703.55
7591,335,351,2023-04-22,4,113.75,20,UPI,364.0
7592,482,179,2023-07-19,4,256.57,10,Card,923.65
7593,615,19,2023-02-09,3,107.28,5,UPI,305.75
7594,540,397,2024-06-30,5,36.15,20,PayPal,144.6
7595,251,249,2025-05-31,1,404.09,5,Card,383.89
7596,365,397,2023-03-15,4,487.49,20,PayPal,1559.97
7597,454,421,2025-04-22,1,311.33,5,PayPal,295.76
7598,572,134,2025-02-22,1,133.31,20,Cash,106.65
7599,101,103,2024-09-18,4,81.1,0,PayPal,324.4
7600,117,137,2023-10-21,4,223.69,0,Card,894.76
7601,369,440,2024-06-02,3,168.79,0,Card,506.37
7602,970,481,2025-03-30,3,150.86,20,Card,362.06
7603,307,98,2025-02-17,4,44.89,20,Card,143.65
7604,565,424,2025-05-27,1,374.22,0,Cash,374.22
7605,991,137,2025-05-22,4,479.59,15,Card,1630.61
7606,939,17,2025-02-23,1,85.58,15,Cash,72.74
7607,337,475,2023-07-27,4,488.41,10,Card,1758.28
7608,104,440,2024-02-28,4,108.25,15,UPI,368.05
7609,781,225,2023-04-15,1,58.12,10,PayPal,52.31
7610,441,403,2024-08-29,4,348.43,10,PayPal,1254.35
7611,947,423,2023-08-17,3,174.93,5,Card,498.55
7612,55,66,2023-08-08,1,95.68,10,UPI,86.11
7613,285,95,2023-09-29,2,190.4,10,Card,342.72
7614,855,376,2024-11-22,1,163.96,5,PayPal,155.76
7615,200,211,2023-03-12,3,168.96,15,UPI,430.85
7616,223,369,2024-09-05,4,325.56,5,PayPal,1237.13
7617,975,227,2023-10-21,2,410.99,20,PayPal,657.58
7618,759,121,2023-02-20,2,209.01,10,Card,376.22
7619,285,467,2024-08-13,2,400.22,5,UPI,760.42
7620,599,34,2023-02-03,1,158.1,10,Cash,142.29
7621,242,450,2023-01-20,4,94.67,20,UPI,302.94
7622,143,102,2023-09-02,3,180.93,15,Card,461.37
7623,410,133,2023-07-16,2,249.59,0,UPI,499.18
7624,649,324,2023-11-27,4,353.13,20,Cash,1130.02
7625,736,67,2024-08-08,4,225.89,20,Cash,722.85
7626,72,43,2024-08-20,3,207.28,5,Card,590.75
7627,687,397,2025-05-02,1,48.78,10,Card,43.9
7628,208,96,2023-06-13,4,278.71,20,PayPal,891.87
7629,974,87,2023-07-03,5,62.26,5,UPI,295.74
7630,868,199,2023-11-30,3,198.78,15,UPI,506.89
7631,666,413,2024-03-06,2,191.3,10,UPI,344.34
7632,997,102,2024-09-26,1,12.51,0,UPI,12.51
7633,991,475,2024-01-21,3,178.36,20,Cash,428.06
7634,271,123,2023-12-12,3,26.38,0,PayPal,79.14
7635,902,75,2024-12-04,3,427.3,5,PayPal,1217.81
7636,160,336,2023-01-26,3,448.24,5,UPI,1277.48
7637,48,129,2024-12-08,3,290.91,10,Card,785.46
7638,187,49,2023-04-13,4,328.27,20,Cash,1050.46
7639,415,48,2025-04-18,2,84.64,5,PayPal,160.82
7640,344,454,2024-12-20,2,186.62,20,PayPal,298.59
7641,654,466,2023-08-03,1,361.82,15,Cash,307.55
7642,631,153,2025-01-17,2,76.19,20,UPI,121.9
7643,356,178,2023-11-02,3,353.74,0,Card,1061.22
7644,157,27,2024-08-12,3,256.88,20,Card,616.51
7645,601,214,2023-08-27,1,149.91,15,UPI,127.42
7646,48,242,2025-03-24,5,309.24,0,UPI,1546.2
7647,85,30,2024-03-14,3,13.35,20,PayPal,32.04
7648,208,331,2023-12-11,2,67.49,20,Cash,107.98
7649,153,301,2024-04-04,4,326.29,5,Card,1239.9
7650,846,315,2023-03-28,5,360.17,0,Cash,1800.85
7651,594,329,2025-05-06,5,460.63,15,Card,1957.68
7652,264,127,2023-08-27,5,410.64,5,Card,1950.54
7653,76,146,2024-01-26,1,313.5,15,PayPal,266.47
7654,698,21,2025-02-05,5,44.33,5,Cash,210.57
7655,271,330,2023-08-13,2,268.99,0,PayPal,537.98
7656,285,398,2024-10-13,2,337.0,5,PayPal,640.3
7657,890,107,2023-12-14,2,216.15,5,PayPal,410.69
7658,240,492,2023-01-01,5,26.93,5,UPI,127.92
7659,369,263,2023-03-28,2,179.5,20,Cash,287.2
7660,976,165,2024-05-31,3,258.33,5,PayPal,736.24
7661,347,119,2023-03-06,4,174.61,20,Card,558.75
7662,540,123,2024-09-14,5,305.16,10,Cash,1373.22
7663,335,215,2023-09-11,1,428.7,5,UPI,407.26
7664,450,450,2025-05-26,1,284.7,5,Cash,270.46
7665,33,417,2023-02-23,4,453.75,20,Cash,1452.0
7666,373,240,2025-04-02,5,331.11,15,Cash,1407.22
7667,178,370,2025-05-14,5,230.94,0,PayPal,1154.7
7668,758,453,2024-09-10,4,424.32,20,PayPal,1357.82
7669,981,400,2025-04-10,5,348.27,10,Card,1567.21
7670,51,354,2025-05-07,4,271.85,20,UPI,869.92
7671,272,257,2024-02-16,1,497.86,0,Card,497.86
7672,323,98,2023-07-30,3,384.41,5,UPI,1095.57
7673,930,309,2024-10-22,4,112.66,0,Card,450.64
7674,827,218,2023-06-26,4,108.79,5,PayPal,413.4
7675,565,380,2024-06-19,5,272.55,0,Card,1362.75
7676,986,59,2024-08-01,3,179.72,5,Card,512.2
7677,644,150,2024-01-10,2,373.42,20,PayPal,597.47
7678,439,390,2024-09-19,5,270.6,15,UPI,1150.05
7679,764,467,2024-01-13,3,153.04,5,Card,436.16
7680,511,310,2023-10-12,3,95.48,15,UPI,243.47
7681,282,118,2023-07-22,2,110.99,10,Cash,199.78
7682,144,312,2025-01-25,4,59.95,20,Cash,191.84
7683,797,222,2024-04-07,3,201.69,0,PayPal,605.07
7684,337,173,2024-03-23,1,351.06,15,PayPal,298.4
7685,4,87,2025-05-26,5,35.66,5,Card,169.38
7686,541,65,2024-01-08,4,241.18,5,Card,916.48
7687,545,205,2024-07-28,1,297.36,5,PayPal,282.49
7688,764,221,2024-03-03,5,409.26,15,UPI,1739.36
7689,417,444,2024-11-04,4,459.32,15,UPI,1561.69
7690,90,6,2023-01-26,1,25.13,0,UPI,25.13
7691,240,218,2024-02-27,1,417.94,10,PayPal,376.15
7692,862,347,2024-08-23,2,136.89,0,Cash,273.78
7693,289,113,2024-01-07,4,100.67,5,Cash,382.55
7694,147,212,2023-10-26,2,234.75,20,PayPal,375.6
7695,291,493,2025-05-21,5,156.47,20,PayPal,625.88
7696,237,191,2024-01-15,1,396.29,5,UPI,376.48
7697,267,394,2023-11-04,5,288.69,20,UPI,1154.76
7698,883,53,2023-08-06,1,122.45,15,Card,104.08
7699,402,197,2024-06-12,3,92.25,20,UPI,221.4
7700,978,6,2024-02-02,1,195.35,20,Card,156.28
7701,121,177,2024-10-23,1,57.17,15,PayPal,48.59
7702,424,196,2025-05-25,5,215.89,10,UPI,971.5
7703,13,363,2024-09-28,3,439.95,5,UPI,1253.86
7704,156,260,2024-12-18,1,262.43,20,Cash,209.94
7705,619,17,2024-04-10,5,368.86,5,PayPal,1752.09
7706,968,395,2024-01-16,2,496.28,10,PayPal,893.3
7707,759,160,2024-03-07,1,145.38,20,Card,116.3
7708,224,41,2025-03-30,5,113.8,0,Card,569.0
7709,355,326,2024-08-18,5,118.77,20,Cash,475.08
7710,643,319,2024-03-01,2,419.59,15,Cash,713.3
7711,854,379,2025-01-16,4,203.76,15,UPI,692.78
7712,2,82,2024-05-13,5,309.71,10,PayPal,1393.69
7713,819,406,2023-04-28,3,25.35,5,PayPal,72.25
7714,842,20,2023-04-23,5,357.16,20,UPI,1428.64
7715,835,305,2024-10-25,1,445.39,0,Card,445.39
7716,495,112,2023-12-11,1,89.31,15,UPI,75.91
7717,212,305,2023-12-05,1,55.46,15,UPI,47.14
7718,738,118,2023-12-29,2,337.1,20,UPI,539.36
7719,400,43,2025-04-14,3,266.4,10,PayPal,719.28
7720,849,370,2024-02-26,5,38.24,5,UPI,181.64
7721,197,438,2023-10-19,2,60.17,15,PayPal,102.29
7722,747,354,2025-02-07,4,420.19,0,UPI,1680.76
7723,578,114,2024-05-14,4,315.45,5,PayPal,1198.71
7724,470,443,2025-02-08,2,217.55,20,Cash,348.08
7725,623,304,2023-12-29,2,20.39,5,UPI,38.74
7726,569,55,2023-10-04,5,103.68,5,UPI,492.48
7727,214,187,2023-06-05,2,316.88,0,Cash,633.76
7728,979,108,2025-01-22,1,352.52,10,PayPal,317.27
7729,360,5,2023-01-24,3,169.39,5,Card,482.76
7730,970,31,2023-01-22,4,357.42,5,Cash,1358.2
7731,387,313,2024-07-17,2,416.54,20,PayPal,666.46
7732,920,495,2024-11-15,4,197.5,15,Card,671.5
7733,974,471,2023-09-05,4,338.28,0,PayPal,1353.12
7734,553,48,2023-10-30,4,47.89,5,Cash,181.98
7735,446,472,2023-11-24,2,218.04,15,PayPal,370.67
7736,869,89,2025-04-19,3,157.87,0,UPI,473.61
7737,557,431,2023-05-12,1,423.82,0,PayPal,423.82
7738,352,208,2025-01-23,3,370.1,15,Cash,943.76
7739,626,211,2024-05-07,3,119.51,10,UPI,322.68
7740,459,413,2024-06-09,2,211.12,15,Card,358.9
7741,338,461,2025-04-13,5,307.42,20,Cash,1229.68
7742,869,95,2023-02-20,2,116.29,15,Cash,197.69
7743,258,399,2024-08-12,3,392.39,0,Card,1177.17
7744,18,445,2024-05-28,1,171.96,15,UPI,146.17
7745,919,394,2024-08-06,4,230.72,15,PayPal,784.45
7746,560,171,2024-03-25,5,365.36,0,UPI,1826.8
7747,616,182,2024-10-13,4,320.18,15,Card,1088.61
7748,158,406,2023-04-06,3,283.25,20,Cash,679.8
7749,545,264,2024-07-17,1,304.37,0,UPI,304.37
7750,906,38,2024-01-04,2,355.45,20,UPI,568.72
7751,705,497,2024-06-16,1,265.71,0,Cash,265.71
7752,986,170,2024-05-04,5,420.85,10,UPI,1893.83
7753,124,182,2023-03-16,2,214.81,0,PayPal,429.62
7754,626,255,2023-07-06,4,182.36,15,PayPal,620.02
7755,268,442,2025-04-07,2,476.33,10,PayPal,857.39
7756,823,142,2023-10-26,1,259.05,15,Card,220.19
7757,240,309,2023-07-03,4,392.71,15,Cash,1335.21
7758,873,10,2023-01-08,4,206.31,0,Cash,825.24
7759,412,292,2023-02-04,2,67.99,0,Card,135.98
7760,966,232,2024-07-03,5,318.62,15,Card,1354.13
7761,691,292,2023-07-10,2,78.15,0,PayPal,156.3
7762,309,208,2024-04-27,1,395.38,15,UPI,336.07
7763,744,3,2023-11-14,2,234.27,10,PayPal,421.69
7764,744,318,2023-12-17,1,335.56,20,UPI,268.45
7765,485,478,2024-05-11,2,44.12,15,UPI,75.0
7766,187,191,2024-04-09,1,361.95,15,Card,307.66
7767,242,19,2023-07-08,3,52.69,0,PayPal,158.07
7768,171,449,2024-09-26,4,378.84,20,Cash,1212.29
7769,332,127,2024-12-09,4,41.25,10,UPI,148.5
7770,653,187,2023-03-27,1,492.04,10,PayPal,442.84
7771,644,435,2024-02-29,3,446.38,0,UPI,1339.14
7772,383,191,2024-12-16,2,172.31,5,Card,327.39
7773,675,363,2024-01-03,5,298.62,15,PayPal,1269.13
7774,367,265,2025-02-21,3,271.11,20,PayPal,650.66
7775,413,133,2023-01-21,2,218.58,10,UPI,393.44
7776,166,339,2023-12-14,4,257.93,5,Cash,980.13
7777,715,251,2023-06-29,2,234.53,10,PayPal,422.15
7778,928,445,2023-08-07,1,77.5,15,Cash,65.88
7779,447,383,2023-07-06,4,436.7,15,Card,1484.78
7780,604,333,2024-12-21,5,191.61,0,UPI,958.05
7781,384,142,2023-09-15,1,414.55,20,PayPal,331.64
7782,577,298,2024-02-22,5,74.99,20,PayPal,299.96
7783,66,127,2025-06-03,4,219.69,15,UPI,746.95
7784,55,90,2024-10-01,4,177.12,20,UPI,566.78
7785,2,402,2025-05-16,1,398.97,15,PayPal,339.12
7786,191,112,2024-06-02,1,415.06,15,Cash,352.8
7787,266,83,2025-01-02,1,8.69,10,Cash,7.82
7788,954,264,2024-05-17,5,198.03,5,PayPal,940.64
7789,420,75,2024-07-25,4,254.1,5,UPI,965.58
7790,560,210,2024-10-20,2,470.7,0,UPI,941.4
7791,212,372,2023-10-31,2,85.79,20,Card,137.26
7792,983,345,2023-04-06,1,50.06,5,PayPal,47.56
7793,833,253,2024-08-23,3,344.04,5,UPI,980.51
7794,261,359,2024-05-31,4,15.76,5,Cash,59.89
7795,1,306,2024-01-30,2,242.39,15,UPI,412.06
7796,991,93,2023-12-07,3,18.22,10,PayPal,49.19
7797,567,140,2024-12-28,4,358.32,5,PayPal,1361.62
7798,367,288,2023-12-27,5,17.94,5,Card,85.22
7799,108,473,2025-05-28,5,249.58,5,PayPal,1185.51
7800,994,321,2024-02-04,2,402.98,0,Cash,805.96
7801,945,142,2025-05-08,3,17.27,0,Card,51.81
7802,349,408,2024-03-23,5,23.67,0,PayPal,118.35
7803,782,249,2025-01-06,5,94.55,5,PayPal,449.11
7804,466,363,2025-01-16,3,443.38,15,PayPal,1130.62
7805,445,243,2024-01-04,3,116.45,0,Card,349.35
7806,646,198,2024-08-11,5,298.87,10,Cash,1344.91
7807,156,121,2023-01-30,1,326.25,0,UPI,326.25
7808,497,150,2025-01-20,4,300.71,15,UPI,1022.41
7809,384,447,2024-07-22,3,245.6,0,Card,736.8
7810,274,256,2024-12-02,2,88.69,5,PayPal,168.51
7811,467,352,2023-03-04,4,439.63,0,Card,1758.52
7812,410,426,2024-05-29,3,403.9,20,PayPal,969.36
7813,517,129,2024-09-25,3,368.78,20,PayPal,885.07
7814,99,91,2025-05-11,4,48.32,0,PayPal,193.28
7815,621,404,2024-10-08,2,117.93,5,Cash,224.07
7816,367,3,2024-04-17,5,279.54,5,PayPal,1327.82
7817,80,220,2024-01-10,1,148.49,5,Card,141.07
7818,330,453,2024-01-27,2,384.28,5,Card,730.13
7819,824,435,2024-03-16,4,498.29,10,Card,1793.84
7820,947,253,2023-11-10,5,371.33,5,PayPal,1763.82
7821,664,350,2024-08-17,1,298.1,5,Cash,283.19
7822,689,221,2023-08-02,3,13.65,15,UPI,34.81
7823,79,85,2024-10-22,4,441.36,15,Card,1500.62
7824,390,228,2023-05-11,4,70.52,5,UPI,267.98
7825,858,338,2024-12-07,2,287.15,15,PayPal,488.15
7826,608,337,2023-03-05,5,329.71,20,PayPal,1318.84
7827,235,180,2023-01-03,1,148.37,10,Cash,133.53
7828,60,484,2024-09-21,4,218.36,15,Cash,742.42
7829,943,417,2024-09-07,1,66.62,20,UPI,53.3
7830,966,175,2023-03-20,1,484.22,20,UPI,387.38
7831,896,187,2024-02-19,3,136.95,10,Cash,369.76
7832,754,295,2025-01-25,2,398.54,0,Cash,797.08
7833,930,141,2023-06-14,3,463.05,20,UPI,1111.32
7834,620,114,2025-06-10,3,126.32,20,PayPal,303.17
7835,483,24,2024-01-08,4,470.32,5,Card,1787.22
7836,144,414,2024-07-16,5,210.21,20,PayPal,840.84
7837,818,126,2024-07-05,2,180.2,10,Cash,324.36
7838,448,56,2023-11-20,4,192.39,20,UPI,615.65
7839,604,12,2023-03-31,5,436.58,5,Card,2073.76
7840,807,33,2023-03-28,1,401.27,20,UPI,321.02
7841,508,493,2024-09-19,3,429.53,0,PayPal,1288.59
7842,836,60,2024-03-12,1,274.76,0,UPI,274.76
7843,464,253,2024-01-17,1,129.74,15,Card,110.28
7844,378,396,2023-11-21,5,440.85,0,UPI,2204.25
7845,343,252,2025-01-15,5,32.39,10,Card,145.75
7846,330,69,2025-01-11,1,254.42,15,PayPal,216.26
7847,888,83,2024-02-29,4,347.33,15,Card,1180.92
7848,199,49,2024-02-08,5,488.62,20,Card,1954.48
7849,184,204,2023-06-14,2,126.2,5,Card,239.78
7850,16,165,2023-11-22,1,166.46,0,UPI,166.46
7851,83,405,2023-12-10,4,105.13,5,PayPal,399.49
7852,824,387,2023-06-12,4,98.81,0,Cash,395.24
7853,143,231,2023-03-01,2,429.48,0,Cash,858.96
7854,326,349,2024-03-16,5,238.36,5,PayPal,1132.21
7855,759,397,2024-07-01,3,402.88,20,UPI,966.91
7856,883,483,2023-09-10,5,282.91,5,Card,1343.82
7857,122,196,2023-07-19,3,397.92,5,UPI,1134.07
7858,799,199,2024-01-15,4,73.53,5,UPI,279.41
7859,945,165,2023-08-21,5,456.61,5,UPI,2168.9
7860,253,274,2023-02-23,3,436.47,10,UPI,1178.47
7861,641,192,2025-01-11,5,140.01,0,Card,700.05
7862,964,202,2023-05-12,4,258.79,15,UPI,879.89
7863,558,220,2024-05-30,5,342.9,10,PayPal,1543.05
7864,384,480,2023-01-30,5,170.45,5,PayPal,809.64
7865,70,381,2024-12-06,3,331.44,20,PayPal,795.46
7866,306,120,2025-06-01,2,139.57,10,UPI,251.23
7867,751,446,2024-06-16,1,394.75,15,Card,335.54
7868,842,91,2023-04-09,5,323.07,15,UPI,1373.05
7869,108,211,2024-05-11,3,360.02,20,Card,864.05
7870,430,345,2023-03-04,5,439.38,20,PayPal,1757.52
7871,793,500,2023-07-05,3,25.91,5,PayPal,73.84
7872,165,90,2024-12-19,5,61.92,10,Cash,278.64
7873,970,489,2025-01-12,3,285.91,0,UPI,857.73
7874,702,116,2024-12-02,3,7.75,0,UPI,23.25
7875,88,270,2023-04-10,2,398.37,10,UPI,717.07
7876,400,427,2023-10-21,4,341.04,0,Cash,1364.16
7877,183,325,2024-08-07,1,76.38,10,Cash,68.74
7878,658,95,2023-05-26,2,284.29,20,Cash,454.86
7879,630,424,2024-03-21,1,490.31,5,PayPal,465.79
7880,122,129,2023-04-16,3,251.67,10,Card,679.51
7881,524,354,2023-12-15,5,253.77,15,Cash,1078.52
7882,665,209,2024-02-25,4,79.11,20,Cash,253.15
7883,697,105,2024-08-23,5,391.87,20,UPI,1567.48
7884,285,221,2024-06-19,2,170.79,5,UPI,324.5
7885,500,369,2024-02-01,2,85.84,5,Cash,163.1
7886,268,434,2023-05-01,5,150.51,20,UPI,602.04
7887,190,272,2023-08-22,1,417.55,10,Cash,375.8
7888,982,112,2024-05-14,3,44.97,10,Card,121.42
7889,566,298,2024-12-05,3,118.09,0,Card,354.27
7890,320,382,2024-05-26,4,393.44,0,PayPal,1573.76
7891,380,454,2025-05-17,3,95.45,15,Cash,243.4
7892,707,140,2025-01-26,3,374.34,10,Cash,1010.72
7893,144,175,2025-01-22,4,256.31,10,Cash,922.72
7894,205,320,2025-05-07,1,242.14,10,Cash,217.93
7895,146,202,2023-01-21,2,110.35,20,Card,176.56
7896,781,11,2023-10-06,3,40.71,5,Card,116.02
7897,285,489,2023-04-07,4,96.16,15,Card,326.94
7898,777,324,2023-10-27,3,430.21,0,Card,1290.63
7899,852,288,2024-12-16,3,485.64,5,PayPal,1384.07
7900,745,397,2024-06-05,3,321.57,20,UPI,771.77
7901,128,2,2023-04-19,1,391.02,10,Card,351.92
7902,442,464,2023-04-01,4,364.84,5,UPI,1386.39
7903,411,271,2023-11-29,2,44.59,15,UPI,75.8
7904,494,241,2024-02-17,4,299.39,0,Card,1197.56
7905,845,245,2023-01-09,4,456.01,10,Cash,1641.64
7906,12,199,2023-07-28,1,10.17,5,UPI,9.66
7907,657,329,2023-03-03,2,297.75,5,PayPal,565.73
7908,486,114,2023-01-28,2,444.67,0,PayPal,889.34
7909,23,11,2024-01-19,1,229.4,10,PayPal,206.46
7910,606,149,2024-05-25,5,291.94,20,Cash,1167.76
7911,602,108,2024-07-03,1,323.67,20,Cash,258.94
7912,2,213,2024-04-27,2,45.27,0,UPI,90.54
7913,453,276,2023-10-26,1,431.6,0,Card,431.6
7914,149,499,2024-08-01,1,149.67,0,UPI,149.67
7915,717,88,2024-02-19,5,247.65,0,UPI,1238.25
7916,598,12,2023-07-02,3,277.31,20,Card,665.54
7917,948,149,2023-05-23,1,289.18,0,Card,289.18
7918,725,306,2025-01-01,5,486.45,0,Card,2432.25
7919,714,216,2024-03-10,5,422.54,0,PayPal,2112.7
7920,102,423,2023-05-08,1,377.15,15,PayPal,320.58
7921,413,352,2025-04-30,4,346.86,10,PayPal,1248.7
7922,682,356,2025-04-30,1,475.7,0,Card,475.7
7923,292,435,2023-07-03,5,5.0,10,PayPal,22.5
7924,122,33,2024-01-16,3,456.23,5,Card,1300.26
7925,286,24,2025-06-14,1,74.79,15,PayPal,63.57
7926,228,473,2023-10-04,1,17.43,5,UPI,16.56
7927,262,406,2025-05-21,3,239.06,5,UPI,681.32
7928,805,328,2024-04-14,1,14.16,0,PayPal,14.16
7929,138,287,2023-05-23,2,190.94,0,Cash,381.88
7930,488,16,2024-09-06,2,107.05,5,Card,203.39
7931,712,162,2025-03-06,2,75.26,0,Cash,150.52
7932,118,249,2024-04-25,5,346.9,0,PayPal,1734.5
7933,230,10,2024-09-29,3,225.26,5,Card,641.99
7934,764,458,2024-10-22,1,425.04,10,PayPal,382.54
7935,427,453,2024-01-08,2,147.77,20,UPI,236.43
7936,49,482,2025-02-13,2,431.66,5,Card,820.15
7937,421,245,2024-08-22,2,197.28,10,Cash,355.1
7938,134,96,2023-07-27,4,87.43,5,Card,332.23
7939,139,491,2024-04-20,2,23.69,5,Card,45.01
7940,578,100,2024-10-09,3,386.16,20,UPI,926.78
7941,576,319,2023-04-26,1,322.35,15,Cash,274.0
7942,825,126,2023-02-16,1,237.0,10,Card,213.3
7943,994,407,2024-12-21,4,143.36,10,UPI,516.1
7944,890,319,2024-02-03,2,309.43,20,Cash,495.09
7945,794,175,2024-03-12,2,282.98,15,Cash,481.07
7946,469,293,2025-05-01,2,300.63,20,Cash,481.01
7947,832,165,2024-08-04,4,278.46,15,Card,946.76
7948,64,365,2023-03-30,4,354.14,10,PayPal,1274.9
7949,740,371,2024-06-29,1,200.98,15,Cash,170.83
7950,638,315,2023-09-12,4,109.99,0,UPI,439.96
7951,627,254,2024-06-08,2,399.36,5,Cash,758.78
7952,601,451,2024-01-22,5,438.02,15,Card,1861.58
7953,600,356,2025-04-01,4,378.47,5,PayPal,1438.19
7954,512,207,2025-02-02,5,108.64,20,PayPal,434.56
7955,953,373,2023-11-14,3,7.48,0,Cash,22.44
7956,272,62,2024-04-14,1,283.42,20,Card,226.74
7957,25,384,2024-12-27,5,476.84,10,Card,2145.78
7958,725,331,2024-02-29,3,243.25,10,Cash,656.77
7959,657,4,2025-05-30,5,381.84,0,Card,1909.2
7960,921,200,2023-08-03,1,336.65,0,UPI,336.65
7961,340,428,2023-02-08,4,244.21,20,Cash,781.47
7962,414,4,2024-01-06,3,45.6,5,Cash,129.96
7963,456,69,2025-03-15,2,239.27,5,Cash,454.61
7964,384,211,2023-01-09,1,57.09,20,Card,45.67
7965,689,311,2025-04-20,2,415.21,0,PayPal,830.42
7966,121,319,2023-10-06,1,227.38,15,UPI,193.27
7967,943,425,2024-11-09,5,358.89,15,Card,1525.28
7968,200,81,2024-07-11,3,490.49,10,Cash,1324.32
7969,469,30,2024-05-23,3,323.18,0,PayPal,969.54
7970,387,288,2023-02-03,2,18.0,15,Card,30.6
7971,997,494,2023-11-03,3,213.02,0,Card,639.06
7972,648,55,2024-09-24,2,16.2,15,UPI,27.54
7973,368,31,2023-06-20,4,7.66,10,UPI,27.58
7974,876,156,2025-02-15,4,433.58,5,UPI,1647.6
7975,719,480,2024-03-20,2,145.55,15,Card,247.44
7976,84,477,2023-01-31,5,420.96,10,Card,1894.32
7977,324,201,2023-12-27,2,397.52,15,PayPal,675.78
7978,121,94,2024-04-17,3,462.77,0,Card,1388.31
7979,482,421,2023-03-07,5,75.16,20,PayPal,300.64
7980,980,447,2024-12-24,5,77.54,5,PayPal,368.31
7981,214,101,2025-03-27,3,292.55,0,Cash,877.65
7982,782,386,2025-06-08,4,457.23,10,UPI,1646.03
7983,60,433,2024-11-26,5,95.0,10,UPI,427.5
7984,158,228,2023-04-03,4,274.14,10,UPI,986.9
7985,30,125,2023-08-13,5,153.83,0,Card,769.15
7986,229,132,2025-02-28,1,132.09,15,Card,112.28
7987,533,206,2024-05-01,5,104.03,10,Card,468.13
7988,587,66,2025-01-19,2,282.2,15,UPI,479.74
7989,399,193,2024-06-15,2,147.74,20,Cash,236.38
7990,764,269,2024-04-06,4,473.82,10,Cash,1705.75
7991,615,136,2024-08-15,2,53.46,10,Card,96.23
7992,53,326,2023-02-22,2,129.66,15,UPI,220.42
7993,282,113,2024-01-18,3,274.23,0,Card,822.69
7994,731,433,2025-04-19,2,21.86,15,Cash,37.16
7995,894,61,2023-08-17,5,404.01,20,PayPal,1616.04
7996,528,287,2023-12-21,1,272.13,20,UPI,217.7
7997,209,120,2025-04-29,1,130.22,10,Card,117.2
7998,474,390,2024-12-28,4,491.36,20,Card,1572.35
7999,603,173,2024-03-10,3,92.58,5,Card,263.85
8000,946,299,2023-09-25,4,135.66,10,PayPal,488.38
8001,834,378,2023-12-26,5,169.34,10,UPI,762.03
8002,595,153,2023-11-03,4,212.76,20,UPI,680.83
8003,954,480,2023-08-25,2,346.52,0,PayPal,693.04
8004,690,335,2025-01-12,2,398.82,20,UPI,638.11
8005,244,405,2024-11-01,5,185.7,15,Cash,789.23
8006,537,233,2023-02-27,4,372.14,15,PayPal,1265.28
8007,508,40,2023-04-12,3,206.83,20,Card,496.39
8008,766,183,2024-04-14,3,215.05,15,UPI,548.38
8009,374,237,2025-03-29,5,347.32,20,PayPal,1389.28
8010,984,71,2024-02-16,3,376.17,5,UPI,1072.08
8011,855,230,2024-12-21,5,331.39,15,PayPal,1408.41
8012,204,4,2024-01-17,5,478.98,15,Card,2035.66
8013,127,218,2024-12-01,4,130.62,20,PayPal,417.98
8014,708,330,2024-06-11,2,73.61,10,UPI,132.5
8015,995,140,2024-02-27,4,414.41,0,Cash,1657.64
8016,680,282,2025-06-01,2,12.03,10,UPI,21.65
8017,900,495,2023-07-11,3,377.7,15,UPI,963.13
8018,591,58,2023-08-19,5,322.78,15,Card,1371.81
8019,622,424,2025-04-13,4,363.62,10,UPI,1309.03
8020,95,97,2023-01-24,1,83.44,20,Cash,66.75
8021,571,35,2023-07-14,2,391.31,10,Cash,704.36
8022,221,487,2025-05-04,2,151.98,10,Card,273.56
8023,705,202,2024-07-25,5,163.81,0,Cash,819.05
8024,679,125,2025-05-16,3,462.76,5,UPI,1318.87
8025,501,346,2023-04-03,5,134.06,15,Card,569.75
8026,873,208,2024-01-05,3,121.17,10,PayPal,327.16
8027,644,53,2025-05-02,4,362.67,15,Card,1233.08
8028,945,190,2023-01-22,2,149.34,20,Cash,238.94
8029,516,155,2024-02-10,3,380.63,0,Cash,1141.89
8030,624,18,2023-11-26,5,68.67,15,PayPal,291.85
8031,774,413,2023-07-15,5,215.89,5,UPI,1025.48
8032,900,121,2024-03-13,5,433.82,15,Cash,1843.73
8033,22,252,2025-05-30,5,61.21,0,UPI,306.05
8034,435,25,2023-12-24,1,341.44,5,Cash,324.37
8035,834,230,2023-05-22,4,439.99,20,UPI,1407.97
8036,633,452,2024-01-09,4,286.31,5,UPI,1087.98
8037,576,414,2023-10-10,4,334.96,5,Cash,1272.85
8038,932,338,2024-08-25,2,430.38,20,UPI,688.61
8039,161,28,2023-07-06,1,58.95,5,Cash,56.0
8040,304,11,2024-04-23,2,157.02,20,PayPal,251.23
8041,311,309,2023-12-02,2,188.49,10,Card,339.28
8042,59,496,2024-01-13,2,425.76,20,Cash,681.22
8043,224,332,2024-12-02,2,258.2,0,UPI,516.4
8044,469,406,2024-07-29,3,169.82,5,Cash,483.99
8045,266,40,2024-06-11,3,33.23,0,PayPal,99.69
8046,542,459,2023-05-17,3,271.9,10,Card,734.13
8047,885,32,2025-04-26,1,374.24,20,PayPal,299.39
8048,42,250,2024-08-06,1,203.61,0,Card,203.61
8049,521,381,2025-01-31,5,478.74,5,Card,2274.01
8050,553,12,2025-01-28,2,434.31,5,PayPal,825.19
8051,277,314,2023-09-29,3,403.62,0,Cash,1210.86
8052,368,381,2023-07-03,3,337.36,5,PayPal,961.48
8053,69,373,2024-11-13,5,143.25,10,PayPal,644.62
8054,57,42,2023-05-20,5,340.62,15,Card,1447.63
8055,823,480,2023-02-23,5,375.55,20,Card,1502.2
8056,759,455,2024-11-26,2,463.44,10,PayPal,834.19
8057,989,81,2025-01-09,4,382.0,0,PayPal,1528.0
8058,435,206,2024-11-06,4,257.95,10,Card,928.62
8059,969,236,2024-10-15,3,177.81,10,Cash,480.09
8060,490,376,2024-12-03,3,164.14,20,UPI,393.94
8061,779,258,2024-12-20,1,328.38,0,PayPal,328.38
8062,589,459,2023-09-09,3,250.74,0,Card,752.22
8063,891,334,2023-04-14,4,89.21,15,Card,303.31
8064,938,226,2023-06-30,2,300.01,15,Cash,510.02
8065,174,243,2025-01-14,2,476.57,0,PayPal,953.14
8066,320,407,2023-09-05,4,304.84,0,Cash,1219.36
8067,918,371,2024-11-02,5,355.29,10,PayPal,1598.81
8068,263,475,2024-04-25,3,192.28,15,Cash,490.31
8069,829,291,2024-12-16,4,250.15,5,PayPal,950.57
8070,538,333,2023-07-30,2,452.19,15,Card,768.72
8071,572,299,2024-05-26,2,309.06,20,Card,494.5
8072,836,466,2023-05-14,3,144.84,5,PayPal,412.79
8073,483,466,2025-02-11,5,50.1,5,PayPal,237.97
8074,345,27,2023-05-01,4,119.28,10,Card,429.41
8075,235,436,2025-03-08,3,321.06,5,Cash,915.02
8076,1,307,2025-01-12,1,189.55,0,Card,189.55
8077,566,476,2023-09-02,3,495.57,5,PayPal,1412.37
8078,518,188,2025-06-04,2,99.58,0,Cash,199.16
8079,88,164,2024-04-25,3,363.06,0,Card,1089.18
8080,44,106,2025-04-25,3,195.21,20,Card,468.5
8081,795,488,2023-03-15,1,43.78,15,UPI,37.21
8082,905,170,2024-05-18,4,289.62,0,Card,1158.48
8083,646,418,2024-03-09,3,293.63,10,Card,792.8
8084,50,311,2024-01-30,2,233.5,15,PayPal,396.95
8085,951,79,2024-03-17,4,454.03,10,PayPal,1634.51
8086,654,227,2023-12-13,4,361.05,15,UPI,1227.57
8087,609,443,2023-02-19,5,292.35,5,Card,1388.66
8088,312,300,2025-02-21,4,349.06,20,PayPal,1116.99
8089,326,429,2023-01-01,2,363.22,5,Cash,690.12
8090,999,301,2025-02-01,2,496.77,10,Card,894.19
8091,499,163,2025-06-19,5,391.54,0,UPI,1957.7
8092,518,417,2023-07-25,3,322.35,0,PayPal,967.05
8093,199,319,2024-10-13,2,476.72,5,Card,905.77
8094,632,311,2023-10-06,2,242.0,15,PayPal,411.4
8095,741,121,2024-10-12,4,304.51,0,UPI,1218.04
8096,361,69,2024-12-02,5,470.39,15,PayPal,1999.16
8097,907,500,2023-06-21,5,480.61,15,Card,2042.59
8098,153,308,2023-05-26,3,474.34,5,UPI,1351.87
8099,699,344,2023-08-03,5,167.89,0,Card,839.45
8100,62,346,2025-01-13,3,208.94,15,UPI,532.8
8101,803,267,2024-06-07,2,386.55,20,Card,618.48
8102,689,191,2024-09-01,1,240.44,5,UPI,228.42
8103,154,288,2023-02-03,3,473.94,5,PayPal,1350.73
8104,189,356,2023-10-23,2,222.86,15,Card,378.86
8105,164,313,2023-01-01,2,101.44,0,UPI,202.88
8106,364,196,2024-12-12,1,463.82,10,PayPal,417.44
8107,28,73,2024-12-31,4,392.83,15,PayPal,1335.62
8108,564,178,2024-05-04,4,409.55,0,Card,1638.2
8109,415,153,2024-03-10,1,259.99,5,Card,246.99
8110,581,40,2023-03-31,3,32.03,20,Card,76.87
8111,252,464,2023-12-21,3,121.99,20,UPI,292.78
8112,754,436,2024-12-04,1,425.4,5,UPI,404.13
8113,72,196,2024-06-05,4,74.17,10,Cash,267.01
8114,722,426,2023-08-25,5,164.19,0,Card,820.95
8115,997,483,2024-03-12,3,279.85,15,UPI,713.62
8116,395,105,2023-01-07,3,383.06,15,UPI,976.8
8117,930,205,2023-01-14,1,5.36,10,UPI,4.82
8118,432,489,2024-08-06,2,417.23,10,Cash,751.01
8119,490,46,2024-11-24,4,270.32,10,Card,973.15
8120,413,5,2023-10-13,2,107.73,15,PayPal,183.14
8121,320,44,2025-05-27,3,396.66,0,PayPal,1189.98
8122,159,499,2023-09-22,3,42.25,0,PayPal,126.75
8123,354,146,2023-08-06,5,413.35,10,Cash,1860.08
8124,578,359,2023-03-14,2,194.35,15,PayPal,330.39
8125,782,131,2025-04-02,5,269.4,10,Card,1212.3
8126,713,73,2023-03-21,3,103.86,5,Card,296.0
8127,724,205,2024-10-25,2,47.57,10,PayPal,85.63
8128,451,280,2023-12-04,1,183.35,0,UPI,183.35
8129,392,117,2025-01-19,1,16.67,15,Cash,14.17
8130,120,241,2025-01-20,5,311.93,15,Cash,1325.7
8131,534,409,2023-06-13,3,426.76,5,Cash,1216.27
8132,565,227,2024-04-11,1,462.92,20,Cash,370.34
8133,106,237,2024-05-24,3,206.68,15,PayPal,527.03
8134,797,233,2023-10-24,1,157.35,0,UPI,157.35
8135,742,31,2023-12-09,1,40.55,5,UPI,38.52
8136,710,326,2025-03-05,3,248.99,20,UPI,597.58
8137,859,375,2023-02-16,2,474.04,0,UPI,948.08
8138,144,205,2024-09-07,1,171.3,5,Cash,162.74
8139,95,113,2024-09-04,4,52.29,20,Cash,167.33
8140,539,426,2025-02-07,1,259.26,0,Cash,259.26
8141,503,79,2023-01-06,2,499.08,10,Cash,898.34
8142,35,311,2023-11-29,5,338.97,15,UPI,1440.62
8143,18,443,2024-07-05,1,167.52,5,Card,159.14
8144,187,425,2024-08-15,4,172.12,20,UPI,550.78
8145,548,380,2024-03-15,2,331.23,15,PayPal,563.09
8146,346,81,2024-08-31,3,34.47,20,Card,82.73
8147,898,330,2025-06-14,2,321.03,5,UPI,609.96
8148,826,366,2024-09-27,5,285.34,0,Cash,1426.7
8149,95,396,2024-04-10,5,67.61,15,Cash,287.34
8150,486,211,2025-02-23,4,400.87,15,UPI,1362.96
8151,201,219,2023-11-15,2,111.72,0,UPI,223.44
8152,97,295,2025-01-21,1,46.56,0,UPI,46.56
8153,25,96,2023-05-14,2,299.65,10,PayPal,539.37
8154,452,366,2025-05-03,3,431.48,10,Card,1165.0
8155,95,150,2023-12-03,3,65.6,20,Card,157.44
8156,295,14,2023-08-19,4,58.04,10,Card,208.94
8157,976,451,2025-06-11,3,493.63,15,PayPal,1258.76
8158,57,158,2023-11-27,5,403.17,10,Cash,1814.27
8159,895,273,2023-12-03,1,469.37,10,Card,422.43
8160,812,415,2025-01-09,1,275.47,20,Cash,220.38
8161,228,255,2024-07-31,2,237.29,5,Cash,450.85
8162,746,264,2024-08-25,5,54.93,20,UPI,219.72
8163,648,476,2023-09-16,5,443.34,5,Card,2105.86
8164,635,21,2023-06-11,4,437.35,20,Cash,1399.52
8165,56,209,2025-04-28,2,284.65,15,Cash,483.9
8166,417,206,2024-10-13,3,270.71,5,UPI,771.52
8167,89,389,2025-01-04,2,20.08,20,Cash,32.13
8168,500,370,2024-06-22,3,382.13,10,Card,1031.75
8169,870,127,2024-04-21,4,306.52,20,PayPal,980.86
8170,71,116,2024-12-11,3,267.0,10,Card,720.9
8171,726,450,2023-07-31,2,117.94,10,PayPal,212.29
8172,770,409,2024-03-04,1,326.17,10,PayPal,293.55
8173,677,398,2023-07-16,5,325.15,20,Cash,1300.6
8174,392,454,2025-01-19,5,57.86,15,Card,245.91
8175,181,200,2024-07-18,3,61.19,0,UPI,183.57
8176,295,228,2024-09-02,4,394.04,0,PayPal,1576.16
8177,805,457,2023-01-11,2,302.03,10,PayPal,543.65
8178,608,234,2024-05-10,5,257.44,5,Cash,1222.84
8179,745,470,2025-01-22,1,438.25,20,Card,350.6
8180,88,489,2023-03-29,2,13.15,20,Cash,21.04
8181,107,330,2023-09-24,2,323.36,0,UPI,646.72
8182,551,200,2024-02-13,5,182.8,5,Cash,868.3
8183,255,126,2023-10-06,1,157.02,15,Cash,133.47
8184,276,216,2024-01-15,3,30.52,20,Card,73.25
8185,748,153,2024-03-12,3,215.38,20,PayPal,516.91
8186,970,259,2025-02-05,4,403.43,20,Cash,1290.98
8187,640,40,2023-03-21,5,285.42,20,UPI,1141.68
8188,248,117,2024-06-30,5,482.67,15,PayPal,2051.35
8189,766,375,2023-02-21,4,493.34,5,UPI,1874.69
8190,256,83,2023-05-04,1,149.96,15,Cash,127.47
8191,697,286,2025-01-29,3,227.16,5,PayPal,647.41
8192,647,392,2024-12-20,3,497.14,10,PayPal,1342.28
8193,780,71,2024-03-10,1,232.88,5,Card,221.24
8194,797,102,2025-04-11,5,495.1,20,Card,1980.4
8195,849,38,2023-10-29,2,19.38,0,UPI,38.76
8196,927,253,2023-07-30,1,151.56,20,Card,121.25
8197,364,426,2024-07-24,1,317.0,20,Card,253.6
8198,315,423,2024-02-06,3,129.99,20,Card,311.98
8199,73,407,2024-11-16,2,60.33,10,Cash,108.59
8200,31,170,2025-05-20,5,81.04,20,PayPal,324.16
8201,710,146,2023-01-14,5,388.83,10,PayPal,1749.73
8202,668,77,2023-11-14,5,309.94,0,Card,1549.7
8203,670,327,2023-09-14,1,156.66,5,UPI,148.83
8204,955,184,2024-06-09,4,394.01,5,Card,1497.24
8205,42,419,2023-01-30,5,445.89,10,PayPal,2006.5
8206,25,467,2024-10-29,3,197.03,20,Card,472.87
8207,697,487,2024-11-21,4,181.52,5,UPI,689.78
8208,673,27,2023-09-02,2,370.55,10,PayPal,666.99
8209,804,106,2025-04-25,4,138.77,15,PayPal,471.82
8210,627,422,2024-12-18,4,464.26,5,Card,1764.19
8211,125,225,2025-04-05,5,283.12,10,Cash,1274.04
8212,246,184,2025-05-28,1,296.76,5,PayPal,281.92
8213,848,240,2024-11-10,5,74.41,20,UPI,297.64
8214,467,141,2025-01-13,4,324.54,15,PayPal,1103.44
8215,715,427,2024-09-22,5,386.73,0,Cash,1933.65
8216,336,375,2023-07-19,2,316.68,0,UPI,633.36
8217,937,336,2025-04-04,3,178.92,10,PayPal,483.08
8218,147,476,2023-05-30,2,362.14,10,Card,651.85
8219,367,24,2024-08-16,5,88.94,15,Cash,378.0
8220,816,238,2024-04-17,3,484.63,10,Card,1308.5
8221,298,66,2024-06-23,4,368.7,0,UPI,1474.8
8222,28,293,2024-01-04,1,285.25,5,UPI,270.99
8223,718,116,2024-10-30,2,451.91,0,PayPal,903.82
8224,843,376,2024-06-11,1,36.72,5,Card,34.88
8225,156,82,2024-05-24,5,365.63,20,PayPal,1462.52
8226,203,230,2025-05-18,5,305.45,15,UPI,1298.16
8227,864,244,2023-03-01,1,146.64,15,PayPal,124.64
8228,598,426,2023-12-23,3,163.61,15,UPI,417.21
8229,268,314,2025-05-12,5,376.08,15,PayPal,1598.34
8230,310,229,2023-11-30,1,340.24,15,Cash,289.2
8231,508,160,2024-12-09,1,371.44,20,PayPal,297.15
8232,109,33,2023-08-03,3,53.33,15,PayPal,135.99
8233,477,82,2023-12-09,5,19.49,5,Card,92.58
8234,765,5,2023-02-21,2,445.91,15,Card,758.05
8235,144,372,2023-03-29,3,430.92,0,Cash,1292.76
8236,576,444,2024-03-16,4,50.86,20,UPI,162.75
8237,566,32,2024-10-11,3,492.62,20,UPI,1182.29
8238,725,209,2024-09-24,1,274.63,10,PayPal,247.17
8239,496,134,2025-06-04,1,31.96,10,UPI,28.76
8240,78,206,2023-11-25,4,451.33,0,Card,1805.32
8241,101,360,2023-06-02,3,174.38,5,PayPal,496.98
8242,817,450,2024-08-31,5,54.25,0,Card,271.25
8243,280,447,2024-10-04,2,234.39,10,Card,421.9
8244,76,249,2023-03-08,5,265.02,15,Cash,1126.33
8245,391,330,2024-09-26,1,127.78,0,UPI,127.78
8246,1,366,2025-04-24,3,427.96,10,PayPal,1155.49
8247,257,258,2023-10-31,5,464.08,0,PayPal,2320.4
8248,511,368,2024-09-05,3,235.59,5,PayPal,671.43
8249,289,294,2023-08-03,1,225.03,20,Cash,180.02
8250,997,228,2024-08-15,5,399.61,5,PayPal,1898.15
8251,863,173,2024-03-14,4,359.4,5,Cash,1365.72
8252,598,347,2023-01-07,5,295.58,5,Card,1404.0
8253,720,63,2024-07-06,5,16.66,0,UPI,83.3
8254,394,397,2024-01-28,2,363.34,10,Card,654.01
8255,945,71,2023-07-19,1,112.4,0,PayPal,112.4
8256,546,277,2024-03-31,4,495.98,0,Card,1983.92
8257,828,390,2024-11-21,3,498.68,15,PayPal,1271.63
8258,833,186,2024-09-11,1,66.67,10,Cash,60.0
8259,943,317,2023-11-25,5,489.23,0,PayPal,2446.15
8260,351,261,2024-06-20,1,106.24,0,UPI,106.24
8261,99,102,2024-08-10,1,234.05,10,UPI,210.65
8262,396,370,2024-03-28,4,100.15,10,Cash,360.54
8263,302,64,2023-12-07,1,363.54,20,PayPal,290.83
8264,16,127,2024-03-26,2,474.59,0,Card,949.18
8265,383,262,2023-05-19,4,430.02,15,Card,1462.07
8266,575,256,2024-02-18,1,249.28,20,PayPal,199.42
8267,422,392,2025-05-21,3,417.84,10,Cash,1128.17
8268,215,98,2025-01-10,5,75.66,20,Cash,302.64
8269,773,144,2024-02-01,3,31.7,5,UPI,90.34
8270,704,160,2024-02-14,2,488.26,15,Cash,830.04
8271,722,289,2024-06-22,2,213.64,5,Card,405.92
8272,367,124,2025-05-03,1,99.93,0,Cash,99.93
8273,276,23,2024-02-19,2,496.06,5,UPI,942.51
8274,973,149,2025-05-07,5,333.22,15,UPI,1416.19
8275,417,340,2023-10-10,2,192.11,20,PayPal,307.38
8276,930,313,2023-06-05,3,486.23,10,PayPal,1312.82
8277,732,465,2024-09-29,1,255.0,5,Cash,242.25
8278,850,414,2024-10-12,4,12.1,0,Card,48.4
8279,449,357,2024-11-24,3,136.49,10,Card,368.52
8280,231,144,2023-11-23,2,34.6,0,PayPal,69.2
8281,10,419,2023-02-18,5,298.29,10,Cash,1342.31
8282,467,154,2023-01-11,2,386.65,10,Cash,695.97
8283,355,321,2024-12-23,5,293.85,5,Cash,1395.79
8284,892,321,2023-09-15,2,430.33,20,PayPal,688.53
8285,825,251,2023-06-28,2,493.14,0,PayPal,986.28
8286,695,187,2023-09-03,4,425.3,15,PayPal,1446.02
8287,764,385,2024-02-01,5,161.24,5,Card,765.89
8288,485,233,2023-03-17,1,319.75,5,UPI,303.76
8289,486,95,2024-03-06,1,276.59,15,PayPal,235.1
8290,718,85,2025-06-17,5,340.53,5,UPI,1617.52
8291,391,110,2023-05-20,2,302.49,15,UPI,514.23
8292,528,326,2024-10-05,4,169.67,20,UPI,542.94
8293,367,450,2024-06-26,3,58.84,20,PayPal,141.22
8294,800,215,2023-05-10,1,190.21,20,Card,152.17
8295,765,298,2023-06-15,5,23.32,20,Card,93.28
8296,356,376,2023-04-23,5,349.38,5,UPI,1659.56
8297,837,112,2024-07-19,3,201.44,0,UPI,604.32
8298,728,360,2023-10-12,3,366.12,0,Card,1098.36
8299,640,439,2025-06-01,1,366.27,10,UPI,329.64
8300,406,102,2023-10-22,2,144.46,0,Card,288.92
8301,283,332,2025-04-30,3,86.79,0,UPI,260.37
8302,897,363,2023-02-11,3,121.33,0,PayPal,363.99
8303,538,385,2023-06-20,4,293.3,0,PayPal,1173.2
8304,563,201,2023-12-31,4,73.59,10,Cash,264.92
8305,47,102,2024-04-23,2,383.94,15,PayPal,652.7
8306,356,262,2023-04-08,5,416.02,10,Card,1872.09
8307,75,411,2025-06-17,1,19.1,5,PayPal,18.14
8308,742,335,2023-03-06,4,300.32,10,PayPal,1081.15
8309,947,412,2024-09-10,2,312.02,20,Card,499.23
8310,390,371,2023-06-04,3,223.52,5,Card,637.03
8311,571,281,2024-08-17,5,424.33,5,Card,2015.57
8312,114,435,2025-01-13,4,491.72,5,Card,1868.54
8313,620,365,2024-12-04,2,309.82,0,PayPal,619.64
8314,96,157,2023-09-29,1,166.26,15,PayPal,141.32
8315,516,113,2023-10-13,5,225.71,10,Cash,1015.69
8316,176,174,2025-05-14,2,263.05,5,Card,499.8
8317,594,374,2023-02-07,2,484.69,20,Card,775.5
8318,802,63,2023-04-07,2,477.38,5,Cash,907.02
8319,969,351,2023-03-02,5,278.68,0,UPI,1393.4
8320,764,355,2023-04-28,3,366.32,15,Card,934.12
8321,423,334,2024-04-22,5,343.07,15,Cash,1458.05
8322,632,142,2025-01-20,4,56.2,0,Card,224.8
8323,935,381,2025-03-31,1,298.59,10,Cash,268.73
8324,882,361,2024-12-14,1,288.62,0,Cash,288.62
8325,872,398,2023-08-12,5,19.99,20,PayPal,79.96
8326,929,325,2023-12-13,4,450.57,15,PayPal,1531.94
8327,723,360,2025-03-03,4,443.31,20,Cash,1418.59
8328,212,50,2023-05-25,5,82.0,5,Cash,389.5
8329,629,85,2024-04-28,2,445.55,10,UPI,801.99
8330,346,343,2023-05-09,2,439.84,15,UPI,747.73
8331,224,320,2023-03-11,3,12.08,20,PayPal,28.99
8332,369,392,2025-02-26,2,370.65,0,PayPal,741.3
8333,759,500,2024-08-27,2,329.26,20,Cash,526.82
8334,686,259,2024-09-04,5,487.27,0,Cash,2436.35
8335,452,22,2023-06-16,3,329.9,5,PayPal,940.21
8336,328,101,2023-06-15,4,105.85,15,Card,359.89
8337,168,218,2024-01-29,1,406.73,0,Cash,406.73
8338,396,164,2025-05-23,2,251.98,20,UPI,403.17
8339,556,458,2023-10-12,4,27.98,5,UPI,106.32
8340,908,50,2024-06-05,1,344.96,20,Cash,275.97
8341,810,136,2024-04-29,2,73.15,0,Cash,146.3
8342,256,41,2023-12-30,4,409.03,5,Cash,1554.31
8343,919,33,2023-02-08,4,177.18,15,UPI,602.41
8344,453,197,2025-03-14,3,490.03,5,PayPal,1396.59
8345,906,138,2023-01-27,2,337.71,15,Card,574.11
8346,431,216,2023-04-14,2,435.86,15,PayPal,740.96
8347,383,194,2024-09-13,5,50.8,0,Card,254.0
8348,59,403,2024-11-06,2,286.17,0,PayPal,572.34
8349,933,255,2025-06-02,3,255.14,0,Cash,765.42
8350,554,8,2023-06-14,4,240.69,15,Cash,818.35
8351,157,292,2024-10-02,3,157.97,5,PayPal,450.21
8352,585,469,2024-08-07,1,160.8,10,UPI,144.72
8353,744,424,2025-01-07,2,321.37,15,Card,546.33
8354,297,465,2024-02-25,3,453.87,0,PayPal,1361.61
8355,388,70,2023-09-04,2,105.71,15,Card,179.71
8356,306,472,2023-10-10,4,176.1,15,Cash,598.74
8357,325,304,2025-04-23,2,439.39,0,UPI,878.78
8358,645,39,2025-06-05,4,5.63,15,Cash,19.14
8359,302,100,2023-04-11,3,292.14,15,UPI,744.96
8360,818,378,2023-10-16,4,270.78,5,UPI,1028.96
8361,131,399,2025-02-28,2,49.01,5,Cash,93.12
8362,621,212,2025-03-04,5,405.48,15,PayPal,1723.29
8363,220,287,2025-02-19,3,457.3,15,Card,1166.12
8364,611,143,2025-04-09,1,163.64,5,Cash,155.46
8365,439,56,2023-10-05,5,315.55,15,Card,1341.09
8366,256,127,2023-02-20,4,443.79,10,Cash,1597.64
8367,939,338,2024-12-21,1,364.12,10,Card,327.71
8368,335,134,2024-01-21,1,204.61,15,PayPal,173.92
8369,42,193,2025-03-29,5,490.64,0,UPI,2453.2
8370,435,347,2023-10-14,4,59.36,10,Cash,213.7
8371,354,365,2023-04-09,4,385.92,5,Card,1466.5
8372,788,374,2024-07-04,2,271.1,10,Card,487.98
8373,518,308,2024-02-24,3,9.05,0,UPI,27.15
8374,442,436,2023-03-09,2,368.17,5,UPI,699.52
8375,101,372,2024-12-01,4,166.34,0,Card,665.36
8376,161,294,2023-10-19,2,20.13,0,Cash,40.26
8377,41,168,2024-11-24,1,102.5,10,PayPal,92.25
8378,913,123,2024-05-30,3,101.35,10,PayPal,273.64
8379,975,492,2023-11-01,1,494.96,10,Cash,445.46
8380,697,38,2024-11-17,2,420.94,10,UPI,757.69
8381,737,389,2025-03-28,1,295.99,0,Cash,295.99
8382,946,478,2024-03-05,4,75.8,15,Cash,257.72
8383,192,36,2025-03-28,4,207.52,10,Cash,747.07
8384,377,357,2024-03-15,1,243.18,15,Card,206.7
8385,178,198,2023-03-25,3,48.7,15,UPI,124.19
8386,846,349,2025-01-11,4,98.67,15,Cash,335.48
8387,157,393,2023-08-24,1,208.42,20,PayPal,166.74
8388,970,127,2023-12-03,2,78.47,0,UPI,156.94
8389,960,243,2025-01-29,5,496.52,5,Card,2358.47
8390,165,371,2023-07-22,4,198.97,0,Card,795.88
8391,857,143,2024-05-07,1,272.38,10,UPI,245.14
8392,966,173,2024-08-22,3,380.68,5,Cash,1084.94
8393,695,261,2023-08-16,2,264.72,5,UPI,502.97
8394,920,236,2023-11-02,5,183.96,5,UPI,873.81
8395,538,261,2024-07-17,5,433.05,5,UPI,2056.99
8396,90,16,2024-04-28,4,374.51,15,Cash,1273.33
8397,775,257,2025-04-27,1,174.02,15,Cash,147.92
8398,560,360,2024-08-04,2,88.17,10,Cash,158.71
8399,561,325,2025-02-28,4,138.23,5,PayPal,525.27
8400,646,156,2025-02-17,3,276.5,20,Cash,663.6
8401,360,137,2024-02-04,2,211.89,20,Cash,339.02
8402,118,317,2024-05-09,4,61.23,5,UPI,232.67
8403,319,47,2023-01-01,2,447.92,10,Card,806.26
8404,19,367,2025-06-13,1,264.74,20,Cash,211.79
8405,61,236,2025-02-14,2,126.39,20,PayPal,202.22
8406,470,208,2023-11-12,4,244.96,20,UPI,783.87
8407,870,421,2024-06-29,3,13.25,20,Card,31.8
8408,698,482,2024-11-22,4,465.39,5,Cash,1768.48
8409,919,49,2023-06-19,1,75.97,20,UPI,60.78
8410,431,143,2024-12-30,1,282.36,20,PayPal,225.89
8411,192,422,2024-05-15,5,229.69,5,UPI,1091.03
8412,432,128,2023-06-21,1,133.37,15,PayPal,113.36
8413,437,150,2023-10-29,5,400.08,20,Card,1600.32
8414,795,410,2023-09-09,4,484.24,20,Card,1549.57
8415,942,306,2023-11-27,5,483.43,5,UPI,2296.29
8416,522,14,2025-03-04,4,271.67,5,UPI,1032.35
8417,822,163,2024-02-02,2,219.82,20,UPI,351.71
8418,219,228,2024-05-13,2,115.29,0,PayPal,230.58
8419,59,190,2023-12-07,1,354.63,0,Card,354.63
8420,623,485,2023-07-29,2,69.79,0,PayPal,139.58
8421,488,453,2023-04-09,5,320.6,0,Cash,1603.0
8422,593,113,2025-04-20,2,377.99,0,PayPal,755.98
8423,853,41,2024-08-26,3,365.54,20,UPI,877.3
8424,158,270,2024-03-19,1,178.87,0,UPI,178.87
8425,249,52,2023-11-09,1,44.23,20,Cash,35.38
8426,928,475,2023-02-15,1,255.11,5,UPI,242.35
8427,114,427,2023-03-20,3,351.34,10,UPI,948.62
8428,143,269,2023-02-13,1,23.46,20,Card,18.77
8429,45,490,2024-08-25,2,301.49,20,UPI,482.38
8430,704,306,2024-07-05,3,40.69,20,Card,97.66
8431,905,449,2024-11-24,4,405.45,15,UPI,1378.53
8432,842,371,2024-01-01,4,418.18,5,PayPal,1589.08
8433,526,230,2023-05-30,1,275.26,10,UPI,247.73
8434,330,208,2023-06-11,1,39.17,15,UPI,33.29
8435,690,160,2025-01-27,1,494.84,10,Card,445.36
8436,74,246,2025-01-08,4,183.47,5,PayPal,697.19
8437,528,132,2025-06-18,3,332.41,10,Cash,897.51
8438,898,223,2023-07-23,5,77.52,5,Cash,368.22
8439,394,182,2025-01-02,3,276.52,10,Card,746.6
8440,333,128,2023-07-01,4,278.11,20,UPI,889.95
8441,31,238,2025-04-17,4,280.49,20,Card,897.57
8442,592,451,2023-06-26,4,488.74,5,Card,1857.21
8443,985,478,2024-12-22,4,466.05,15,Card,1584.57
8444,490,153,2024-11-26,2,263.99,10,Card,475.18
8445,828,9,2024-04-08,1,425.4,10,Card,382.86
8446,705,203,2024-03-12,4,382.89,15,Cash,1301.83
8447,626,119,2024-05-04,1,426.36,10,UPI,383.72
8448,770,397,2023-12-28,2,64.08,0,UPI,128.16
8449,21,437,2023-08-20,1,103.39,15,Cash,87.88
8450,547,405,2025-02-04,1,121.58,0,Cash,121.58
8451,966,80,2023-01-30,4,431.55,20,PayPal,1380.96
8452,472,18,2023-03-21,4,178.59,0,UPI,714.36
8453,258,409,2024-11-08,4,343.69,20,Card,1099.81
8454,249,103,2024-11-13,4,294.2,5,PayPal,1117.96
8455,830,415,2023-07-12,2,466.61,10,Card,839.9
8456,333,181,2024-01-26,3,210.03,20,Cash,504.07
8457,764,435,2024-12-13,3,98.26,20,UPI,235.82
8458,168,15,2024-04-24,4,125.59,0,Card,502.36
8459,808,125,2024-07-09,4,6.98,10,UPI,25.13
8460,511,385,2023-02-18,2,125.81,20,Cash,201.3
8461,856,94,2024-12-23,1,476.73,15,Card,405.22
8462,921,421,2023-11-30,3,177.41,10,UPI,479.01
8463,278,342,2023-11-10,3,436.41,20,Card,1047.38
8464,222,329,2024-04-18,4,257.51,10,Cash,927.04
8465,926,367,2024-03-25,3,331.7,5,PayPal,945.34
8466,618,210,2024-08-15,2,58.07,0,PayPal,116.14
8467,717,388,2023-09-23,1,287.38,15,Card,244.27
8468,550,186,2023-05-20,1,259.96,0,PayPal,259.96
8469,345,86,2023-05-10,2,418.54,15,PayPal,711.52
8470,401,104,2024-01-16,3,302.59,15,Card,771.6
8471,503,127,2023-01-30,1,342.13,20,Cash,273.7
8472,138,64,2023-11-23,4,69.09,20,PayPal,221.09
8473,388,499,2025-02-17,4,489.03,5,Cash,1858.31
8474,845,1,2025-02-04,3,348.22,15,PayPal,887.96
8475,881,440,2023-09-12,2,391.01,0,UPI,782.02
8476,402,331,2023-01-12,3,258.62,5,PayPal,737.07
8477,98,458,2023-12-11,5,460.56,0,Card,2302.8
8478,788,308,2023-12-22,1,124.17,20,UPI,99.34
8479,114,61,2025-04-08,2,241.11,20,PayPal,385.78
8480,309,51,2024-01-23,2,223.07,0,UPI,446.14
8481,572,242,2024-10-08,5,343.67,10,UPI,1546.52
8482,6,98,2023-08-19,2,250.19,10,Cash,450.34
8483,348,399,2025-02-05,4,91.48,0,PayPal,365.92
8484,199,367,2023-10-01,1,272.53,5,PayPal,258.9
8485,253,418,2024-10-02,3,80.53,10,PayPal,217.43
8486,991,255,2023-04-09,2,99.03,5,UPI,188.16
8487,752,124,2024-03-31,1,417.39,20,Cash,333.91
8488,586,215,2025-05-13,4,219.5,10,PayPal,790.2
8489,370,8,2025-04-05,2,450.14,10,Card,810.25
8490,89,476,2024-03-10,3,61.61,0,UPI,184.83
8491,374,74,2024-07-26,5,356.04,5,UPI,1691.19
8492,513,346,2023-12-09,4,108.98,20,Card,348.74
8493,5,220,2023-11-29,4,132.9,5,UPI,505.02
8494,455,349,2024-07-02,2,454.6,15,Card,772.82
8495,818,27,2024-07-24,2,393.52,20,UPI,629.63
8496,784,373,2023-09-07,3,214.28,15,Cash,546.41
8497,656,73,2023-07-29,2,190.36,5,Cash,361.68
8498,978,436,2023-04-10,4,443.22,5,UPI,1684.24
8499,143,200,2023-09-28,5,280.2,20,UPI,1120.8
8500,123,87,2023-05-06,5,132.79,5,UPI,630.75
8501,855,123,2023-09-30,4,251.73,5,UPI,956.57
8502,958,143,2024-12-05,1,419.54,15,PayPal,356.61
8503,221,348,2023-03-06,3,24.36,10,UPI,65.77
8504,860,167,2024-04-25,4,138.94,10,Card,500.18
8505,728,449,2023-10-09,4,335.13,5,PayPal,1273.49
8506,74,310,2024-01-19,3,295.78,5,Cash,842.97
8507,196,39,2024-04-24,2,452.07,5,Card,858.93
8508,737,204,2023-03-15,3,263.63,10,PayPal,711.8
8509,779,48,2024-02-16,2,113.29,20,UPI,181.26
8510,815,216,2024-04-13,3,152.35,5,UPI,434.2
8511,380,347,2024-08-03,3,237.12,0,Card,711.36
8512,636,339,2023-01-16,3,189.29,10,Card,511.08
8513,203,163,2024-09-09,3,76.9,0,Cash,230.7
8514,795,79,2024-01-28,3,229.05,20,Cash,549.72
8515,703,446,2023-02-17,3,143.83,20,PayPal,345.19
8516,933,140,2023-05-08,5,249.33,15,Cash,1059.65
8517,332,406,2023-03-17,5,286.51,20,Card,1146.04
8518,199,26,2024-02-08,1,485.23,10,UPI,436.71
8519,634,210,2025-04-18,5,159.22,5,Card,756.29
8520,408,326,2023-08-14,3,288.48,15,UPI,735.62
8521,728,415,2024-06-10,4,62.57,20,Card,200.22
8522,452,164,2024-07-10,3,27.71,10,UPI,74.82
8523,794,328,2023-04-24,5,199.59,20,Cash,798.36
8524,561,467,2023-08-17,3,248.67,15,UPI,634.11
8525,761,92,2025-06-07,3,174.38,10,Cash,470.83
8526,313,167,2024-07-08,2,384.19,5,Card,729.96
8527,451,87,2023-04-08,5,89.23,5,Card,423.84
8528,237,77,2024-11-30,1,329.81,15,UPI,280.34
8529,94,291,2023-12-16,1,13.86,5,Card,13.17
8530,604,253,2024-06-21,4,367.06,5,PayPal,1394.83
8531,35,305,2024-01-27,3,390.66,20,UPI,937.58
8532,41,394,2023-10-06,4,461.88,0,Card,1847.52
8533,297,35,2023-10-18,1,427.74,10,UPI,384.97
8534,904,261,2023-06-02,4,436.72,5,UPI,1659.54
8535,523,85,2023-08-31,4,370.84,0,PayPal,1483.36
8536,930,397,2024-06-22,4,481.79,0,UPI,1927.16
8537,805,332,2023-12-16,3,143.8,15,Card,366.69
8538,796,207,2024-01-01,3,428.98,5,PayPal,1222.59
8539,610,286,2023-05-06,2,415.81,20,Card,665.3
8540,655,232,2024-10-23,1,347.41,10,UPI,312.67
8541,683,268,2023-09-16,3,369.01,0,UPI,1107.03
8542,788,286,2023-07-29,2,21.25,0,Cash,42.5
8543,457,402,2023-04-26,4,300.61,15,PayPal,1022.07
8544,990,108,2023-10-02,3,138.94,15,Card,354.3
8545,324,76,2024-08-25,1,462.09,10,UPI,415.88
8546,565,235,2023-10-19,5,446.7,10,Cash,2010.15
8547,648,489,2023-05-21,2,227.33,15,UPI,386.46
8548,950,392,2023-06-22,1,420.65,15,PayPal,357.55
8549,29,271,2024-11-29,2,495.74,0,UPI,991.48
8550,169,172,2025-03-02,2,7.75,0,Cash,15.5
8551,526,401,2025-01-25,2,149.0,10,Cash,268.2
8552,121,76,2024-05-13,1,212.02,15,PayPal,180.22
8553,25,283,2023-03-05,5,177.13,5,Card,841.37
8554,634,459,2023-04-16,5,316.24,15,Cash,1344.02
8555,417,158,2024-06-26,5,108.84,20,UPI,435.36
8556,475,487,2024-04-26,1,311.61,5,UPI,296.03
8557,888,30,2023-02-25,3,6.76,10,PayPal,18.25
8558,723,375,2025-04-25,5,363.69,20,Cash,1454.76
8559,137,416,2023-06-28,3,64.83,0,Cash,194.49
8560,264,218,2024-11-17,4,171.17,10,UPI,616.21
8561,19,61,2025-01-20,1,486.07,5,Cash,461.77
8562,462,76,2023-05-30,1,265.48,15,Card,225.66
8563,580,191,2024-08-31,1,107.47,5,PayPal,102.1
8564,75,222,2024-11-29,5,259.96,10,UPI,1169.82
8565,696,145,2023-11-20,4,83.82,20,UPI,268.22
8566,982,450,2024-04-19,2,43.57,10,PayPal,78.43
8567,216,493,2023-07-16,3,101.48,0,Cash,304.44
8568,753,376,2023-12-08,3,309.02,0,PayPal,927.06
8569,127,249,2024-12-24,4,389.14,20,Cash,1245.25
8570,250,320,2025-06-07,5,51.91,0,PayPal,259.55
8571,886,208,2024-02-23,3,297.93,15,UPI,759.72
8572,829,407,2024-11-17,3,395.88,15,PayPal,1009.49
8573,536,441,2023-02-14,3,346.48,5,Cash,987.47
8574,414,134,2024-06-25,3,88.86,5,UPI,253.25
8575,792,424,2023-07-27,3,88.69,20,Cash,212.86
8576,598,50,2025-01-27,3,91.63,10,PayPal,247.4
8577,821,100,2024-10-11,2,361.95,10,Cash,651.51
8578,501,331,2024-11-07,5,106.18,20,UPI,424.72
8579,22,475,2024-07-20,1,137.51,5,Cash,130.63
8580,219,481,2024-09-12,5,93.35,10,Cash,420.07
8581,414,122,2024-03-03,2,285.88,10,UPI,514.58
8582,389,242,2023-10-26,5,460.3,20,Card,1841.2
8583,885,5,2023-10-20,3,477.84,10,Card,1290.17
8584,247,115,2024-10-12,1,117.74,10,UPI,105.97
8585,118,478,2023-09-28,2,473.32,5,Card,899.31
8586,822,305,2024-09-03,3,162.85,15,Cash,415.27
8587,539,42,2024-03-22,5,369.29,5,Cash,1754.13
8588,148,291,2024-07-25,3,105.99,5,Card,302.07
8589,170,248,2024-01-14,2,463.81,10,Cash,834.86
8590,960,201,2024-01-14,4,199.38,10,UPI,717.77
8591,957,423,2023-05-05,3,245.35,0,PayPal,736.05
8592,920,198,2025-05-02,3,245.61,15,UPI,626.31
8593,859,486,2024-09-12,2,447.97,20,Cash,716.75
8594,805,223,2024-02-03,1,226.11,5,Card,214.8
8595,882,333,2024-08-30,3,111.54,5,Cash,317.89
8596,952,264,2024-02-04,2,183.25,20,PayPal,293.2
8597,870,29,2023-09-02,4,268.51,10,Card,966.64
8598,146,363,2023-11-18,4,124.1,5,PayPal,471.58
8599,424,366,2024-06-26,4,106.35,20,UPI,340.32
8600,955,173,2023-07-10,3,93.37,15,Card,238.09
8601,772,251,2025-02-28,3,73.72,10,Card,199.04
8602,978,57,2024-05-02,2,455.82,5,Card,866.06
8603,816,317,2023-10-09,5,90.68,5,Card,430.73
8604,235,381,2025-03-04,1,266.18,10,PayPal,239.56
8605,489,331,2023-05-07,4,391.56,15,PayPal,1331.3
8606,457,18,2024-03-07,5,389.66,10,PayPal,1753.47
8607,878,118,2023-09-20,4,257.16,10,Cash,925.78
8608,297,342,2025-03-13,3,62.23,15,Cash,158.69
8609,806,461,2024-04-14,5,195.93,0,UPI,979.65
8610,880,419,2025-01-02,3,473.69,10,PayPal,1278.96
8611,8,225,2023-09-15,2,374.86,10,UPI,674.75
8612,892,175,2025-03-31,5,493.32,15,Cash,2096.61
8613,431,271,2023-07-06,5,24.29,15,UPI,103.23
8614,34,139,2024-03-09,1,351.96,5,UPI,334.36
8615,926,239,2023-01-29,1,154.05,10,UPI,138.65
8616,720,17,2024-03-11,1,74.39,15,PayPal,63.23
8617,469,382,2025-03-27,4,317.32,20,UPI,1015.42
8618,235,164,2023-09-09,2,117.92,5,PayPal,224.05
8619,218,108,2024-02-25,2,312.75,20,PayPal,500.4
8620,849,342,2025-05-21,2,369.26,10,Card,664.67
8621,445,393,2024-08-05,1,42.42,15,PayPal,36.06
8622,29,496,2024-12-13,3,63.97,5,Card,182.31
8623,147,71,2023-10-04,1,5.89,15,Card,5.01
8624,864,209,2024-10-03,1,209.85,20,UPI,167.88
8625,952,110,2024-09-11,5,24.13,5,Cash,114.62
8626,725,26,2023-02-01,4,334.5,20,UPI,1070.4
8627,427,384,2024-03-08,2,434.12,15,Cash,738.0
8628,740,77,2024-02-10,4,164.09,15,Cash,557.91
8629,577,193,2023-11-27,1,12.3,10,PayPal,11.07
8630,263,211,2023-04-05,1,280.59,5,PayPal,266.56
8631,495,278,2024-02-07,4,179.0,15,Card,608.6
8632,285,34,2023-10-31,1,384.56,15,Cash,326.88
8633,281,47,2024-09-12,5,205.88,15,UPI,874.99
8634,190,356,2024-05-01,5,468.44,5,UPI,2225.09
8635,473,89,2025-05-01,4,60.0,5,PayPal,228.0
8636,984,334,2023-10-28,2,70.03,0,Card,140.06
8637,115,268,2025-02-05,1,377.06,15,PayPal,320.5
8638,495,359,2025-04-21,4,85.82,5,PayPal,326.12
8639,344,440,2024-12-17,4,233.51,10,Card,840.64
8640,999,421,2024-06-10,1,419.18,20,Cash,335.34
8641,376,310,2024-04-12,5,496.3,15,UPI,2109.28
8642,945,92,2024-05-23,1,176.84,10,PayPal,159.16
8643,761,277,2024-09-17,4,497.86,0,Cash,1991.44
8644,760,164,2023-05-07,5,489.99,0,Cash,2449.95
8645,53,317,2025-06-05,2,317.29,20,PayPal,507.66
8646,532,188,2023-12-07,2,74.29,0,Card,148.58
8647,776,120,2024-03-17,2,155.96,20,PayPal,249.54
8648,441,122,2024-03-20,3,305.73,5,Cash,871.33
8649,933,481,2024-07-08,5,328.52,0,UPI,1642.6
8650,70,360,2024-03-21,4,138.8,5,PayPal,527.44
8651,314,157,2023-05-05,1,378.33,5,PayPal,359.41
8652,693,191,2024-10-11,2,150.3,10,PayPal,270.54
8653,815,423,2025-02-07,2,309.11,5,Cash,587.31
8654,161,68,2023-11-04,3,350.34,15,PayPal,893.37
8655,148,471,2023-08-18,3,20.58,20,Card,49.39
8656,275,205,2023-04-02,5,497.77,10,UPI,2239.97
8657,413,214,2023-07-31,3,296.8,5,PayPal,845.88
8658,686,188,2023-06-03,4,170.73,0,PayPal,682.92
8659,986,466,2025-01-14,4,451.22,20,PayPal,1443.9
8660,296,250,2023-07-28,2,234.33,20,UPI,374.93
8661,973,95,2024-10-21,2,338.23,20,Card,541.17
8662,531,294,2024-12-04,4,478.92,10,Cash,1724.11
8663,240,317,2024-10-01,5,54.12,10,PayPal,243.54
8664,346,319,2023-02-13,1,467.93,20,Card,374.34
8665,192,313,2024-09-21,5,383.49,0,Card,1917.45
8666,917,243,2024-01-07,5,197.66,20,Cash,790.64
8667,723,191,2024-02-20,4,213.75,5,Cash,812.25
8668,430,255,2025-02-08,1,11.79,15,Cash,10.02
8669,788,477,2025-01-28,2,400.86,10,Cash,721.55
8670,791,221,2024-04-26,2,264.61,15,PayPal,449.84
8671,377,234,2024-07-13,3,130.46,5,Cash,371.81
8672,206,255,2024-05-11,5,218.68,20,Cash,874.72
8673,893,192,2025-02-08,2,78.39,10,Card,141.1
8674,359,193,2023-06-29,2,384.0,5,Card,729.6
8675,79,167,2023-07-10,2,213.35,10,UPI,384.03
8676,529,429,2024-12-14,4,175.73,20,Card,562.34
8677,201,378,2024-05-22,5,170.03,20,Card,680.12
8678,992,76,2024-09-06,5,158.44,5,Cash,752.59
8679,363,61,2023-10-01,3,73.09,5,Card,208.31
8680,712,133,2023-10-05,2,236.99,0,PayPal,473.98
8681,213,252,2023-03-07,1,299.8,20,PayPal,239.84
8682,405,31,2024-07-08,2,105.48,10,Cash,189.86
8683,431,418,2025-03-03,5,291.09,10,PayPal,1309.9
8684,972,4,2025-02-17,2,442.29,15,Cash,751.89
8685,635,431,2024-02-22,5,179.86,10,UPI,809.37
8686,741,391,2023-09-15,5,228.35,10,PayPal,1027.58
8687,561,380,2024-11-18,3,45.18,5,Cash,128.76
8688,397,227,2024-06-01,1,167.93,5,PayPal,159.53
8689,23,4,2024-07-19,1,453.86,15,Card,385.78
8690,625,256,2024-05-02,1,169.48,5,PayPal,161.01
8691,287,107,2024-01-25,2,120.48,5,Cash,228.91
8692,845,33,2025-03-02,3,91.23,5,Cash,260.01
8693,221,100,2025-01-01,2,395.9,15,UPI,673.03
8694,170,293,2023-02-01,4,445.92,5,Cash,1694.5
8695,743,98,2025-05-22,2,333.54,0,PayPal,667.08
8696,635,204,2025-06-15,5,349.23,5,Card,1658.84
8697,210,474,2023-08-22,2,23.14,0,Card,46.28
8698,570,354,2024-08-18,4,238.91,5,UPI,907.86
8699,884,40,2023-06-20,1,14.83,15,Cash,12.61
8700,715,450,2024-11-14,3,416.15,0,PayPal,1248.45
8701,677,131,2023-11-01,4,357.45,5,PayPal,1358.31
8702,640,393,2025-04-20,4,244.89,20,PayPal,783.65
8703,1,337,2024-05-25,4,490.32,20,Card,1569.02
8704,803,4,2024-02-02,2,425.27,10,Card,765.49
8705,935,414,2024-04-19,4,499.73,15,Card,1699.08
8706,412,418,2025-04-30,1,5.08,20,PayPal,4.06
8707,875,158,2024-03-19,2,437.27,5,PayPal,830.81
8708,407,67,2024-02-20,4,40.69,20,UPI,130.21
8709,644,40,2024-08-24,1,461.82,5,PayPal,438.73
8710,696,194,2025-05-03,4,14.91,10,PayPal,53.68
8711,377,261,2024-02-05,3,123.9,20,Cash,297.36
8712,634,357,2024-08-10,4,381.3,0,UPI,1525.2
8713,942,488,2023-11-25,4,159.08,0,PayPal,636.32
8714,248,269,2024-04-15,5,319.1,0,Cash,1595.5
8715,524,103,2023-04-26,3,326.12,5,UPI,929.44
8716,649,301,2023-01-02,2,477.5,0,Card,955.0
8717,379,234,2023-12-08,1,386.32,15,PayPal,328.37
8718,675,101,2023-05-24,2,125.44,0,UPI,250.88
8719,865,19,2024-10-27,1,430.26,5,Card,408.75
8720,287,359,2024-01-21,1,59.12,10,PayPal,53.21
8721,2,218,2023-02-06,4,128.14,15,Cash,435.68
8722,675,27,2023-11-19,5,425.19,5,PayPal,2019.65
8723,340,45,2024-03-05,4,183.5,0,Card,734.0
8724,882,18,2024-10-20,2,404.71,5,UPI,768.95
8725,768,389,2024-12-22,4,165.75,20,Card,530.4
8726,732,467,2024-09-16,4,466.89,5,UPI,1774.18
8727,696,172,2024-07-30,1,20.38,10,UPI,18.34
8728,795,192,2024-02-23,2,205.48,20,PayPal,328.77
8729,388,28,2024-08-14,5,249.22,5,PayPal,1183.79
8730,17,423,2023-11-07,2,474.3,0,UPI,948.6
8731,34,86,2023-03-03,5,113.26,10,PayPal,509.67
8732,224,248,2024-01-21,2,252.63,15,Card,429.47
8733,763,439,2024-11-08,1,419.64,5,PayPal,398.66
8734,599,394,2023-06-04,5,371.87,5,PayPal,1766.38
8735,996,155,2024-09-19,3,241.23,10,PayPal,651.32
8736,91,291,2023-12-10,4,377.75,10,PayPal,1359.9
8737,891,123,2024-01-12,1,219.19,15,UPI,186.31
8738,302,19,2023-04-20,4,115.01,10,Card,414.04
8739,204,466,2024-06-08,2,452.43,10,Cash,814.37
8740,83,248,2024-06-10,1,41.15,10,UPI,37.03
8741,560,470,2024-09-03,1,351.4,15,Card,298.69
8742,384,260,2025-06-05,1,436.66,0,UPI,436.66
8743,523,103,2023-05-29,2,307.91,15,PayPal,523.45
8744,641,92,2023-07-19,5,388.08,0,Cash,1940.4
8745,119,447,2024-05-21,1,142.76,0,UPI,142.76
8746,96,290,2025-03-25,5,435.07,0,UPI,2175.35
8747,37,6,2023-06-26,4,125.72,10,Card,452.59
8748,172,494,2025-02-08,2,363.37,0,Cash,726.74
8749,877,356,2023-08-07,4,335.42,5,Card,1274.6
8750,58,251,2024-05-15,1,203.26,20,UPI,162.61
8751,780,89,2023-08-19,4,250.25,0,Cash,1001.0
8752,349,18,2023-04-09,3,86.74,10,UPI,234.2
8753,731,225,2024-09-25,2,462.76,5,UPI,879.24
8754,411,410,2025-05-23,1,141.95,5,UPI,134.85
8755,305,150,2024-03-01,1,437.58,5,Cash,415.7
8756,962,124,2025-03-20,3,350.08,20,PayPal,840.19
8757,814,261,2023-10-09,1,120.73,20,PayPal,96.58
8758,846,318,2023-07-27,2,215.2,10,Cash,387.36
8759,774,379,2023-01-27,3,89.16,5,PayPal,254.11
8760,61,247,2024-06-06,5,340.13,0,Cash,1700.65
8761,307,464,2023-02-04,4,276.17,20,UPI,883.74
8762,430,268,2024-10-13,4,215.47,0,Card,861.88
8763,74,467,2023-03-24,2,491.56,20,UPI,786.5
8764,342,307,2023-01-14,3,406.28,20,PayPal,975.07
8765,386,368,2025-01-09,1,427.11,20,Cash,341.69
8766,683,430,2024-06-05,1,111.49,0,Cash,111.49
8767,681,37,2025-02-13,3,222.59,0,Card,667.77
8768,353,98,2025-01-11,2,151.23,20,UPI,241.97
8769,407,438,2025-04-14,2,74.1,0,UPI,148.2
8770,292,187,2025-03-05,2,296.8,20,UPI,474.88
8771,781,4,2023-02-02,1,379.47,15,UPI,322.55
8772,46,78,2023-06-17,4,273.38,20,UPI,874.82
8773,429,91,2025-06-18,2,470.94,0,PayPal,941.88
8774,545,240,2023-02-09,1,381.41,10,Card,343.27
8775,225,368,2024-11-28,3,463.46,15,UPI,1181.82
8776,893,309,2024-09-05,5,211.1,20,Cash,844.4
8777,291,419,2024-04-29,5,25.97,20,Cash,103.88
8778,848,486,2023-02-10,5,283.2,10,Cash,1274.4
8779,838,447,2024-06-16,3,357.24,0,PayPal,1071.72
8780,377,18,2024-12-25,2,480.45,5,PayPal,912.85
8781,665,70,2025-06-15,4,123.73,10,Cash,445.43
8782,402,455,2024-06-12,5,224.07,15,UPI,952.3
8783,866,47,2025-03-24,2,186.62,10,UPI,335.92
8784,713,6,2023-04-07,2,119.41,5,PayPal,226.88
8785,102,189,2023-03-29,3,374.87,5,PayPal,1068.38
8786,975,51,2025-03-07,2,281.27,15,UPI,478.16
8787,813,124,2025-03-30,3,181.56,20,UPI,435.74
8788,277,163,2024-02-06,4,9.74,5,Cash,37.01
8789,849,374,2025-02-12,4,423.06,15,Card,1438.4
8790,773,35,2024-08-17,1,253.27,0,UPI,253.27
8791,716,51,2023-05-02,2,372.31,0,Cash,744.62
8792,730,383,2023-01-16,5,43.79,10,PayPal,197.06
8793,11,93,2025-02-02,2,408.71,5,Card,776.55
8794,850,459,2025-03-10,5,211.79,15,Card,900.11
8795,169,45,2023-08-18,2,214.34,15,PayPal,364.38
8796,363,290,2025-03-30,1,224.43,20,UPI,179.54
8797,144,342,2023-02-02,1,417.55,20,Cash,334.04
8798,92,153,2024-01-22,5,43.67,5,Cash,207.43
8799,260,436,2024-01-24,4,338.7,20,Card,1083.84
8800,748,450,2024-04-28,4,99.17,5,Cash,376.85
8801,431,499,2024-06-25,4,247.2,5,PayPal,939.36
8802,12,6,2024-03-21,1,384.86,0,UPI,384.86
8803,247,257,2023-02-10,2,51.82,15,PayPal,88.09
8804,159,338,2023-02-22,5,96.95,20,Card,387.8
8805,655,41,2023-03-31,5,307.73,0,Cash,1538.65
8806,642,132,2023-12-22,3,139.8,10,Card,377.46
8807,136,210,2023-11-13,4,388.73,0,PayPal,1554.92
8808,426,195,2024-02-09,2,290.1,15,PayPal,493.17
8809,215,233,2023-10-08,4,299.41,5,UPI,1137.76
8810,808,174,2025-04-30,3,81.74,5,UPI,232.96
8811,86,145,2024-07-06,4,12.79,0,PayPal,51.16
8812,379,10,2023-01-21,5,201.56,0,Card,1007.8
8813,552,205,2024-03-12,4,184.6,5,UPI,701.48
8814,8,221,2023-01-26,4,423.08,20,Card,1353.86
8815,475,484,2025-02-20,4,419.04,15,Cash,1424.74
8816,66,350,2024-01-01,5,34.25,15,UPI,145.56
8817,999,24,2023-10-04,5,417.0,5,UPI,1980.75
8818,294,218,2024-05-19,4,109.63,10,PayPal,394.67
8819,403,180,2023-05-26,4,432.06,10,UPI,1555.42
8820,2,389,2024-01-11,3,331.12,5,PayPal,943.69
8821,789,189,2025-02-19,3,443.08,10,UPI,1196.32
8822,622,488,2024-05-10,1,43.86,5,Card,41.67
8823,253,24,2024-05-05,5,119.59,10,Card,538.16
8824,203,54,2023-11-05,4,66.58,15,PayPal,226.37
8825,378,270,2023-11-18,4,95.51,5,UPI,362.94
8826,64,384,2023-12-16,4,35.98,5,UPI,136.72
8827,105,445,2024-04-02,2,34.99,10,Cash,62.98
8828,842,108,2023-08-21,3,321.74,5,PayPal,916.96
8829,503,445,2023-06-09,3,124.83,5,UPI,355.77
8830,126,82,2025-03-12,1,471.23,20,Cash,376.98
8831,621,102,2024-05-30,2,276.1,20,PayPal,441.76
8832,562,419,2023-06-16,2,133.11,20,PayPal,212.98
8833,170,141,2025-02-27,1,30.47,15,UPI,25.9
8834,754,433,2023-01-09,2,301.63,10,PayPal,542.93
8835,355,1,2023-07-22,1,103.1,10,Card,92.79
8836,544,479,2024-04-02,2,49.96,20,Card,79.94
8837,58,179,2023-06-16,4,254.7,10,Cash,916.92
8838,606,292,2025-02-15,1,121.3,0,Card,121.3
8839,561,337,2023-12-31,4,194.22,20,Card,621.5
8840,667,390,2024-03-22,4,131.89,10,Card,474.8
8841,507,223,2024-07-17,2,263.84,20,UPI,422.14
8842,691,389,2023-06-05,2,144.91,0,UPI,289.82
8843,362,347,2023-01-05,3,348.46,10,PayPal,940.84
8844,612,450,2024-05-20,4,246.14,15,Cash,836.88
8845,750,104,2024-09-03,3,305.01,0,Cash,915.03
8846,86,375,2024-02-14,3,20.16,10,UPI,54.43
8847,200,216,2024-11-01,5,359.88,20,PayPal,1439.52
8848,33,243,2023-02-16,1,372.73,15,Card,316.82
8849,800,158,2023-01-29,5,340.79,10,UPI,1533.56
8850,95,121,2024-11-16,3,347.59,0,Cash,1042.77
8851,330,410,2025-02-27,1,296.47,20,Card,237.18
8852,933,497,2023-10-02,2,202.6,20,PayPal,324.16
8853,688,496,2024-05-10,1,443.78,20,Card,355.02
8854,887,394,2023-01-09,1,304.28,5,Cash,289.07
8855,170,222,2023-12-22,4,483.68,20,Card,1547.78
8856,326,454,2023-10-04,3,202.38,5,UPI,576.78
8857,604,382,2024-10-07,3,445.41,0,PayPal,1336.23
8858,729,330,2023-08-23,1,89.24,0,Cash,89.24
8859,929,124,2023-02-23,3,348.96,0,Card,1046.88
8860,658,304,2024-01-25,3,445.14,20,Cash,1068.34
8861,816,309,2023-11-04,5,198.44,10,Cash,892.98
8862,215,431,2023-10-31,4,100.66,15,Card,342.24
8863,52,216,2024-02-16,5,46.52,5,UPI,220.97
8864,880,201,2024-02-29,5,341.99,10,PayPal,1538.96
8865,901,225,2025-05-03,2,420.74,15,PayPal,715.26
8866,463,10,2023-12-27,3,214.39,10,Card,578.85
8867,589,187,2023-11-01,3,397.48,0,UPI,1192.44
8868,742,116,2025-05-02,3,137.18,10,Cash,370.39
8869,768,463,2024-04-08,5,173.55,20,Cash,694.2
8870,26,105,2023-11-14,3,82.1,10,PayPal,221.67
8871,809,148,2024-04-02,3,134.46,0,UPI,403.38
8872,883,455,2024-06-24,1,398.83,10,Card,358.95
8873,278,86,2024-03-28,3,143.89,0,UPI,431.67
8874,744,395,2024-02-19,2,390.21,10,UPI,702.38
8875,469,297,2024-09-05,5,392.87,5,UPI,1866.13
8876,884,218,2024-02-23,2,31.78,20,PayPal,50.85
8877,135,376,2024-09-02,3,252.85,20,Cash,606.84
8878,227,336,2024-01-23,4,241.75,0,Card,967.0
8879,52,175,2023-12-26,3,76.3,10,PayPal,206.01
8880,474,185,2023-11-09,5,188.6,10,Card,848.7
8881,924,328,2024-03-14,4,287.14,0,Cash,1148.56
8882,217,170,2023-02-27,5,183.5,5,Card,871.62
8883,946,303,2023-11-09,2,20.01,10,Card,36.02
8884,539,473,2024-12-25,2,10.39,20,Card,16.62
8885,948,415,2024-06-17,2,382.02,10,UPI,687.64
8886,781,301,2023-05-24,5,496.16,20,UPI,1984.64
8887,137,156,2024-02-06,4,239.48,5,UPI,910.02
8888,241,116,2025-05-04,3,29.68,15,PayPal,75.68
8889,379,436,2025-03-04,4,85.71,10,Card,308.56
8890,571,46,2023-03-29,3,155.89,15,PayPal,397.52
8891,940,33,2023-02-27,2,197.24,15,UPI,335.31
8892,359,398,2023-10-02,5,83.85,20,Cash,335.4
8893,896,463,2023-03-06,3,428.61,0,Card,1285.83
8894,547,48,2024-05-08,4,183.2,10,UPI,659.52
8895,374,359,2023-07-12,3,68.63,15,UPI,175.01
8896,625,19,2024-03-08,1,140.44,10,Cash,126.4
8897,205,439,2024-12-12,2,499.59,10,Card,899.26
8898,234,224,2024-03-08,1,178.61,5,Cash,169.68
8899,767,51,2023-04-22,4,473.51,20,UPI,1515.23
8900,21,73,2025-05-12,5,411.72,20,Cash,1646.88
8901,831,182,2023-07-01,4,298.3,0,Cash,1193.2
8902,681,310,2025-05-15,5,170.3,15,UPI,723.77
8903,611,26,2025-05-23,4,47.63,10,UPI,171.47
8904,12,267,2023-12-14,3,375.37,0,UPI,1126.11
8905,551,38,2023-05-01,3,86.04,15,PayPal,219.4
8906,84,132,2023-07-09,5,123.36,5,UPI,585.96
8907,533,93,2024-06-06,5,95.21,0,Card,476.05
8908,698,480,2023-04-06,3,272.82,20,PayPal,654.77
8909,202,82,2023-01-10,4,48.92,0,PayPal,195.68
8910,876,168,2025-04-30,5,348.05,5,PayPal,1653.24
8911,314,181,2025-02-08,5,482.77,10,Card,2172.47
8912,304,394,2024-11-04,2,92.52,10,PayPal,166.54
8913,748,221,2023-09-13,2,34.21,20,PayPal,54.74
8914,68,289,2023-05-20,4,98.56,20,PayPal,315.39
8915,920,81,2024-03-16,2,209.01,15,PayPal,355.32
8916,780,223,2024-01-14,5,399.05,15,Card,1695.96
8917,252,71,2024-09-15,4,432.76,5,UPI,1644.49
8918,188,185,2024-05-14,2,145.86,15,UPI,247.96
8919,599,254,2025-01-03,1,334.78,20,Cash,267.82
8920,24,101,2024-07-19,1,13.28,15,PayPal,11.29
8921,286,243,2024-12-02,5,215.0,15,Cash,913.75
8922,92,96,2023-05-10,1,497.16,0,Cash,497.16
8923,640,214,2025-03-31,2,85.6,15,Cash,145.52
8924,261,224,2025-04-09,2,135.55,5,Cash,257.55
8925,571,230,2023-06-04,1,60.2,20,Card,48.16
8926,346,425,2023-04-20,2,358.09,20,UPI,572.94
8927,241,212,2023-06-30,2,258.0,10,Card,464.4
8928,101,483,2025-01-13,1,71.5,15,Card,60.77
8929,837,275,2025-03-01,4,264.2,10,Card,951.12
8930,776,499,2024-06-23,4,178.5,15,Cash,606.9
8931,334,271,2025-04-02,1,77.94,10,Cash,70.15
8932,295,266,2023-11-09,1,134.08,0,PayPal,134.08
8933,667,37,2023-12-08,1,5.26,15,Cash,4.47
8934,350,69,2024-11-03,5,425.69,10,UPI,1915.6
8935,640,370,2024-01-21,4,214.46,10,Cash,772.06
8936,754,390,2025-05-11,5,179.25,0,UPI,896.25
8937,229,440,2023-01-30,1,467.93,15,UPI,397.74
8938,404,498,2025-02-06,4,235.59,5,Card,895.24
8939,985,28,2024-09-16,1,499.97,0,UPI,499.97
8940,303,158,2023-09-13,5,329.56,0,Card,1647.8
8941,443,153,2024-05-18,4,395.2,15,PayPal,1343.68
8942,560,492,2024-06-03,4,253.0,10,PayPal,910.8
8943,600,130,2024-03-18,2,116.46,15,PayPal,197.98
8944,992,496,2024-05-28,2,306.97,15,Cash,521.85
8945,621,452,2024-05-22,3,259.14,15,Cash,660.81
8946,340,176,2023-05-02,5,218.46,10,UPI,983.07
8947,649,154,2025-06-16,4,190.15,0,PayPal,760.6
8948,368,435,2025-04-03,2,144.22,0,Cash,288.44
8949,102,133,2024-01-24,1,247.78,10,Cash,223.0
8950,668,379,2025-06-05,4,20.67,20,UPI,66.14
8951,760,306,2023-08-14,3,30.06,5,Cash,85.67
8952,729,397,2023-07-27,1,364.55,10,PayPal,328.1
8953,646,412,2024-02-08,5,205.29,0,PayPal,1026.45
8954,814,160,2024-02-10,3,241.42,20,Cash,579.41
8955,229,292,2025-01-29,5,98.67,15,PayPal,419.35
8956,200,457,2023-01-07,1,425.86,15,Cash,361.98
8957,380,179,2023-10-20,1,9.92,15,Cash,8.43
8958,352,324,2023-12-31,4,305.1,10,Card,1098.36
8959,998,306,2025-04-10,5,415.33,20,UPI,1661.32
8960,433,133,2023-06-27,4,98.48,15,Cash,334.83
8961,439,228,2025-01-22,3,343.44,10,Card,927.29
8962,674,223,2023-12-23,3,412.44,15,Cash,1051.72
8963,361,422,2024-04-14,4,363.47,5,UPI,1381.19
8964,1,111,2025-05-18,4,321.05,5,UPI,1219.99
8965,681,490,2024-05-29,5,327.94,0,Cash,1639.7
8966,195,188,2024-01-26,2,139.95,20,UPI,223.92
8967,552,4,2024-02-05,4,459.6,15,UPI,1562.64
8968,371,277,2024-09-21,3,309.67,20,Card,743.21
8969,344,384,2023-05-07,5,410.2,5,Card,1948.45
8970,420,133,2024-04-20,2,251.02,10,Cash,451.84
8971,709,130,2024-03-05,4,410.54,15,PayPal,1395.84
8972,163,41,2024-09-10,3,399.34,15,Card,1018.32
8973,130,412,2024-07-27,1,265.36,20,Card,212.29
8974,661,346,2024-08-20,2,391.34,15,Card,665.28
8975,587,423,2025-06-10,1,248.31,15,Card,211.06
8976,760,493,2024-11-17,2,171.38,10,UPI,308.48
8977,617,192,2024-10-17,4,204.26,20,Card,653.63
8978,566,208,2023-04-11,1,322.42,0,UPI,322.42
8979,581,84,2023-09-22,4,360.26,20,Cash,1152.83
8980,672,85,2024-10-14,4,271.81,5,Card,1032.88
8981,543,208,2023-05-28,4,427.24,5,PayPal,1623.51
8982,717,394,2025-02-22,2,335.16,15,PayPal,569.77
8983,283,419,2023-05-10,3,92.35,0,UPI,277.05
8984,745,480,2023-05-15,1,70.28,15,UPI,59.74
8985,621,49,2025-02-21,4,204.47,0,UPI,817.88
8986,681,373,2024-10-30,3,48.27,15,Cash,123.09
8987,429,280,2024-01-17,2,290.82,5,PayPal,552.56
8988,660,189,2025-02-08,1,251.53,5,Card,238.95
8989,514,477,2024-05-03,5,292.45,0,UPI,1462.25
8990,756,175,2023-08-22,3,475.88,5,PayPal,1356.26
8991,602,392,2023-05-21,5,444.6,10,UPI,2000.7
8992,136,412,2025-05-15,5,451.41,15,UPI,1918.49
8993,554,147,2023-06-16,2,346.2,5,Cash,657.78
8994,44,443,2023-03-11,5,102.29,20,UPI,409.16
8995,956,424,2025-04-23,3,353.25,5,UPI,1006.76
8996,46,424,2023-05-05,4,93.1,5,Card,353.78
8997,623,315,2025-03-07,3,220.7,20,UPI,529.68
8998,536,415,2023-09-30,3,333.05,0,PayPal,999.15
8999,189,398,2025-04-29,5,119.27,5,Cash,566.53
9000,263,29,2023-09-19,5,357.24,10,PayPal,1607.58
9001,540,66,2024-11-23,1,149.43,20,UPI,119.54
9002,521,9,2023-12-17,1,307.19,20,PayPal,245.75
9003,584,396,2023-10-06,2,337.35,20,PayPal,539.76
9004,642,426,2025-06-09,3,278.05,15,PayPal,709.03
9005,574,366,2023-01-13,4,455.53,0,Cash,1822.12
9006,984,333,2023-04-14,4,376.82,5,Card,1431.92
9007,244,374,2024-01-27,4,306.54,5,Card,1164.85
9008,66,67,2025-02-20,2,454.1,15,PayPal,771.97
9009,410,224,2024-07-17,3,361.47,15,Card,921.75
9010,627,424,2024-10-13,5,180.16,15,Cash,765.68
9011,934,439,2023-06-05,1,439.73,0,Cash,439.73
9012,810,19,2023-06-02,3,82.81,20,Cash,198.74
9013,496,215,2023-06-10,3,370.25,15,PayPal,944.14
9014,945,288,2024-07-08,1,176.15,0,Card,176.15
9015,44,384,2024-02-18,4,231.23,5,Card,878.67
9016,394,293,2023-09-06,2,197.91,5,UPI,376.03
9017,440,496,2023-06-07,4,449.96,15,UPI,1529.86
9018,689,363,2025-04-30,4,128.42,0,PayPal,513.68
9019,577,312,2023-04-21,4,242.55,10,UPI,873.18
9020,730,394,2023-09-11,5,329.27,0,UPI,1646.35
9021,958,124,2023-04-20,2,185.25,15,PayPal,314.93
9022,884,302,2025-02-02,4,213.89,20,Card,684.45
9023,450,145,2023-10-13,2,56.27,0,PayPal,112.54
9024,489,190,2023-04-19,5,331.49,10,PayPal,1491.71
9025,744,369,2024-12-08,4,455.71,10,Cash,1640.56
9026,273,437,2024-07-20,5,437.67,5,PayPal,2078.93
9027,783,405,2025-05-31,1,197.9,20,Card,158.32
9028,325,212,2024-03-30,1,440.8,0,PayPal,440.8
9029,653,281,2023-06-29,1,476.27,20,UPI,381.02
9030,846,286,2025-01-13,4,360.81,15,UPI,1226.75
9031,58,92,2024-08-29,2,445.0,0,UPI,890.0
9032,388,375,2024-10-19,4,253.3,5,Cash,962.54
9033,674,451,2024-05-13,5,129.98,5,Cash,617.4
9034,858,409,2024-07-17,3,149.73,5,PayPal,426.73
9035,816,311,2024-08-10,2,321.18,15,UPI,546.01
9036,341,10,2025-02-12,1,353.99,15,PayPal,300.89
9037,803,212,2023-09-03,5,54.25,5,PayPal,257.69
9038,232,91,2025-04-22,4,393.2,15,Cash,1336.88
9039,757,447,2023-05-05,1,81.72,20,Card,65.38
9040,150,439,2023-06-25,1,484.27,15,UPI,411.63
9041,547,239,2023-11-21,1,144.34,20,Card,115.47
9042,1000,83,2024-07-21,2,188.1,20,PayPal,300.96
9043,17,281,2024-06-10,1,370.82,20,PayPal,296.66
9044,134,221,2024-08-20,2,295.08,10,PayPal,531.14
9045,87,183,2025-06-15,3,148.96,15,UPI,379.85
9046,893,193,2023-08-24,5,369.15,15,Cash,1568.89
9047,389,10,2023-09-12,5,490.84,5,PayPal,2331.49
9048,763,36,2024-03-11,2,301.49,10,Cash,542.68
9049,341,476,2025-02-22,1,493.59,10,Card,444.23
9050,592,290,2025-01-21,1,305.61,20,PayPal,244.49
9051,452,101,2025-05-07,2,201.02,15,Card,341.73
9052,41,471,2023-09-15,1,387.7,10,Cash,348.93
9053,295,250,2023-11-22,4,162.69,0,UPI,650.76
9054,295,63,2023-06-17,3,332.98,0,Card,998.94
9055,817,233,2025-01-08,5,260.58,10,PayPal,1172.61
9056,125,450,2023-04-05,5,254.59,20,Cash,1018.36
9057,751,333,2024-12-31,4,67.34,20,UPI,215.49
9058,862,85,2024-07-29,1,68.4,5,UPI,64.98
9059,592,381,2023-03-23,4,402.15,5,UPI,1528.17
9060,308,226,2025-02-23,1,486.97,5,PayPal,462.62
9061,192,356,2024-05-06,3,103.06,5,UPI,293.72
9062,824,455,2024-06-21,4,190.66,5,PayPal,724.51
9063,527,299,2023-06-05,5,289.45,15,UPI,1230.16
9064,619,92,2024-11-16,2,265.15,20,PayPal,424.24
9065,995,440,2025-04-29,2,141.77,20,Card,226.83
9066,182,202,2024-06-06,1,238.67,5,PayPal,226.74
9067,817,156,2025-02-19,5,448.04,20,UPI,1792.16
9068,529,428,2025-05-29,3,417.91,20,Cash,1002.98
9069,150,235,2023-01-22,4,295.57,5,Cash,1123.17
9070,600,160,2024-06-13,4,428.29,5,PayPal,1627.5
9071,964,424,2025-01-08,1,321.9,20,PayPal,257.52
9072,801,255,2023-07-10,4,453.01,10,PayPal,1630.84
9073,694,483,2024-02-19,5,451.53,0,Cash,2257.65
9074,781,242,2023-11-23,5,115.06,5,PayPal,546.53
9075,587,12,2024-09-08,2,351.1,0,UPI,702.2
9076,211,373,2024-03-31,1,126.71,5,PayPal,120.37
9077,860,267,2025-04-28,5,471.81,10,Cash,2123.15
9078,291,120,2023-09-05,1,129.76,0,UPI,129.76
9079,381,83,2024-01-10,1,251.69,0,UPI,251.69
9080,309,446,2023-05-01,3,127.19,20,Cash,305.26
9081,14,57,2023-05-02,3,469.33,5,PayPal,1337.59
9082,749,137,2024-10-22,1,97.65,0,Cash,97.65
9083,75,222,2024-01-09,2,112.03,5,Cash,212.86
9084,789,373,2025-03-03,3,316.81,15,UPI,807.87
9085,895,14,2024-02-19,1,32.8,20,PayPal,26.24
9086,732,462,2025-03-29,1,125.27,5,Card,119.01
9087,541,357,2025-05-25,5,377.79,10,Card,1700.06
9088,236,133,2025-04-19,4,116.31,20,PayPal,372.19
9089,228,166,2024-11-08,4,213.44,10,PayPal,768.38
9090,24,40,2024-06-22,2,5.79,5,Cash,11.0
9091,988,438,2024-05-30,2,320.05,15,Card,544.09
9092,701,460,2024-03-25,3,17.27,10,Card,46.63
9093,235,442,2024-06-05,3,12.19,0,UPI,36.57
9094,954,276,2023-02-09,5,259.36,20,Card,1037.44
9095,162,112,2023-04-23,4,326.24,0,PayPal,1304.96
9096,213,253,2025-05-08,4,22.21,0,Cash,88.84
9097,710,84,2024-12-07,3,375.45,10,UPI,1013.71
9098,788,473,2024-10-23,3,246.79,15,PayPal,629.31
9099,827,481,2024-07-31,5,73.98,15,Cash,314.42
9100,372,223,2024-08-01,4,415.29,5,UPI,1578.1
9101,83,288,2023-08-20,5,366.48,10,Card,1649.16
9102,629,262,2024-02-28,5,256.74,10,PayPal,1155.33
9103,798,426,2024-02-20,1,48.68,15,PayPal,41.38
9104,363,107,2024-04-27,5,498.8,0,UPI,2494.0
9105,538,83,2025-03-06,1,467.32,10,Card,420.59
9106,31,78,2023-11-04,1,314.92,5,PayPal,299.17
9107,127,276,2025-01-01,2,259.55,15,Cash,441.24
9108,694,148,2024-06-10,1,35.83,15,Cash,30.46
9109,461,237,2024-11-10,3,285.01,15,UPI,726.78
9110,453,483,2024-08-17,2,326.76,10,UPI,588.17
9111,176,332,2024-11-21,5,434.97,20,PayPal,1739.88
9112,751,189,2023-06-09,5,330.46,10,Card,1487.07
9113,31,343,2023-11-30,2,267.07,15,PayPal,454.02
9114,675,81,2024-03-07,3,133.55,10,Card,360.59
9115,331,431,2023-07-17,4,91.58,20,PayPal,293.06
9116,230,219,2025-06-04,5,98.12,20,PayPal,392.48
9117,560,481,2024-03-02,4,17.74,0,Card,70.96
9118,440,382,2024-04-13,2,194.71,10,Cash,350.48
9119,825,18,2023-12-06,5,475.54,0,Card,2377.7
9120,669,433,2025-02-23,3,193.14,0,Card,579.42
9121,175,293,2023-12-15,4,344.17,5,PayPal,1307.85
9122,658,92,2025-03-28,2,113.55,20,PayPal,181.68
9123,459,120,2023-06-28,3,398.02,10,Cash,1074.65
9124,714,462,2023-02-18,4,269.82,0,PayPal,1079.28
9125,947,43,2024-07-24,1,180.99,5,UPI,171.94
9126,949,91,2024-05-20,4,290.68,15,Cash,988.31
9127,895,51,2023-09-24,3,201.91,15,Card,514.87
9128,223,302,2023-12-05,3,439.79,10,Card,1187.43
9129,857,203,2024-01-27,4,265.36,15,Cash,902.22
9130,546,29,2025-02-14,5,283.19,15,PayPal,1203.56
9131,534,240,2024-06-30,2,244.54,20,UPI,391.26
9132,383,270,2024-11-08,2,497.89,10,UPI,896.2
9133,23,479,2023-01-02,3,108.98,15,UPI,277.9
9134,845,294,2024-08-24,4,457.31,20,Cash,1463.39
9135,426,197,2023-04-17,1,266.15,15,Cash,226.23
9136,744,81,2023-06-04,4,127.28,5,PayPal,483.66
9137,349,90,2024-02-22,5,386.84,10,UPI,1740.78
9138,683,215,2023-08-20,3,158.63,15,PayPal,404.51
9139,522,282,2024-12-11,2,303.47,10,PayPal,546.25
9140,202,300,2025-02-12,5,180.76,0,Cash,903.8
9141,264,445,2023-08-05,1,354.26,5,PayPal,336.55
9142,816,113,2024-09-07,2,473.12,15,UPI,804.3
9143,561,61,2024-01-16,1,299.26,20,UPI,239.41
9144,655,95,2024-09-23,3,173.99,20,UPI,417.58
9145,164,185,2024-03-26,3,280.24,10,PayPal,756.65
9146,141,407,2023-03-11,3,254.85,5,Card,726.32
9147,910,272,2024-04-27,2,105.99,10,Card,190.78
9148,909,243,2024-11-05,2,131.5,5,Card,249.85
9149,583,494,2024-03-21,4,23.27,10,Card,83.77
9150,757,279,2024-04-15,3,101.22,15,PayPal,258.11
9151,436,483,2023-07-08,3,451.61,5,Cash,1287.09
9152,914,186,2023-03-12,3,95.84,0,Cash,287.52
9153,185,212,2024-05-08,4,316.26,5,Cash,1201.79
9154,356,173,2023-05-20,3,179.14,5,Cash,510.55
9155,766,373,2024-06-19,4,433.86,10,Cash,1561.9
9156,399,53,2025-06-05,3,250.63,0,Card,751.89
9157,423,427,2024-05-22,5,127.26,0,PayPal,636.3
9158,980,116,2024-08-28,4,490.19,0,PayPal,1960.76
9159,524,15,2024-11-04,2,498.45,10,Card,897.21
9160,424,470,2023-09-26,4,129.4,15,Cash,439.96
9161,257,55,2023-07-16,1,422.12,20,UPI,337.7
9162,231,243,2024-05-05,2,69.89,0,UPI,139.78
9163,157,141,2025-04-25,3,272.9,5,Cash,777.76
9164,74,492,2023-04-07,1,367.0,10,PayPal,330.3
9165,185,25,2024-08-10,5,200.13,5,Cash,950.62
9166,27,53,2024-02-22,2,129.88,15,PayPal,220.8
9167,297,233,2023-04-18,4,54.45,20,Cash,174.24
9168,556,24,2024-08-03,3,116.9,15,PayPal,298.1
9169,796,179,2023-07-07,2,492.59,15,PayPal,837.4
9170,612,210,2024-07-08,1,332.36,5,PayPal,315.74
9171,95,500,2024-10-20,3,206.85,15,PayPal,527.47
9172,934,424,2025-04-18,3,228.84,15,Cash,583.54
9173,685,338,2023-07-22,2,141.98,20,Cash,227.17
9174,303,17,2023-04-24,4,233.68,0,Cash,934.72
9175,945,291,2023-04-19,4,97.01,15,Cash,329.83
9176,769,388,2024-04-26,5,330.0,10,UPI,1485.0
9177,268,21,2023-02-02,2,232.17,5,Cash,441.12
9178,574,381,2023-12-04,5,370.13,5,PayPal,1758.12
9179,958,396,2025-05-05,2,333.36,10,UPI,600.05
9180,857,394,2023-09-09,5,142.62,5,Card,677.44
9181,384,243,2025-04-02,5,417.69,0,UPI,2088.45
9182,746,100,2024-12-22,1,65.38,0,UPI,65.38
9183,676,94,2024-02-19,5,336.46,10,UPI,1514.07
9184,504,469,2024-06-06,2,470.82,20,UPI,753.31
9185,934,142,2023-01-01,1,189.15,20,UPI,151.32
9186,210,103,2023-08-31,2,340.42,10,UPI,612.76
9187,771,412,2025-06-10,1,458.09,15,PayPal,389.38
9188,323,269,2024-07-25,3,152.29,20,Cash,365.5
9189,67,28,2023-07-16,1,44.55,5,UPI,42.32
9190,365,186,2023-03-30,4,213.21,0,UPI,852.84
9191,991,471,2023-07-07,3,316.44,5,UPI,901.85
9192,388,49,2023-11-24,4,171.18,10,UPI,616.25
9193,964,374,2023-04-10,5,300.1,15,Cash,1275.42
9194,240,339,2023-07-30,4,339.61,10,Card,1222.6
9195,999,72,2025-02-05,4,175.32,5,UPI,666.22
9196,925,46,2024-06-23,4,15.83,5,PayPal,60.15
9197,378,231,2024-02-27,3,31.06,20,UPI,74.54
9198,46,448,2023-04-12,5,394.14,20,PayPal,1576.56
9199,668,192,2023-12-28,5,483.87,5,Cash,2298.38
9200,699,45,2024-05-13,3,208.34,15,PayPal,531.27
9201,861,415,2023-12-27,5,201.34,20,Cash,805.36
9202,181,499,2023-05-14,4,352.93,20,Cash,1129.38
9203,888,107,2024-12-15,1,261.01,10,PayPal,234.91
9204,469,383,2023-11-25,2,247.94,15,Card,421.5
9205,396,18,2024-10-06,5,432.54,15,Card,1838.3
9206,172,96,2024-10-30,1,251.51,10,Card,226.36
9207,590,287,2023-12-08,2,353.42,10,PayPal,636.16
9208,376,366,2025-04-09,1,65.36,15,PayPal,55.56
9209,727,443,2024-03-22,2,112.04,0,PayPal,224.08
9210,387,206,2025-04-28,2,182.28,0,Cash,364.56
9211,904,237,2023-02-01,4,424.91,15,Cash,1444.69
9212,829,2,2025-05-03,3,246.2,10,PayPal,664.74
9213,245,43,2023-05-11,1,244.74,0,PayPal,244.74
9214,492,379,2023-02-06,5,109.02,10,Cash,490.59
9215,615,326,2024-03-06,5,261.3,0,Cash,1306.5
9216,628,250,2025-02-21,3,373.7,20,Card,896.88
9217,423,166,2025-03-09,4,141.87,20,UPI,453.98
9218,933,430,2024-10-28,5,481.13,10,PayPal,2165.09
9219,101,460,2025-03-08,3,62.43,5,Cash,177.93
9220,966,256,2023-07-24,3,487.81,10,UPI,1317.09
9221,357,150,2023-01-05,3,364.05,10,UPI,982.94
9222,345,224,2024-03-04,5,235.88,5,PayPal,1120.43
9223,767,458,2024-08-12,3,323.22,10,Cash,872.69
9224,306,188,2024-12-03,4,39.98,0,UPI,159.92
9225,426,179,2024-03-06,1,165.87,0,Cash,165.87
9226,297,156,2024-10-21,2,469.28,20,Cash,750.85
9227,685,461,2024-07-27,1,132.2,0,Cash,132.2
9228,461,228,2023-10-15,1,211.63,0,Card,211.63
9229,117,190,2023-01-24,4,430.3,20,UPI,1376.96
9230,839,110,2024-03-23,4,490.95,10,UPI,1767.42
9231,544,60,2023-03-07,5,102.22,20,Card,408.88
9232,29,31,2023-02-06,4,172.69,15,Cash,587.15
9233,966,57,2023-12-01,5,135.04,20,UPI,540.16
9234,599,43,2023-12-07,4,231.91,15,Card,788.49
9235,168,90,2023-10-15,2,112.99,0,Cash,225.98
9236,338,228,2023-06-16,5,382.3,5,Cash,1815.92
9237,595,268,2024-06-15,2,220.99,15,Card,375.68
9238,108,243,2025-01-13,5,345.23,20,Card,1380.92
9239,805,24,2024-10-05,5,259.66,5,Card,1233.39
9240,717,105,2025-05-18,1,133.05,10,Cash,119.75
9241,820,190,2023-05-04,3,334.42,15,Cash,852.77
9242,401,297,2025-03-30,3,303.07,20,Card,727.37
9243,863,305,2025-01-21,5,116.17,20,UPI,464.68
9244,657,310,2023-03-20,4,86.22,10,UPI,310.39
9245,182,331,2023-09-06,2,145.34,10,UPI,261.61
9246,264,369,2023-08-26,3,275.2,10,Card,743.04
9247,317,383,2025-05-08,1,391.8,20,UPI,313.44
9248,453,499,2024-12-21,4,90.91,15,UPI,309.09
9249,616,38,2025-02-10,2,445.31,0,Card,890.62
9250,689,95,2024-10-15,1,346.46,0,PayPal,346.46
9251,805,199,2025-02-02,2,176.75,15,PayPal,300.47
9252,572,313,2025-01-14,4,247.18,20,PayPal,790.98
9253,37,437,2025-01-19,2,386.08,20,Card,617.73
9254,953,464,2024-02-24,3,317.59,10,UPI,857.49
9255,450,261,2025-01-14,4,417.86,15,Card,1420.72
9256,931,431,2024-04-20,4,361.58,20,PayPal,1157.06
9257,718,253,2024-06-20,2,478.14,10,UPI,860.65
9258,187,9,2024-04-12,1,145.95,5,PayPal,138.65
9259,670,368,2024-05-28,5,24.3,0,Cash,121.5
9260,114,147,2024-03-14,4,103.9,10,PayPal,374.04
9261,142,139,2024-09-23,3,380.09,20,UPI,912.22
9262,80,342,2025-04-16,4,230.81,15,PayPal,784.75
9263,829,298,2024-03-16,5,486.55,10,Card,2189.47
9264,85,252,2025-01-05,4,179.32,10,Card,645.55
9265,402,377,2025-05-07,3,430.1,0,Cash,1290.3
9266,626,344,2025-01-17,3,461.27,0,Cash,1383.81
9267,94,30,2023-06-03,3,184.9,0,PayPal,554.7
9268,832,381,2024-11-24,2,329.54,5,UPI,626.13
9269,131,163,2023-07-18,2,13.95,5,UPI,26.5
9270,931,244,2024-05-10,2,52.63,20,Cash,84.21
9271,168,113,2024-12-22,5,484.47,15,Cash,2059.0
9272,667,161,2024-03-22,1,430.59,5,Cash,409.06
9273,885,263,2024-10-18,3,265.97,15,Cash,678.22
9274,789,414,2025-05-14,2,381.68,0,Card,763.36
9275,184,347,2024-05-31,2,334.22,15,Cash,568.17
9276,772,240,2023-10-16,3,189.04,10,Card,510.41
9277,764,364,2025-06-18,4,53.96,5,Card,205.05
9278,612,325,2023-12-17,3,13.4,0,Cash,40.2
9279,998,493,2024-07-07,2,242.59,20,UPI,388.14
9280,391,277,2023-09-17,1,389.96,15,Cash,331.47
9281,520,52,2023-03-01,1,473.18,10,UPI,425.86
9282,612,92,2025-01-04,1,213.02,20,PayPal,170.42
9283,695,425,2025-01-04,5,196.32,10,Cash,883.44
9284,598,8,2024-09-07,4,221.4,0,Cash,885.6
9285,812,404,2024-06-16,3,155.72,20,Cash,373.73
9286,422,264,2023-02-15,3,477.14,5,UPI,1359.85
9287,167,255,2025-02-18,3,465.65,20,UPI,1117.56
9288,493,333,2023-01-31,2,67.33,20,UPI,107.73
9289,1,59,2025-06-05,4,211.38,10,PayPal,760.97
9290,635,245,2024-11-27,2,425.16,0,PayPal,850.32
9291,698,132,2023-08-28,1,42.24,20,UPI,33.79
9292,647,193,2025-06-15,5,39.12,0,PayPal,195.6
9293,909,401,2024-05-28,3,448.11,10,PayPal,1209.9
9294,605,252,2024-08-15,4,326.14,10,Card,1174.1
9295,507,289,2023-02-07,5,424.29,20,Card,1697.16
9296,362,328,2024-04-13,2,215.14,10,UPI,387.25
9297,31,321,2025-04-15,3,150.38,15,Cash,383.47
9298,579,355,2025-01-10,4,14.81,0,PayPal,59.24
9299,596,170,2023-11-06,1,222.35,20,UPI,177.88
9300,737,231,2023-09-02,3,26.03,0,Card,78.09
9301,53,45,2025-02-28,1,186.17,10,PayPal,167.55
9302,923,15,2024-09-02,1,463.84,15,PayPal,394.26
9303,768,342,2023-03-06,3,478.47,10,UPI,1291.87
9304,242,124,2025-05-05,2,388.46,15,UPI,660.38
9305,41,334,2023-03-14,3,322.52,10,PayPal,870.8
9306,21,303,2023-08-02,4,279.3,15,UPI,949.62
9307,437,156,2023-08-14,1,220.6,5,UPI,209.57
9308,180,486,2024-04-07,3,161.34,0,PayPal,484.02
9309,581,246,2023-11-02,4,201.49,0,UPI,805.96
9310,738,187,2023-04-22,4,166.41,15,PayPal,565.79
9311,192,27,2024-11-01,4,28.16,15,Card,95.74
9312,207,271,2023-08-09,5,15.57,15,Card,66.17
9313,644,408,2025-02-26,3,270.19,10,Cash,729.51
9314,447,40,2024-08-30,2,424.69,15,Card,721.97
9315,895,309,2025-03-24,3,179.7,10,UPI,485.19
9316,572,259,2024-06-20,1,473.21,5,UPI,449.55
9317,18,94,2023-12-08,1,113.28,15,PayPal,96.29
9318,36,147,2025-04-11,2,376.58,0,UPI,753.16
9319,925,237,2024-07-21,2,97.03,20,UPI,155.25
9320,803,137,2025-04-21,1,408.57,0,Cash,408.57
9321,631,223,2024-04-13,3,393.94,10,PayPal,1063.64
9322,382,404,2023-01-03,1,249.23,0,Card,249.23
9323,801,299,2023-04-09,5,135.89,20,UPI,543.56
9324,568,361,2023-04-22,2,268.48,20,Card,429.57
9325,908,229,2023-11-23,5,439.15,0,Card,2195.75
9326,316,311,2025-02-26,5,359.06,20,Card,1436.24
9327,873,142,2023-06-16,4,139.6,0,UPI,558.4
9328,550,328,2023-04-07,4,294.26,20,UPI,941.63
9329,526,413,2024-05-29,1,495.15,0,PayPal,495.15
9330,579,3,2025-03-04,2,117.58,15,PayPal,199.89
9331,786,174,2025-05-11,4,498.18,10,Cash,1793.45
9332,932,43,2024-09-13,1,191.54,20,UPI,153.23
9333,723,378,2023-07-27,2,347.39,5,UPI,660.04
9334,170,325,2023-12-14,5,99.95,5,PayPal,474.76
9335,94,343,2024-07-31,3,104.02,5,Cash,296.46
9336,447,479,2023-04-08,1,223.8,5,UPI,212.61
9337,38,71,2025-01-09,2,64.98,20,Cash,103.97
9338,675,34,2023-01-30,3,97.93,20,Cash,235.03
9339,545,383,2023-05-09,3,139.98,15,UPI,356.95
9340,813,452,2024-03-20,5,230.14,5,UPI,1093.16
9341,276,41,2024-06-20,5,141.33,15,PayPal,600.65
9342,258,306,2023-10-09,5,261.14,10,PayPal,1175.13
9343,626,326,2023-10-01,3,308.45,0,Cash,925.35
9344,463,108,2025-04-12,4,126.43,0,UPI,505.72
9345,1,495,2024-03-05,2,432.7,20,Card,692.32
9346,108,179,2025-05-14,1,339.64,15,PayPal,288.69
9347,23,208,2023-02-07,4,255.97,5,PayPal,972.69
9348,610,94,2023-03-10,4,390.69,0,PayPal,1562.76
9349,362,104,2025-06-12,2,135.24,0,PayPal,270.48
9350,269,289,2023-10-09,2,295.54,0,Cash,591.08
9351,430,45,2024-04-13,4,133.16,20,Card,426.11
9352,641,476,2024-03-21,5,301.75,10,Card,1357.88
9353,625,168,2024-02-23,3,418.44,20,PayPal,1004.26
9354,578,288,2023-12-06,3,207.19,20,PayPal,497.26
9355,716,188,2023-03-15,2,242.33,0,Card,484.66
9356,497,457,2025-06-03,5,170.55,15,UPI,724.84
9357,901,288,2023-11-11,1,335.35,20,Cash,268.28
9358,331,428,2023-05-26,3,397.0,10,Card,1071.9
9359,12,383,2023-01-08,1,84.74,15,PayPal,72.03
9360,175,252,2025-01-01,5,318.49,5,Card,1512.83
9361,599,96,2024-08-14,5,230.42,20,Card,921.68
9362,344,409,2024-08-03,5,328.18,10,UPI,1476.81
9363,631,99,2023-08-16,2,289.04,10,Cash,520.27
9364,827,194,2025-05-19,5,56.18,10,PayPal,252.81
9365,618,310,2024-09-26,5,24.07,10,Card,108.31
9366,618,158,2024-05-13,3,156.16,10,UPI,421.63
9367,3,359,2023-03-29,4,421.21,0,PayPal,1684.84
9368,439,280,2024-09-05,4,188.23,10,Cash,677.63
9369,316,291,2024-03-19,4,334.08,20,UPI,1069.06
9370,243,423,2023-05-16,1,44.74,20,Card,35.79
9371,42,486,2024-08-15,1,212.49,15,PayPal,180.62
9372,555,119,2024-05-22,1,180.07,10,Cash,162.06
9373,649,265,2023-11-11,3,439.22,15,Cash,1120.01
9374,247,469,2023-06-20,5,60.98,5,Cash,289.65
9375,225,317,2023-06-03,1,312.24,0,PayPal,312.24
9376,895,193,2023-10-03,5,485.01,20,PayPal,1940.04
9377,492,282,2025-05-17,5,312.72,15,Card,1329.06
9378,671,202,2024-08-23,1,91.58,0,PayPal,91.58
9379,278,107,2023-10-08,5,153.75,20,Cash,615.0
9380,636,321,2024-04-03,1,257.36,5,Cash,244.49
9381,993,35,2024-05-03,5,94.23,0,PayPal,471.15
9382,333,60,2023-05-09,1,160.04,0,Card,160.04
9383,188,192,2025-03-08,1,449.29,20,Card,359.43
9384,401,111,2023-11-30,4,263.76,0,PayPal,1055.04
9385,923,453,2023-10-30,1,170.71,5,Card,162.17
9386,356,430,2023-03-16,1,359.41,20,Cash,287.53
9387,813,275,2024-07-04,5,477.04,5,PayPal,2265.94
9388,631,243,2023-09-07,3,393.94,20,UPI,945.46
9389,989,416,2025-05-28,4,480.21,10,PayPal,1728.76
9390,585,27,2023-09-05,2,290.51,10,Cash,522.92
9391,577,299,2024-05-16,5,332.84,20,UPI,1331.36
9392,149,375,2023-06-21,2,197.6,10,PayPal,355.68
9393,383,22,2023-02-28,2,177.18,5,UPI,336.64
9394,850,448,2025-03-21,5,402.3,20,UPI,1609.2
9395,839,235,2024-12-04,3,50.04,15,Cash,127.6
9396,976,443,2024-07-07,3,20.32,15,Cash,51.82
9397,950,460,2024-05-15,1,255.53,0,UPI,255.53
9398,308,326,2023-07-27,2,222.19,20,PayPal,355.5
9399,449,107,2025-05-11,5,360.47,5,UPI,1712.23
9400,599,28,2025-03-31,4,368.08,0,Cash,1472.32
9401,118,467,2025-04-15,4,347.41,20,PayPal,1111.71
9402,622,150,2025-02-13,5,350.76,10,PayPal,1578.42
9403,838,342,2025-06-02,2,209.39,20,PayPal,335.02
9404,381,24,2024-11-23,4,12.55,20,Cash,40.16
9405,441,468,2023-05-24,5,177.88,10,UPI,800.46
9406,114,125,2023-10-01,2,205.12,15,PayPal,348.7
9407,263,81,2024-09-25,4,173.18,15,PayPal,588.81
9408,546,476,2023-04-19,5,267.67,0,PayPal,1338.35
9409,291,39,2025-03-26,4,387.28,15,PayPal,1316.75
9410,656,117,2023-09-13,3,454.62,15,UPI,1159.28
9411,190,258,2023-01-14,4,303.5,10,UPI,1092.6
9412,331,393,2023-07-06,4,486.61,20,PayPal,1557.15
9413,98,270,2025-06-01,1,412.14,20,UPI,329.71
9414,77,290,2023-12-22,4,292.65,5,Card,1112.07
9415,832,10,2025-02-22,1,310.0,20,UPI,248.0
9416,534,490,2023-09-08,5,435.79,5,Cash,2070.0
9417,539,91,2025-04-20,4,245.63,10,UPI,884.27
9418,865,161,2023-07-11,5,432.65,20,Card,1730.6
9419,560,180,2023-05-27,1,33.33,15,Card,28.33
9420,424,294,2025-02-03,5,422.07,0,UPI,2110.35
9421,290,362,2024-01-28,2,263.48,0,Card,526.96
9422,50,424,2024-11-27,3,152.02,0,Cash,456.06
9423,788,46,2024-11-15,5,47.82,10,Cash,215.19
9424,293,125,2023-04-16,3,43.93,15,Card,112.02
9425,959,41,2023-11-05,1,271.13,15,UPI,230.46
9426,539,8,2025-03-13,1,242.15,5,UPI,230.04
9427,261,340,2024-02-02,3,10.28,15,Cash,26.21
9428,104,211,2024-12-18,1,30.89,0,Card,30.89
9429,910,140,2023-08-11,1,33.8,15,Card,28.73
9430,499,133,2025-03-25,2,370.49,20,PayPal,592.78
9431,244,205,2024-06-10,5,495.98,0,UPI,2479.9
9432,362,300,2023-07-18,2,472.57,15,Card,803.37
9433,659,15,2024-04-16,4,49.37,15,Cash,167.86
9434,710,384,2023-12-20,2,200.04,20,Card,320.06
9435,629,469,2025-06-07,2,182.09,5,PayPal,345.97
9436,417,277,2024-08-21,4,249.93,10,Cash,899.75
9437,518,305,2024-02-08,5,280.9,10,PayPal,1264.05
9438,57,475,2024-12-26,5,64.78,15,Card,275.31
9439,722,16,2023-05-29,3,281.54,20,UPI,675.7
9440,28,73,2024-05-12,2,171.25,20,Cash,274.0
9441,490,69,2023-04-16,1,265.31,0,Cash,265.31
9442,169,148,2024-08-16,2,339.41,5,Cash,644.88
9443,469,324,2024-11-14,5,462.22,15,Card,1964.44
9444,678,497,2023-10-13,4,465.34,5,Card,1768.29
9445,988,188,2023-03-06,1,83.29,5,Cash,79.13
9446,943,435,2023-05-17,3,125.37,15,UPI,319.69
9447,592,353,2023-04-12,4,49.93,20,UPI,159.78
9448,828,209,2024-04-01,5,40.72,10,Card,183.24
9449,7,449,2024-09-30,3,28.96,0,UPI,86.88
9450,948,499,2023-02-17,2,490.47,20,Card,784.75
9451,416,431,2024-09-07,5,199.79,15,UPI,849.11
9452,575,450,2025-04-17,4,23.13,15,PayPal,78.64
9453,252,100,2024-01-24,5,353.9,5,Cash,1681.02
9454,695,454,2024-01-22,2,411.8,0,Cash,823.6
9455,943,429,2024-02-12,3,72.91,20,PayPal,174.98
9456,795,445,2024-08-14,1,468.5,10,UPI,421.65
9457,950,386,2024-12-23,5,375.84,15,UPI,1597.32
9458,451,46,2023-06-12,5,494.42,10,PayPal,2224.89
9459,473,136,2024-06-01,4,305.18,20,Card,976.58
9460,238,133,2024-03-12,1,413.52,20,Card,330.82
9461,233,190,2023-08-19,3,40.5,15,Cash,103.27
9462,961,153,2023-09-29,3,247.79,15,PayPal,631.86
9463,276,28,2024-12-30,3,429.89,10,UPI,1160.7
9464,903,168,2023-11-12,4,342.16,20,PayPal,1094.91
9465,906,309,2024-06-16,3,372.93,5,PayPal,1062.85
9466,531,269,2024-12-28,1,17.37,0,UPI,17.37
9467,610,10,2025-01-29,1,414.23,5,Cash,393.52
9468,87,218,2024-08-24,4,89.79,0,Card,359.16
9469,814,221,2023-09-15,1,358.13,10,Cash,322.32
9470,423,330,2024-09-20,3,413.04,10,Cash,1115.21
9471,83,35,2024-01-01,3,468.94,10,Cash,1266.14
9472,97,16,2025-02-12,2,117.5,15,UPI,199.75
9473,158,340,2023-12-09,1,117.91,5,Card,112.01
9474,307,44,2024-04-09,4,197.11,10,Card,709.6
9475,952,169,2023-03-23,4,495.64,20,PayPal,1586.05
9476,930,131,2025-05-18,5,329.44,5,Cash,1564.84
9477,567,319,2024-08-22,4,137.46,15,Card,467.36
9478,725,422,2025-04-08,1,479.1,5,UPI,455.14
9479,334,50,2025-06-14,2,318.55,5,Card,605.25
9480,787,442,2023-04-14,5,149.62,10,PayPal,673.29
9481,51,225,2025-03-08,1,387.79,15,Cash,329.62
9482,969,15,2025-04-25,4,385.62,0,Card,1542.48
9483,380,265,2024-01-13,1,221.15,5,Cash,210.09
9484,184,416,2024-01-10,2,462.18,20,UPI,739.49
9485,511,91,2025-05-23,3,314.68,5,UPI,896.84
9486,178,470,2023-12-08,5,477.27,15,PayPal,2028.4
9487,638,444,2023-06-15,2,316.81,0,PayPal,633.62
9488,381,479,2025-05-07,3,435.74,10,PayPal,1176.5
9489,299,231,2024-10-19,4,498.15,20,Cash,1594.08
9490,828,253,2024-03-23,2,462.58,10,Card,832.64
9491,974,239,2023-01-27,1,16.78,0,Cash,16.78
9492,495,173,2025-05-31,4,443.25,15,Card,1507.05
9493,291,114,2025-06-11,1,281.06,20,UPI,224.85
9494,28,94,2023-04-11,5,285.96,20,Cash,1143.84
9495,566,155,2024-08-28,5,55.22,5,PayPal,262.3
9496,597,223,2024-03-21,4,158.94,20,Card,508.61
9497,946,183,2023-10-29,2,469.35,5,Cash,891.76
9498,105,236,2024-12-13,5,340.89,0,Cash,1704.45
9499,542,169,2023-04-16,2,481.89,5,UPI,915.59
9500,21,84,2023-03-20,4,409.24,0,Card,1636.96
9501,965,172,2023-12-15,1,90.39,5,Card,85.87
9502,908,498,2023-07-05,2,443.88,20,PayPal,710.21
9503,65,12,2024-02-08,4,121.69,0,Card,486.76
9504,923,477,2024-01-19,4,363.89,5,PayPal,1382.78
9505,75,470,2025-05-17,1,270.26,20,Card,216.21
9506,506,438,2024-10-02,1,298.57,10,UPI,268.71
9507,831,440,2024-08-16,2,349.06,10,Cash,628.31
9508,330,197,2023-03-03,2,286.88,15,UPI,487.7
9509,665,73,2023-04-24,1,113.27,5,Cash,107.61
9510,950,465,2024-03-01,3,181.69,20,UPI,436.06
9511,80,19,2023-09-08,5,190.79,10,Cash,858.55
9512,717,457,2023-09-05,2,308.33,15,Cash,524.16
9513,390,53,2024-02-07,4,257.96,15,UPI,877.06
9514,170,66,2023-03-27,1,104.86,20,Cash,83.89
9515,355,361,2024-03-05,5,395.74,5,PayPal,1879.76
9516,94,386,2023-12-10,3,75.68,10,PayPal,204.34
9517,368,69,2025-06-12,5,328.94,5,UPI,1562.46
9518,825,47,2024-07-20,4,136.43,10,Card,491.15
9519,598,226,2025-01-07,2,28.95,20,UPI,46.32
9520,479,105,2025-05-21,2,409.23,20,Cash,654.77
9521,365,96,2024-10-30,3,494.23,10,UPI,1334.42
9522,298,372,2023-02-12,2,278.14,10,PayPal,500.65
9523,861,346,2024-05-26,1,212.1,20,UPI,169.68
9524,660,103,2024-05-27,2,499.97,10,Cash,899.95
9525,649,317,2023-02-10,1,435.38,0,UPI,435.38
9526,35,220,2023-06-14,4,153.13,5,UPI,581.89
9527,189,136,2023-01-14,3,421.64,20,Cash,1011.94
9528,662,340,2024-02-25,2,426.03,5,UPI,809.46
9529,397,370,2023-04-21,1,294.34,20,UPI,235.47
9530,750,279,2023-12-07,3,317.91,20,Cash,762.98
9531,32,168,2025-06-11,5,42.71,15,Card,181.52
9532,276,3,2025-04-09,2,86.75,0,Cash,173.5
9533,901,41,2024-02-13,3,263.58,5,Cash,751.2
9534,997,294,2024-01-28,4,22.81,5,Card,86.68
9535,76,211,2024-08-19,5,403.45,0,UPI,2017.25
9536,508,67,2024-03-18,4,167.31,10,PayPal,602.32
9537,571,124,2023-03-14,5,454.21,20,PayPal,1816.84
9538,280,391,2025-01-10,5,366.23,20,Cash,1464.92
9539,469,433,2023-03-04,4,72.7,15,Cash,247.18
9540,769,243,2025-04-03,4,199.79,10,PayPal,719.24
9541,818,305,2023-04-17,5,80.62,20,PayPal,322.48
9542,188,75,2023-10-23,5,468.41,20,Card,1873.64
9543,530,266,2025-01-10,2,93.73,5,PayPal,178.09
9544,408,281,2023-05-08,3,109.45,0,PayPal,328.35
9545,53,284,2023-12-28,2,491.31,10,UPI,884.36
9546,454,378,2023-02-19,3,487.94,10,UPI,1317.44
9547,242,307,2024-10-11,1,247.83,0,Card,247.83
9548,453,308,2024-10-21,2,112.23,5,Card,213.24
9549,946,269,2023-04-29,4,243.14,0,Card,972.56
9550,115,16,2024-03-06,3,208.09,15,PayPal,530.63
9551,730,429,2024-09-27,3,224.45,5,PayPal,639.68
9552,389,281,2024-04-18,3,30.97,0,PayPal,92.91
9553,173,306,2025-01-03,3,41.15,20,Card,98.76
9554,547,342,2023-11-21,1,163.94,0,PayPal,163.94
9555,965,4,2024-11-21,3,453.78,0,PayPal,1361.34
9556,485,154,2023-04-26,5,409.25,0,PayPal,2046.25
9557,685,386,2024-09-15,1,420.24,5,PayPal,399.23
9558,213,499,2023-07-29,1,154.27,5,Card,146.56
9559,547,438,2024-08-06,4,91.1,15,Card,309.74
9560,546,50,2024-05-31,1,286.74,15,Card,243.73
9561,154,193,2023-05-15,1,294.38,20,Card,235.5
9562,621,206,2023-03-02,5,140.1,20,Cash,560.4
9563,826,264,2024-01-31,2,226.49,15,PayPal,385.03
9564,459,313,2024-06-08,2,120.56,20,PayPal,192.9
9565,921,29,2025-04-22,4,99.95,10,Cash,359.82
9566,416,429,2025-01-06,2,14.71,20,UPI,23.54
9567,356,358,2024-08-06,2,10.76,15,PayPal,18.29
9568,167,308,2025-03-06,5,230.77,20,UPI,923.08
9569,38,401,2023-06-04,4,307.94,15,Card,1047.0
9570,273,418,2025-04-20,1,41.61,20,PayPal,33.29
9571,847,183,2024-12-07,1,365.99,20,PayPal,292.79
9572,688,272,2024-07-03,2,331.0,20,PayPal,529.6
9573,837,466,2023-06-28,1,221.36,0,Cash,221.36
9574,28,283,2024-02-11,1,44.12,5,UPI,41.91
9575,636,452,2024-09-04,4,349.47,20,Card,1118.3
9576,78,304,2023-12-12,4,410.0,10,UPI,1476.0
9577,736,160,2023-01-20,1,302.02,15,PayPal,256.72
9578,561,451,2023-01-04,1,129.56,5,Card,123.08
9579,307,94,2025-02-06,2,384.61,0,Cash,769.22
9580,156,457,2024-07-16,4,91.26,5,UPI,346.79
9581,172,373,2023-11-28,3,218.75,5,PayPal,623.44
9582,110,334,2023-07-30,4,412.12,20,Cash,1318.78
9583,541,339,2025-06-14,3,409.09,0,UPI,1227.27
9584,842,485,2023-05-02,5,435.59,10,PayPal,1960.15
9585,641,284,2025-01-07,3,90.33,0,Card,270.99
9586,680,235,2025-01-15,5,415.42,0,Cash,2077.1
9587,280,378,2023-09-27,5,72.77,15,PayPal,309.27
9588,49,221,2025-06-13,4,293.91,0,Card,1175.64
9589,290,110,2024-05-21,2,21.11,15,Cash,35.89
9590,961,63,2023-03-22,4,416.02,20,Cash,1331.26
9591,226,256,2023-08-14,2,402.35,15,UPI,684.0
9592,507,73,2023-08-10,1,36.89,0,Card,36.89
9593,43,110,2024-05-10,1,252.08,20,Cash,201.66
9594,589,371,2024-10-10,1,133.69,10,PayPal,120.32
9595,325,262,2024-05-05,4,461.71,0,Cash,1846.84
9596,555,451,2024-07-22,5,279.67,10,Card,1258.52
9597,677,162,2023-01-01,5,232.24,10,UPI,1045.08
9598,175,87,2023-07-03,1,155.07,15,Cash,131.81
9599,529,356,2024-05-10,5,128.55,15,PayPal,546.34
9600,976,10,2023-12-12,4,411.23,10,Card,1480.43
9601,607,35,2024-07-21,1,425.27,20,Card,340.22
9602,573,228,2023-01-20,5,140.33,0,UPI,701.65
9603,819,30,2023-06-18,1,303.49,15,Cash,257.97
9604,839,120,2024-06-19,4,48.89,10,PayPal,176.0
9605,839,236,2024-12-19,1,468.0,0,Card,468.0
9606,693,285,2023-11-25,2,262.41,20,UPI,419.86
9607,314,179,2024-10-28,2,441.11,10,UPI,794.0
9608,956,277,2023-09-15,1,12.56,15,PayPal,10.68
9609,714,278,2024-04-13,5,277.48,15,UPI,1179.29
9610,557,10,2023-11-18,3,373.86,10,UPI,1009.42
9611,857,231,2024-03-13,1,320.35,15,Cash,272.3
9612,211,57,2023-08-12,2,129.3,20,Cash,206.88
9613,726,313,2025-03-09,4,81.91,0,Cash,327.64
9614,297,219,2023-09-01,3,149.49,0,PayPal,448.47
9615,914,457,2023-08-08,2,100.36,20,Card,160.58
9616,300,311,2024-10-02,3,358.05,15,UPI,913.03
9617,992,64,2023-02-19,4,252.61,0,PayPal,1010.44
9618,949,45,2023-04-13,4,378.93,0,Card,1515.72
9619,724,305,2023-09-02,5,460.85,5,PayPal,2189.04
9620,581,361,2023-01-14,3,211.08,20,Card,506.59
9621,263,61,2023-09-14,3,162.6,10,Cash,439.02
9622,186,34,2024-05-15,2,200.71,0,Cash,401.42
9623,833,171,2025-02-21,2,410.96,0,Card,821.92
9624,535,146,2023-09-23,5,320.85,10,Cash,1443.83
9625,187,17,2024-07-17,2,264.36,0,Cash,528.72
9626,750,206,2023-10-11,4,329.17,0,Cash,1316.68
9627,426,12,2024-02-10,4,382.13,5,Card,1452.09
9628,767,317,2025-01-11,2,464.86,0,Cash,929.72
9629,199,47,2024-12-29,5,176.84,15,Cash,751.57
9630,606,147,2023-11-08,2,128.14,15,UPI,217.84
9631,738,369,2023-12-30,4,368.55,20,Card,1179.36
9632,410,210,2024-06-17,5,131.34,20,PayPal,525.36
9633,485,211,2023-04-21,1,246.21,0,PayPal,246.21
9634,858,410,2025-03-18,5,330.19,5,Cash,1568.4
9635,852,231,2023-05-12,4,242.4,0,Card,969.6
9636,525,32,2024-10-03,3,148.75,0,PayPal,446.25
9637,918,242,2024-12-27,5,21.68,10,PayPal,97.56
9638,780,351,2024-12-05,4,286.3,0,Cash,1145.2
9639,196,236,2024-02-16,2,276.25,20,PayPal,442.0
9640,852,83,2024-04-28,4,79.88,5,UPI,303.54
9641,171,212,2023-02-26,5,97.52,10,PayPal,438.84
9642,954,129,2023-04-28,2,5.7,5,PayPal,10.83
9643,269,220,2025-05-02,1,474.17,5,Card,450.46
9644,497,443,2024-10-04,3,451.16,0,UPI,1353.48
9645,408,244,2023-03-15,3,206.6,0,Card,619.8
9646,394,215,2023-09-25,1,51.94,0,PayPal,51.94
9647,685,389,2024-01-15,5,231.41,10,Card,1041.35
9648,27,63,2023-06-17,5,326.93,20,PayPal,1307.72
9649,225,313,2024-01-26,5,314.89,0,PayPal,1574.45
9650,169,341,2024-10-15,4,426.35,20,Cash,1364.32
9651,110,120,2024-05-28,3,394.29,5,Cash,1123.73
9652,208,114,2023-07-05,4,209.71,0,PayPal,838.84
9653,1,19,2023-11-13,3,153.28,0,Cash,459.84
9654,644,186,2024-11-11,1,100.62,0,Card,100.62
9655,743,4,2024-08-19,1,96.0,5,PayPal,91.2
9656,492,464,2023-12-02,3,5.54,15,UPI,14.13
9657,668,409,2025-06-13,4,351.99,15,PayPal,1196.77
9658,809,120,2025-01-25,2,210.44,10,UPI,378.79
9659,945,138,2024-10-20,4,235.37,5,Cash,894.41
9660,187,250,2024-01-22,2,218.11,20,Card,348.98
9661,466,316,2023-02-04,2,379.28,15,Cash,644.78
9662,540,463,2023-09-08,3,25.68,20,Card,61.63
9663,954,210,2024-11-12,2,42.24,15,Card,71.81
9664,378,29,2023-08-28,3,372.44,10,Cash,1005.59
9665,851,107,2024-02-20,5,322.33,10,Cash,1450.48
9666,493,345,2025-02-24,3,237.0,0,UPI,711.0
9667,866,268,2024-04-06,5,155.1,0,PayPal,775.5
9668,838,352,2023-04-09,3,119.74,5,Cash,341.26
9669,90,43,2023-10-24,1,311.6,0,PayPal,311.6
9670,650,278,2024-01-28,2,89.41,0,PayPal,178.82
9671,374,282,2023-12-08,3,286.8,10,PayPal,774.36
9672,133,435,2024-07-31,3,398.18,10,UPI,1075.09
9673,355,440,2023-10-07,3,144.85,15,Card,369.37
9674,665,54,2024-04-08,1,49.51,10,PayPal,44.56
9675,809,500,2023-04-20,4,493.29,15,PayPal,1677.19
9676,289,455,2023-06-28,3,6.69,15,PayPal,17.06
9677,900,470,2025-05-30,5,422.72,10,Card,1902.24
9678,272,186,2023-01-12,5,498.13,5,UPI,2366.12
9679,302,300,2023-09-24,2,143.13,20,Card,229.01
9680,207,415,2024-01-12,1,150.85,15,UPI,128.22
9681,279,158,2025-06-14,4,359.35,20,PayPal,1149.92
9682,768,328,2023-03-09,2,71.41,10,PayPal,128.54
9683,260,119,2023-09-19,3,403.61,10,PayPal,1089.75
9684,14,69,2024-08-30,5,440.36,0,Card,2201.8
9685,493,368,2024-03-01,1,147.58,0,UPI,147.58
9686,964,373,2023-04-25,1,251.23,20,PayPal,200.98
9687,695,22,2023-05-15,4,77.33,5,UPI,293.85
9688,471,411,2024-02-07,2,83.64,10,PayPal,150.55
9689,679,211,2023-10-09,1,122.54,15,Cash,104.16
9690,455,97,2023-06-15,4,468.85,5,Card,1781.63
9691,521,227,2024-03-14,2,132.58,0,PayPal,265.16
9692,847,258,2023-03-27,5,88.5,10,Cash,398.25
9693,468,213,2023-06-27,3,159.18,0,Cash,477.54
9694,693,435,2023-07-06,4,28.81,5,PayPal,109.48
9695,596,169,2023-07-16,2,240.91,5,PayPal,457.73
9696,911,377,2023-09-27,4,172.04,10,UPI,619.34
9697,570,103,2023-10-25,4,376.11,15,UPI,1278.77
9698,425,235,2023-05-16,5,125.18,0,UPI,625.9
9699,381,263,2024-07-30,5,283.49,0,UPI,1417.45
9700,593,203,2025-01-13,5,335.98,0,Card,1679.9
9701,142,464,2024-01-04,5,411.86,10,Card,1853.37
9702,934,373,2023-01-18,4,416.64,15,Card,1416.58
9703,739,338,2025-02-24,1,165.11,0,Card,165.11
9704,350,12,2025-05-07,4,410.23,10,Cash,1476.83
9705,995,445,2024-06-21,1,122.98,10,PayPal,110.68
9706,454,489,2024-06-14,1,180.94,0,UPI,180.94
9707,23,20,2024-04-16,4,368.41,5,Card,1399.96
9708,67,271,2024-05-20,3,124.21,20,Card,298.1
9709,903,206,2023-03-15,5,70.56,15,Card,299.88
9710,83,20,2024-09-08,1,121.22,15,Cash,103.04
9711,420,205,2024-12-16,5,50.88,20,Card,203.52
9712,891,29,2025-03-12,4,453.32,20,Cash,1450.62
9713,500,453,2024-11-03,3,78.05,10,Cash,210.73
9714,368,357,2024-01-06,5,262.98,5,UPI,1249.15
9715,260,261,2023-07-09,1,310.85,5,PayPal,295.31
9716,196,10,2024-05-31,4,330.04,5,PayPal,1254.15
9717,423,256,2023-11-07,1,291.52,0,PayPal,291.52
9718,29,74,2024-11-20,5,329.75,20,Cash,1319.0
9719,6,96,2023-03-06,3,301.5,5,UPI,859.27
9720,186,298,2024-06-17,3,139.19,10,Card,375.81
9721,724,331,2025-06-19,2,25.69,0,PayPal,51.38
9722,399,233,2023-06-26,4,207.24,15,Cash,704.62
9723,607,102,2023-01-26,3,470.05,20,Card,1128.12
9724,405,148,2023-09-15,5,194.77,15,PayPal,827.77
9725,422,432,2024-10-26,4,190.72,5,UPI,724.74
9726,927,366,2024-12-26,2,198.11,10,Card,356.6
9727,428,470,2023-06-29,5,215.9,0,UPI,1079.5
9728,787,185,2023-07-07,1,158.77,10,Cash,142.89
9729,888,284,2023-05-07,3,48.33,0,UPI,144.99
9730,165,74,2024-02-04,2,172.16,0,Cash,344.32
9731,699,492,2024-09-11,5,74.02,5,Card,351.59
9732,147,20,2023-09-29,5,255.69,20,PayPal,1022.76
9733,834,187,2023-05-03,2,185.88,5,Cash,353.17
9734,894,291,2023-08-03,2,77.44,15,UPI,131.65
9735,498,356,2023-11-15,1,167.48,20,Cash,133.98
9736,454,329,2025-03-13,1,183.86,15,UPI,156.28
9737,391,295,2023-05-10,4,109.47,15,Cash,372.2
9738,654,462,2024-07-19,4,224.1,20,Card,717.12
9739,974,84,2024-01-18,4,145.77,20,UPI,466.46
9740,61,254,2024-11-02,1,158.81,15,Cash,134.99
9741,945,159,2025-02-13,1,55.73,0,UPI,55.73
9742,924,377,2023-06-29,2,400.12,10,Cash,720.22
9743,931,94,2025-04-10,1,14.27,0,Card,14.27
9744,755,288,2024-05-02,5,371.3,0,UPI,1856.5
9745,539,187,2025-05-22,2,368.85,20,UPI,590.16
9746,1,479,2024-08-29,3,324.79,20,Cash,779.5
9747,292,1,2023-02-18,5,414.79,5,PayPal,1970.25
9748,615,377,2024-07-11,1,195.62,5,Card,185.84
9749,649,180,2023-11-24,2,243.94,10,Cash,439.09
9750,218,462,2024-05-09,2,91.47,10,Card,164.65
9751,907,389,2023-11-05,2,421.87,15,UPI,717.18
9752,723,329,2024-10-25,5,5.03,10,Cash,22.64
9753,996,56,2025-05-16,3,117.78,0,Cash,353.34
9754,436,130,2023-06-18,2,121.8,5,Cash,231.42
9755,712,426,2024-11-02,2,376.77,20,Card,602.83
9756,200,475,2024-10-07,5,360.83,5,Card,1713.94
9757,460,311,2025-02-27,2,370.95,20,UPI,593.52
9758,212,105,2023-12-20,1,62.08,15,PayPal,52.77
9759,735,335,2024-06-21,3,373.45,5,PayPal,1064.33
9760,473,438,2025-06-02,4,56.99,15,Cash,193.77
9761,821,444,2024-11-15,5,257.25,0,PayPal,1286.25
9762,191,384,2024-05-15,2,446.12,15,Card,758.4
9763,342,298,2024-06-14,3,305.26,15,PayPal,778.41
9764,462,450,2024-08-31,3,492.88,0,Card,1478.64
9765,507,340,2024-12-27,2,74.86,15,PayPal,127.26
9766,869,157,2025-02-06,1,413.8,15,Card,351.73
9767,74,493,2025-05-21,3,161.36,10,PayPal,435.67
9768,392,360,2025-01-31,2,234.33,0,Cash,468.66
9769,19,118,2023-08-06,1,384.06,10,Cash,345.65
9770,844,20,2024-09-24,2,168.0,15,PayPal,285.6
9771,433,323,2024-06-25,5,99.21,10,UPI,446.44
9772,978,120,2023-12-12,4,338.37,0,PayPal,1353.48
9773,637,466,2025-04-23,4,345.1,20,UPI,1104.32
9774,519,275,2025-06-17,5,301.48,20,UPI,1205.92
9775,583,363,2023-06-12,5,261.73,10,Card,1177.79
9776,186,267,2023-01-05,3,259.25,5,Card,738.86
9777,527,146,2024-11-07,1,383.0,0,PayPal,383.0
9778,82,33,2025-04-24,4,44.51,5,Card,169.14
9779,691,228,2023-06-06,3,479.16,0,Card,1437.48
9780,287,205,2024-10-15,1,175.98,15,Card,149.58
9781,219,458,2023-10-08,5,90.66,0,UPI,453.3
9782,50,460,2023-08-25,5,422.82,0,Cash,2114.1
9783,195,66,2023-02-20,4,317.37,0,PayPal,1269.48
9784,940,412,2024-05-21,4,137.9,10,UPI,496.44
9785,499,169,2023-12-12,2,360.25,20,Cash,576.4
9786,576,188,2023-06-15,1,253.31,5,Card,240.64
9787,380,112,2023-07-13,5,462.19,5,Cash,2195.4
9788,423,125,2024-08-04,3,315.22,10,PayPal,851.09
9789,53,61,2024-05-21,2,66.42,5,PayPal,126.2
9790,381,448,2024-01-11,1,150.04,20,Cash,120.03
9791,323,441,2025-02-17,5,53.98,5,Card,256.4
9792,113,95,2025-05-24,3,301.62,0,PayPal,904.86
9793,435,364,2024-10-21,3,418.46,0,UPI,1255.38
9794,350,272,2025-02-25,1,476.6,15,UPI,405.11
9795,169,413,2025-03-11,5,206.02,0,Cash,1030.1
9796,141,350,2024-10-11,3,260.64,0,Card,781.92
9797,418,184,2024-03-02,4,449.0,15,PayPal,1526.6
9798,89,255,2023-05-05,4,425.93,20,UPI,1362.98
9799,622,213,2024-04-17,3,29.37,15,PayPal,74.89
9800,834,60,2023-11-05,4,312.12,5,Cash,1186.06
9801,670,163,2024-06-29,2,36.61,15,PayPal,62.24
9802,636,492,2024-12-29,5,335.7,5,PayPal,1594.57
9803,252,207,2024-07-28,1,241.3,0,PayPal,241.3
9804,86,244,2024-10-19,2,46.24,5,PayPal,87.86
9805,834,313,2023-05-01,1,459.4,20,UPI,367.52
9806,961,93,2025-02-03,5,302.05,20,Card,1208.2
9807,317,141,2025-06-13,1,273.21,10,UPI,245.89
9808,505,392,2025-01-06,5,390.64,10,PayPal,1757.88
9809,672,25,2025-01-28,2,33.85,15,UPI,57.55
9810,783,452,2024-08-15,5,252.56,20,Cash,1010.24
9811,393,81,2023-07-27,1,79.95,10,Cash,71.95
9812,818,447,2024-05-08,5,356.99,15,Card,1517.21
9813,195,264,2023-06-01,5,148.06,5,Cash,703.28
9814,156,494,2024-10-21,1,252.27,10,Card,227.04
9815,832,308,2023-08-12,4,49.2,0,Card,196.8
9816,337,127,2023-08-12,4,352.42,15,Card,1198.23
9817,530,365,2023-04-23,4,329.68,20,PayPal,1054.98
9818,451,372,2023-09-30,4,498.66,15,Cash,1695.44
9819,145,28,2024-03-20,5,92.62,15,Cash,393.63
9820,979,340,2024-07-17,5,329.02,10,UPI,1480.59
9821,899,96,2023-05-14,2,340.3,5,Card,646.57
9822,936,205,2024-10-29,5,304.96,20,PayPal,1219.84
9823,65,449,2024-11-08,2,121.92,15,Card,207.26
9824,415,473,2024-03-13,5,364.03,5,PayPal,1729.14
9825,351,219,2024-06-18,3,208.55,15,Cash,531.8
9826,695,447,2024-04-17,1,216.64,10,Cash,194.98
9827,215,497,2024-11-19,2,104.98,20,UPI,167.97
9828,578,418,2023-10-06,3,230.44,0,PayPal,691.32
9829,91,390,2024-03-01,5,32.89,20,PayPal,131.56
9830,991,443,2023-12-05,3,385.1,5,Cash,1097.54
9831,412,92,2024-04-26,5,412.88,5,Card,1961.18
9832,754,75,2023-02-10,2,343.94,0,Card,687.88
9833,261,451,2025-01-22,3,411.72,10,PayPal,1111.64
9834,882,89,2024-09-22,1,398.93,15,Card,339.09
9835,765,374,2023-04-25,3,342.64,15,Card,873.73
9836,586,24,2024-06-29,3,249.55,10,Cash,673.79
9837,204,59,2024-12-04,3,33.97,0,UPI,101.91
9838,895,308,2024-01-28,4,436.35,15,PayPal,1483.59
9839,85,274,2023-11-26,2,393.66,5,UPI,747.95
9840,876,176,2025-03-17,1,65.59,15,Card,55.75
9841,941,313,2023-02-06,1,78.72,10,Card,70.85
9842,115,113,2023-10-31,1,409.96,5,UPI,389.46
9843,186,308,2023-09-12,1,100.69,20,Card,80.55
9844,363,28,2023-12-19,5,227.06,10,Cash,1021.77
9845,565,289,2024-02-11,4,256.45,15,UPI,871.93
9846,421,10,2023-01-31,5,192.24,0,UPI,961.2
9847,596,488,2024-10-09,2,135.16,10,PayPal,243.29
9848,921,89,2025-02-03,5,264.2,15,Cash,1122.85
9849,319,273,2024-09-11,1,93.99,20,Card,75.19
9850,988,163,2023-08-30,3,361.93,10,Card,977.21
9851,446,244,2023-11-10,5,470.35,15,Card,1998.99
9852,469,495,2023-12-30,4,343.54,0,PayPal,1374.16
9853,392,108,2025-05-26,5,440.19,15,Cash,1870.81
9854,557,469,2024-12-13,5,122.04,10,UPI,549.18
9855,948,469,2023-11-20,4,360.5,20,Cash,1153.6
9856,561,92,2025-04-15,3,228.26,20,Card,547.82
9857,517,268,2023-08-27,2,186.26,20,Cash,298.02
9858,177,129,2024-07-04,2,65.78,20,UPI,105.25
9859,629,397,2024-06-07,2,266.7,5,UPI,506.73
9860,980,443,2023-09-19,2,478.04,5,Card,908.28
9861,251,297,2023-04-04,2,202.34,10,UPI,364.21
9862,488,287,2024-07-07,3,288.18,10,PayPal,778.09
9863,821,201,2024-01-04,4,402.61,0,Cash,1610.44
9864,543,382,2025-01-14,5,93.46,10,UPI,420.57
9865,82,62,2023-08-14,1,32.75,20,PayPal,26.2
9866,195,457,2024-04-30,3,217.8,20,Card,522.72
9867,209,400,2025-05-05,3,322.48,15,UPI,822.32
9868,334,394,2024-02-12,3,240.13,10,Card,648.35
9869,256,252,2024-12-08,2,285.23,15,Card,484.89
9870,959,52,2023-05-06,2,266.57,0,Card,533.14
9871,992,194,2025-04-07,3,53.25,20,UPI,127.8
9872,429,204,2023-06-15,5,272.33,15,Cash,1157.4
9873,179,296,2024-01-21,1,113.11,20,UPI,90.49
9874,686,74,2024-07-02,5,198.53,5,Card,943.02
9875,298,12,2023-06-22,1,384.92,10,UPI,346.43
9876,704,407,2023-03-30,5,185.72,20,Cash,742.88
9877,537,75,2023-06-14,2,388.79,0,PayPal,777.58
9878,136,8,2024-08-18,3,482.7,0,UPI,1448.1
9879,815,139,2024-02-21,2,286.52,5,Card,544.39
9880,478,223,2024-10-05,4,202.26,15,Cash,687.68
9881,296,2,2024-01-19,3,17.3,10,Card,46.71
9882,464,119,2023-12-31,5,317.9,0,PayPal,1589.5
9883,195,77,2023-12-09,3,487.75,0,PayPal,1463.25
9884,878,248,2024-11-01,5,478.09,20,PayPal,1912.36
9885,234,350,2024-01-26,3,269.62,0,PayPal,808.86
9886,643,45,2025-05-12,4,471.32,10,PayPal,1696.75
9887,826,196,2023-03-01,5,57.83,0,UPI,289.15
9888,460,120,2023-06-04,5,75.87,5,PayPal,360.38
9889,630,45,2024-01-19,2,6.34,0,UPI,12.68
9890,634,374,2024-11-19,4,228.61,15,PayPal,777.27
9891,552,106,2024-08-30,2,108.09,10,UPI,194.56
9892,121,49,2023-12-12,2,98.93,0,Cash,197.86
9893,425,65,2023-05-06,2,499.43,10,Cash,898.97
9894,474,437,2024-12-16,1,237.9,10,Cash,214.11
9895,924,449,2023-11-25,4,393.92,0,UPI,1575.68
9896,477,452,2023-11-26,1,93.03,10,Cash,83.73
9897,35,267,2024-12-21,3,209.18,0,UPI,627.54
9898,245,285,2024-06-20,4,277.93,0,Cash,1111.72
9899,266,463,2023-03-27,1,192.21,5,UPI,182.6
9900,781,188,2025-01-23,5,297.48,15,UPI,1264.29
9901,786,222,2024-04-16,3,43.75,10,UPI,118.12
9902,24,203,2024-03-14,5,134.52,10,PayPal,605.34
9903,293,396,2024-02-16,3,167.79,15,UPI,427.86
9904,16,253,2024-02-08,4,406.3,15,Cash,1381.42
9905,287,202,2023-03-17,1,375.8,0,PayPal,375.8
9906,887,173,2023-01-10,5,114.71,15,Cash,487.52
9907,781,347,2023-04-24,4,343.31,5,UPI,1304.58
9908,845,378,2024-10-05,3,348.94,15,PayPal,889.8
9909,265,237,2024-02-27,2,79.31,20,PayPal,126.9
9910,161,209,2023-01-30,2,204.76,15,PayPal,348.09
9911,909,92,2024-06-05,5,349.17,10,UPI,1571.27
9912,274,371,2025-04-23,5,239.41,0,Card,1197.05
9913,858,95,2023-12-28,3,34.18,5,Card,97.41
9914,831,157,2023-11-01,2,50.62,20,Cash,80.99
9915,278,431,2025-06-04,1,392.46,5,Cash,372.84
9916,490,412,2023-03-25,2,240.93,5,PayPal,457.77
9917,525,119,2024-01-11,1,212.13,10,Cash,190.92
9918,375,282,2023-01-27,2,486.72,15,UPI,827.42
9919,709,474,2023-09-14,2,240.02,15,PayPal,408.03
9920,25,50,2024-08-04,2,97.35,10,UPI,175.23
9921,797,226,2023-12-22,4,305.89,0,PayPal,1223.56
9922,913,21,2024-07-17,1,355.63,20,Card,284.5
9923,239,389,2025-01-03,4,178.69,10,UPI,643.28
9924,480,217,2024-04-16,1,498.51,5,UPI,473.58
9925,1,381,2024-11-21,2,181.97,15,Card,309.35
9926,417,299,2023-02-23,4,90.62,20,PayPal,289.98
9927,512,6,2023-12-11,4,291.63,15,PayPal,991.54
9928,8,233,2023-11-20,3,63.41,5,Card,180.72
9929,147,296,2023-06-25,2,118.2,20,Cash,189.12
9930,533,459,2024-01-23,3,327.4,20,Cash,785.76
9931,94,167,2024-10-28,4,292.23,15,UPI,993.58
9932,65,380,2024-03-25,4,101.95,20,PayPal,326.24
9933,653,460,2023-08-23,4,123.21,10,PayPal,443.56
9934,953,330,2024-04-01,4,206.14,15,Cash,700.88
9935,211,61,2024-08-16,4,84.49,15,PayPal,287.27
9936,525,451,2023-06-06,2,177.31,15,Cash,301.43
9937,824,305,2023-03-22,4,369.09,10,PayPal,1328.72
9938,618,414,2025-05-30,3,32.08,5,PayPal,91.43
9939,460,181,2024-12-04,2,184.59,20,PayPal,295.34
9940,911,489,2023-10-25,2,372.45,20,Card,595.92
9941,598,217,2025-01-01,3,56.39,10,Cash,152.25
9942,808,471,2025-01-22,1,410.6,10,Cash,369.54
9943,1000,303,2023-12-17,5,62.91,10,Cash,283.09
9944,74,213,2023-03-27,5,56.66,10,Cash,254.97
9945,782,490,2024-04-25,4,59.51,20,Card,190.43
9946,852,10,2024-09-23,4,218.83,15,Card,744.02
9947,907,352,2024-06-27,3,249.33,5,UPI,710.59
9948,638,116,2023-05-01,1,189.77,0,Card,189.77
9949,284,92,2025-02-15,4,20.14,15,Cash,68.48
9950,257,374,2024-08-26,2,142.28,10,PayPal,256.1
9951,803,100,2023-03-22,4,99.84,20,Card,319.49
9952,713,258,2023-04-23,3,158.91,0,UPI,476.73
9953,755,130,2023-03-26,1,181.37,5,Card,172.3
9954,333,122,2025-03-27,4,481.48,0,Cash,1925.92
9955,495,142,2023-08-06,3,219.58,5,Card,625.8
9956,222,500,2023-03-20,3,189.25,20,Card,454.2
9957,862,411,2024-03-06,3,42.57,0,Card,127.71
9958,432,395,2024-07-23,3,305.87,15,PayPal,779.97
9959,569,174,2024-04-13,4,114.69,20,Card,367.01
9960,679,294,2023-11-08,5,292.28,20,Card,1169.12
9961,952,98,2023-05-12,4,471.55,15,PayPal,1603.27
9962,365,270,2023-05-23,1,457.07,0,UPI,457.07
9963,119,493,2024-07-14,1,162.18,0,Cash,162.18
9964,953,437,2024-05-26,3,178.92,10,PayPal,483.08
9965,719,241,2025-05-26,3,355.86,10,Card,960.82
9966,650,241,2023-04-06,3,389.7,15,PayPal,993.73
9967,349,166,2024-03-23,4,197.96,0,Card,791.84
9968,951,414,2023-05-23,2,85.3,5,PayPal,162.07
9969,575,225,2024-01-17,3,264.6,15,UPI,674.73
9970,654,19,2023-09-24,1,128.94,5,Card,122.49
9971,749,336,2024-08-24,3,110.34,20,Card,264.82
9972,714,4,2025-03-11,3,177.01,0,PayPal,531.03
9973,649,448,2024-03-25,4,183.13,20,Card,586.02
9974,428,394,2023-09-05,4,11.97,20,UPI,38.3
9975,715,88,2023-04-08,2,443.01,5,Card,841.72
9976,222,486,2025-05-21,2,371.14,20,PayPal,593.82
9977,489,398,2023-04-14,3,388.06,20,PayPal,931.34
9978,310,111,2023-12-31,2,476.54,5,Card,905.43
9979,784,352,2023-12-05,3,132.72,10,Card,358.34
9980,107,369,2024-05-08,5,463.15,20,UPI,1852.6
9981,810,242,2023-01-16,4,487.45,0,Cash,1949.8
9982,828,53,2023-06-05,1,343.12,5,UPI,325.96
9983,341,480,2024-12-26,2,341.77,15,PayPal,581.01
9984,874,161,2024-04-05,4,456.33,5,Cash,1734.05
9985,711,423,2023-09-10,1,133.61,15,Cash,113.57
9986,100,310,2023-11-03,3,356.42,10,UPI,962.33
9987,566,44,2024-07-06,5,74.55,20,UPI,298.2
9988,555,344,2024-08-27,2,487.68,15,Card,829.06
9989,681,424,2023-01-18,5,466.21,20,Cash,1864.84
9990,770,56,2024-05-19,3,335.03,10,Card,904.58
9991,371,252,2024-11-16,5,300.81,20,Cash,1203.24
9992,989,234,2023-10-04,1,68.38,10,UPI,61.54
9993,568,217,2023-01-13,5,460.91,5,PayPal,2189.32
9994,370,208,2023-10-04,5,142.27,10,Card,640.22
9995,626,52,2024-07-24,4,485.93,5,Card,1846.53
9996,273,247,2025-04-17,1,210.44,20,Cash,168.35
9997,726,272,2023-12-25,2,290.52,15,Cash,493.88
9998,448,313,2025-04-09,2,352.14,10,Card,633.85
9999,379,191,2025-02-03,5,171.22,0,PayPal,856.1
10000,732,166,2023-04-12,5,124.23,5,UPI,590.09
10001,730,342,2025-03-10,2,87.03,20,Card,139.25
10002,691,398,2023-10-03,3,57.14,5,Cash,162.85
10003,948,301,2025-02-21,3,118.48,0,Cash,355.44
10004,619,32,2023-05-08,5,472.15,10,PayPal,2124.68
10005,882,161,2024-11-24,5,489.62,5,PayPal,2325.69
10006,656,132,2024-07-21,1,281.8,0,UPI,281.8
10007,398,152,2023-04-25,3,422.67,15,Cash,1077.81
10008,806,341,2025-05-23,1,226.93,5,PayPal,215.58
10009,433,224,2024-05-26,4,290.38,0,Card,1161.52
10010,185,331,2023-02-04,4,53.34,20,PayPal,170.69
10011,345,242,2023-07-10,3,27.55,0,Card,82.65
10012,951,240,2023-06-21,3,28.6,15,Card,72.93
10013,887,358,2023-01-21,1,446.25,5,Cash,423.94
10014,668,452,2023-07-05,5,247.12,0,UPI,1235.6
10015,464,382,2025-02-23,2,453.96,0,Cash,907.92
10016,200,407,2024-04-16,1,213.03,10,PayPal,191.73
10017,454,445,2024-08-18,3,343.29,10,PayPal,926.88
10018,328,51,2025-06-02,2,268.51,15,Card,456.47
10019,36,324,2025-05-29,5,457.43,0,Cash,2287.15
10020,241,365,2023-12-26,4,354.5,0,Card,1418.0
10021,917,454,2025-06-12,4,488.92,15,PayPal,1662.33
10022,438,490,2024-07-17,4,486.24,5,UPI,1847.71
10023,285,39,2024-08-03,1,406.56,20,Cash,325.25
10024,166,17,2023-05-05,3,485.39,0,PayPal,1456.17
10025,390,381,2023-12-04,2,27.78,5,UPI,52.78
10026,679,445,2024-08-23,3,206.95,5,Cash,589.81
10027,629,410,2023-10-12,3,65.92,20,UPI,158.21
10028,291,84,2023-11-01,5,496.31,0,Cash,2481.55
10029,105,82,2024-12-03,5,69.49,0,Cash,347.45
10030,827,473,2024-05-19,3,329.94,10,Cash,890.84
10031,999,3,2024-01-11,1,407.97,10,Card,367.17
10032,104,100,2024-04-16,5,187.53,0,Card,937.65
10033,293,122,2024-05-17,1,134.3,20,UPI,107.44
10034,601,302,2023-06-21,2,19.46,5,Card,36.97
10035,800,163,2024-05-20,1,233.48,20,Cash,186.78
10036,698,321,2024-01-27,2,343.7,15,Cash,584.29
10037,918,386,2024-06-24,1,214.2,20,Cash,171.36
10038,308,155,2023-02-09,4,498.57,20,Card,1595.42
10039,726,2,2025-05-25,4,341.41,20,Cash,1092.51
10040,813,89,2025-05-01,2,179.86,10,Card,323.75
10041,742,389,2023-04-02,2,117.4,0,PayPal,234.8
10042,293,23,2024-04-06,5,210.32,0,Card,1051.6
10043,386,189,2025-03-12,4,341.13,15,Card,1159.84
10044,374,354,2023-01-19,1,391.24,5,Card,371.68
10045,982,372,2023-12-29,2,179.81,15,UPI,305.68
10046,826,87,2023-02-02,3,60.87,5,Card,173.48
10047,584,388,2023-02-21,5,115.82,15,PayPal,492.23
10048,778,244,2024-06-11,1,302.78,10,Cash,272.5
10049,441,128,2024-01-20,2,461.52,0,UPI,923.04
10050,101,364,2024-08-10,2,189.58,5,PayPal,360.2
10051,541,213,2024-01-11,4,466.03,5,Card,1770.91
10052,132,359,2025-05-20,3,34.53,20,Cash,82.87
10053,795,123,2025-02-06,1,172.78,20,Cash,138.22
10054,475,11,2024-07-09,5,264.71,0,Cash,1323.55
10055,386,173,2024-07-01,3,430.99,5,UPI,1228.32
10056,489,406,2024-12-18,2,120.15,15,UPI,204.25
10057,181,86,2024-05-19,1,118.36,5,Card,112.44
10058,868,36,2025-02-26,5,455.83,15,PayPal,1937.28
10059,729,242,2024-12-13,3,324.38,15,Cash,827.17
10060,901,198,2023-08-17,3,297.08,5,Cash,846.68
10061,911,382,2024-11-02,4,395.19,15,Cash,1343.65
10062,415,425,2023-12-13,1,228.36,5,Card,216.94
10063,83,24,2024-11-30,4,185.37,15,PayPal,630.26
10064,168,334,2024-04-13,3,335.62,0,Cash,1006.86
10065,476,461,2024-06-30,1,270.4,20,UPI,216.32
10066,70,190,2024-01-26,3,223.11,0,Card,669.33
10067,778,133,2024-03-27,3,94.41,20,Cash,226.58
10068,533,137,2024-01-24,5,223.18,0,Cash,1115.9
10069,666,286,2024-04-11,3,203.85,20,UPI,489.24
10070,214,160,2024-06-03,4,27.92,0,UPI,111.68
10071,484,11,2025-01-09,5,23.18,5,PayPal,110.11
10072,570,372,2025-05-13,3,123.53,0,UPI,370.59
10073,764,413,2023-05-20,5,96.55,5,UPI,458.61
10074,752,245,2025-02-25,2,134.13,20,PayPal,214.61
10075,989,253,2025-05-28,2,453.41,0,Card,906.82
10076,620,68,2024-10-11,5,248.9,5,UPI,1182.27
10077,449,231,2024-05-29,3,183.13,15,Cash,466.98
10078,407,247,2024-10-02,2,486.18,20,Card,777.89
10079,77,160,2025-06-10,4,96.89,5,Cash,368.18
10080,798,137,2023-06-09,3,418.88,0,UPI,1256.64
10081,724,329,2023-07-23,5,334.34,20,Cash,1337.36
10082,891,209,2025-04-26,1,357.09,15,PayPal,303.53
10083,829,335,2023-10-05,3,354.85,5,Card,1011.32
10084,772,365,2024-10-19,3,280.91,10,Card,758.46
10085,303,216,2023-06-12,2,34.16,0,UPI,68.32
10086,609,162,2023-06-07,5,408.04,0,UPI,2040.2
10087,304,245,2024-03-17,3,200.9,20,Card,482.16
10088,92,59,2025-03-18,3,232.64,20,UPI,558.34
10089,714,456,2025-03-04,1,412.87,10,Cash,371.58
10090,909,76,2023-08-25,5,141.02,10,Cash,634.59
10091,515,335,2023-02-04,2,233.85,5,Cash,444.31
10092,161,446,2025-04-08,4,90.58,10,Cash,326.09
10093,535,319,2023-04-10,3,373.27,5,PayPal,1063.82
10094,570,210,2023-05-14,5,106.52,20,UPI,426.08
10095,355,282,2023-03-24,1,415.45,0,Card,415.45
10096,472,136,2024-08-29,1,161.81,5,Card,153.72
10097,1000,125,2023-05-27,4,372.22,0,Card,1488.88
10098,322,494,2025-06-18,4,337.13,15,Cash,1146.24
10099,775,212,2025-05-24,3,206.26,5,Card,587.84
10100,24,342,2023-02-07,5,127.78,10,PayPal,575.01
10101,340,256,2024-07-26,3,214.68,0,Card,644.04
10102,559,62,2023-01-26,2,49.58,5,Card,94.2
10103,182,375,2023-09-22,4,29.33,15,Card,99.72
10104,712,147,2025-02-07,2,121.17,0,Cash,242.34
10105,268,146,2025-01-18,3,135.39,20,Cash,324.94
10106,825,475,2023-10-28,5,294.39,15,UPI,1251.16
10107,686,471,2023-06-11,1,283.47,0,Cash,283.47
10108,742,191,2023-06-04,3,188.39,10,Cash,508.65
10109,814,40,2025-03-23,5,275.42,20,Cash,1101.68
10110,764,380,2023-10-20,1,305.23,10,UPI,274.71
10111,103,53,2023-04-30,1,8.07,15,Cash,6.86
10112,658,133,2025-03-21,1,100.26,20,Cash,80.21
10113,779,72,2024-12-09,3,388.11,5,UPI,1106.11
10114,507,23,2024-06-05,4,114.64,10,UPI,412.7
10115,234,264,2024-05-16,1,329.54,20,PayPal,263.63
10116,970,378,2024-04-18,5,347.71,10,Cash,1564.69
10117,628,256,2024-11-28,3,352.16,20,PayPal,845.18
10118,319,365,2024-07-04,4,233.45,0,Card,933.8
10119,844,418,2023-08-21,5,408.76,15,UPI,1737.23
10120,172,446,2024-03-07,5,73.15,5,UPI,347.46
10121,440,313,2024-09-04,1,134.11,15,Card,113.99
10122,155,181,2024-12-23,1,194.8,5,PayPal,185.06
10123,923,87,2023-09-15,3,444.78,15,UPI,1134.19
10124,729,386,2023-04-20,3,453.82,5,UPI,1293.39
10125,388,338,2024-10-16,1,278.66,10,Cash,250.79
10126,856,380,2024-12-06,5,15.49,5,PayPal,73.58
10127,327,81,2023-12-26,5,19.11,15,PayPal,81.22
10128,377,410,2023-06-07,5,457.57,5,Card,2173.46
10129,779,423,2025-06-06,4,336.69,20,Card,1077.41
10130,936,38,2024-07-30,5,420.67,0,UPI,2103.35
10131,827,7,2023-10-14,5,102.59,20,UPI,410.36
10132,108,286,2023-12-13,2,210.27,0,Cash,420.54
10133,617,196,2023-04-21,1,42.48,5,Cash,40.36
10134,610,15,2024-06-15,3,145.85,15,Card,371.92
10135,312,323,2024-04-10,3,464.2,5,PayPal,1322.97
10136,480,265,2025-02-12,5,325.99,0,PayPal,1629.95
10137,75,277,2023-12-24,1,271.83,0,UPI,271.83
10138,480,451,2023-10-18,4,48.39,0,PayPal,193.56
10139,140,163,2024-11-21,3,294.98,10,Card,796.45
10140,918,188,2023-10-19,2,410.68,0,UPI,821.36
10141,933,314,2025-01-25,3,206.64,10,UPI,557.93
10142,202,407,2024-04-20,4,312.58,5,Cash,1187.8
10143,179,41,2023-12-26,5,399.02,15,PayPal,1695.83
10144,951,312,2023-10-05,1,109.3,0,UPI,109.3
10145,214,135,2023-04-15,3,460.56,15,Cash,1174.43
10146,383,65,2024-05-02,1,235.43,10,PayPal,211.89
10147,506,475,2023-07-25,3,412.36,5,PayPal,1175.23
10148,612,69,2024-01-30,2,410.93,5,Card,780.77
10149,862,252,2025-06-18,5,42.1,10,Card,189.45
10150,120,462,2023-11-07,2,19.72,20,Card,31.55
10151,592,75,2023-11-10,4,415.57,15,Card,1412.94
10152,838,366,2023-12-16,3,39.66,15,Cash,101.13
10153,76,315,2024-05-24,1,238.86,15,Card,203.03
10154,591,229,2024-08-17,5,185.99,15,Card,790.46
10155,833,425,2025-04-20,1,346.03,10,Cash,311.43
10156,518,215,2024-10-17,2,18.71,15,Card,31.81
10157,949,492,2024-12-07,2,346.16,10,Cash,623.09
10158,198,324,2025-01-20,3,226.7,20,PayPal,544.08
10159,219,395,2025-03-10,4,120.61,20,Cash,385.95
10160,201,232,2023-08-18,4,351.76,20,UPI,1125.63
10161,882,149,2024-11-21,4,342.73,0,UPI,1370.92
10162,202,186,2024-07-04,5,136.99,0,UPI,684.95
10163,785,196,2025-06-04,1,455.78,0,Cash,455.78
10164,574,443,2023-12-30,1,454.76,0,Card,454.76
10165,55,246,2023-04-15,2,451.51,10,PayPal,812.72
10166,694,149,2023-03-15,5,473.11,15,PayPal,2010.72
10167,837,304,2025-04-30,3,69.4,10,UPI,187.38
10168,587,82,2023-12-09,5,98.88,0,UPI,494.4
10169,617,349,2023-06-23,5,263.43,5,Card,1251.29
10170,331,218,2023-12-11,1,333.59,20,PayPal,266.87
10171,679,268,2024-07-29,3,162.72,5,Card,463.75
10172,980,388,2023-03-25,5,74.91,5,UPI,355.82
10173,298,407,2025-04-11,2,34.76,20,Cash,55.62
10174,388,252,2025-05-15,1,5.88,10,Cash,5.29
10175,123,172,2024-06-10,5,284.43,0,Card,1422.15
10176,432,148,2025-03-19,2,322.32,10,Card,580.18
10177,345,344,2023-07-02,1,290.51,20,Cash,232.41
10178,347,310,2024-05-18,4,154.56,10,UPI,556.42
10179,599,498,2025-06-15,3,461.11,15,Cash,1175.83
10180,789,107,2024-10-17,1,125.42,15,PayPal,106.61
10181,980,253,2024-04-30,1,416.82,20,Card,333.46
10182,746,432,2024-08-16,1,425.16,15,Cash,361.39
10183,156,387,2023-02-28,2,256.23,5,UPI,486.84
10184,708,290,2024-12-30,3,284.84,15,Cash,726.34
10185,133,387,2024-10-20,3,450.83,0,Cash,1352.49
10186,25,244,2023-12-23,1,367.47,5,Cash,349.1
10187,942,156,2024-07-30,1,337.93,5,UPI,321.03
10188,329,439,2024-12-15,3,263.06,0,Cash,789.18
10189,968,30,2025-03-10,5,209.84,15,UPI,891.82
10190,506,386,2023-05-04,3,140.29,0,UPI,420.87
10191,382,83,2023-02-19,5,251.94,0,PayPal,1259.7
10192,279,11,2024-08-14,5,128.1,20,Card,512.4
10193,89,195,2024-01-14,4,203.78,10,Card,733.61
10194,348,263,2024-12-01,5,497.62,10,Cash,2239.29
10195,630,500,2024-10-15,3,346.57,0,Card,1039.71
10196,403,366,2023-09-04,1,201.47,15,PayPal,171.25
10197,789,342,2024-07-13,1,253.67,15,PayPal,215.62
10198,473,82,2023-12-31,1,244.11,20,UPI,195.29
10199,169,353,2024-08-05,4,465.3,0,Card,1861.2
10200,155,400,2023-02-14,4,187.63,10,Card,675.47
10201,382,122,2024-02-10,2,332.79,10,Card,599.02
10202,959,292,2024-02-04,2,122.72,0,UPI,245.44
10203,456,313,2025-02-27,3,136.37,15,PayPal,347.74
10204,322,287,2023-11-17,4,133.52,0,UPI,534.08
10205,313,394,2023-02-14,5,190.88,5,Cash,906.68
10206,264,263,2024-06-02,3,451.02,15,Card,1150.1
10207,590,69,2023-04-15,5,143.56,0,PayPal,717.8
10208,115,76,2024-01-10,3,105.85,0,UPI,317.55
10209,431,82,2023-07-06,1,312.22,20,Card,249.78
10210,956,69,2024-07-20,3,493.28,15,PayPal,1257.86
10211,92,232,2023-09-25,4,267.62,15,Card,909.91
10212,389,278,2024-03-06,2,65.98,10,PayPal,118.76
10213,482,157,2024-12-08,3,209.08,20,UPI,501.79
10214,395,40,2023-06-15,4,215.09,10,PayPal,774.32
10215,54,11,2023-10-30,2,280.93,0,Cash,561.86
10216,786,30,2023-04-07,1,355.48,5,Card,337.71
10217,743,385,2025-05-08,1,115.71,5,UPI,109.92
10218,448,349,2025-03-19,3,157.94,10,PayPal,426.44
10219,847,162,2024-04-06,4,230.21,5,UPI,874.8
10220,372,272,2024-06-11,1,67.72,10,PayPal,60.95
10221,681,419,2023-04-11,2,362.98,20,PayPal,580.77
10222,210,157,2025-02-08,2,358.85,15,PayPal,610.05
10223,804,226,2025-05-29,1,148.97,0,Cash,148.97
10224,624,206,2024-10-11,4,174.06,5,Card,661.43
10225,850,141,2023-10-21,3,291.26,20,Card,699.02
10226,252,427,2024-07-30,1,95.42,0,Cash,95.42
10227,840,8,2025-02-11,1,79.53,20,Card,63.62
10228,38,170,2024-11-27,3,284.37,0,PayPal,853.11
10229,643,247,2024-02-23,4,303.64,15,UPI,1032.38
10230,59,88,2025-06-13,4,47.79,20,PayPal,152.93
10231,149,453,2024-05-08,2,265.7,15,PayPal,451.69
10232,610,92,2023-06-20,5,182.29,0,Cash,911.45
10233,686,127,2024-04-23,4,469.97,10,UPI,1691.89
10234,406,493,2024-10-30,2,347.75,5,Cash,660.73
10235,668,185,2024-06-24,3,385.88,0,PayPal,1157.64
10236,79,453,2025-03-22,4,196.07,10,PayPal,705.85
10237,977,446,2023-05-12,5,72.43,10,UPI,325.94
10238,611,298,2024-01-25,5,419.34,10,Card,1887.03
10239,1,264,2023-08-20,5,137.99,5,PayPal,655.45
10240,136,182,2024-02-13,1,242.8,10,UPI,218.52
10241,42,77,2023-09-23,1,211.27,15,PayPal,179.58
10242,710,476,2023-03-21,5,411.57,10,Card,1852.07
10243,527,261,2024-10-23,5,354.49,0,Cash,1772.45
10244,80,71,2024-08-25,2,210.28,15,PayPal,357.48
10245,179,300,2023-03-31,5,312.96,0,Card,1564.8
10246,945,465,2025-02-17,4,200.82,15,Cash,682.79
10247,473,234,2024-08-24,4,215.25,10,Cash,774.9
10248,597,154,2024-08-29,5,345.1,10,UPI,1552.95
10249,432,257,2024-05-24,4,427.93,10,Card,1540.55
10250,138,52,2024-11-02,5,108.22,15,UPI,459.94
10251,661,134,2024-01-24,1,118.81,15,PayPal,100.99
10252,81,364,2023-07-28,5,129.15,10,UPI,581.18
10253,905,44,2023-12-12,3,366.65,20,Card,879.96
10254,478,76,2023-12-28,3,489.94,20,Cash,1175.86
10255,830,403,2025-04-07,2,43.42,20,Card,69.47
10256,945,253,2023-05-14,5,236.35,0,PayPal,1181.75
10257,76,414,2023-07-19,5,470.08,20,Cash,1880.32
10258,379,143,2024-08-12,1,369.87,0,Cash,369.87
10259,485,164,2025-02-11,5,426.0,20,Cash,1704.0
10260,704,163,2023-10-11,5,61.03,5,UPI,289.89
10261,225,141,2025-05-25,1,250.26,0,Cash,250.26
10262,271,494,2023-10-27,4,123.56,10,Card,444.82
10263,535,401,2023-01-26,4,7.32,20,Cash,23.42
10264,214,79,2025-06-04,5,329.57,20,Card,1318.28
10265,570,467,2024-07-05,3,348.72,10,UPI,941.54
10266,304,70,2025-06-10,3,211.69,0,PayPal,635.07
10267,529,366,2023-12-04,4,59.02,10,PayPal,212.47
10268,589,62,2023-04-07,3,5.48,10,Card,14.8
10269,620,339,2024-12-25,4,270.87,15,Card,920.96
10270,257,216,2025-05-20,5,147.19,5,PayPal,699.15
10271,764,144,2023-02-28,2,466.89,15,UPI,793.71
10272,518,247,2023-12-12,2,358.37,15,Card,609.23
10273,4,272,2024-03-07,2,481.2,5,Cash,914.28
10274,833,383,2025-03-31,2,301.52,5,Card,572.89
10275,980,438,2025-06-13,4,23.04,5,UPI,87.55
10276,834,11,2024-03-12,5,353.99,10,Cash,1592.96
10277,859,89,2024-03-09,4,311.44,10,UPI,1121.18
10278,191,352,2025-04-26,4,403.98,0,PayPal,1615.92
10279,580,433,2025-04-02,5,429.74,15,Card,1826.39
10280,721,221,2023-04-17,2,210.9,5,Card,400.71
10281,10,167,2024-11-28,4,218.53,20,UPI,699.3
10282,657,60,2024-07-10,4,283.23,10,PayPal,1019.63
10283,539,453,2024-07-13,3,37.79,15,PayPal,96.36
10284,729,312,2024-12-16,2,318.51,20,PayPal,509.62
10285,569,405,2023-04-16,1,64.38,10,Cash,57.94
10286,404,460,2025-05-15,3,49.53,5,Card,141.16
10287,393,197,2023-10-15,3,427.38,15,Cash,1089.82
10288,348,133,2024-01-28,3,251.08,0,PayPal,753.24
10289,870,461,2023-08-11,3,298.29,20,Cash,715.9
10290,775,66,2024-04-14,3,260.13,0,Card,780.39
10291,194,274,2023-03-03,1,219.88,0,Card,219.88
10292,556,155,2024-08-31,1,389.39,20,UPI,311.51
10293,463,467,2023-04-22,2,331.35,15,PayPal,563.3
10294,30,242,2023-03-31,5,110.74,10,Cash,498.33
10295,229,356,2024-01-22,2,133.31,0,Cash,266.62
10296,418,101,2025-04-06,5,295.8,15,Card,1257.15
10297,438,290,2023-05-08,3,22.76,0,UPI,68.28
10298,996,224,2024-07-09,2,349.7,0,Cash,699.4
10299,587,3,2025-03-30,1,252.21,20,Cash,201.77
10300,735,448,2024-07-31,4,382.36,10,Card,1376.5
10301,171,382,2024-06-03,3,415.82,10,UPI,1122.71
10302,978,472,2023-06-04,3,355.57,0,PayPal,1066.71
10303,660,417,2025-06-02,4,381.4,0,Card,1525.6
10304,981,35,2024-02-06,1,104.15,5,Cash,98.94
10305,980,410,2024-07-16,4,414.42,0,Cash,1657.68
10306,348,465,2024-06-11,4,377.46,5,Cash,1434.35
10307,162,70,2024-05-05,1,318.69,0,UPI,318.69
10308,349,412,2023-08-18,5,438.09,5,Card,2080.93
10309,344,252,2024-12-24,1,409.42,15,Card,348.01
10310,856,375,2023-07-15,2,429.09,0,Card,858.18
10311,170,46,2024-08-14,1,368.45,10,Cash,331.61
10312,860,153,2023-01-01,5,379.46,5,PayPal,1802.43
10313,648,265,2024-01-17,2,282.67,15,UPI,480.54
10314,641,416,2024-08-13,2,52.89,15,Card,89.91
10315,184,368,2025-04-09,4,104.97,20,PayPal,335.9
10316,684,495,2023-06-27,1,330.96,5,Cash,314.41
10317,667,448,2023-06-19,3,167.75,5,Card,478.09
10318,972,192,2023-04-07,5,454.28,5,UPI,2157.83
10319,422,105,2023-03-11,4,10.79,10,Card,38.84
10320,919,291,2024-10-31,2,239.87,0,UPI,479.74
10321,416,282,2025-01-15,3,174.04,5,PayPal,496.01
10322,227,61,2023-06-02,3,107.89,5,UPI,307.49
10323,130,363,2023-06-02,2,157.97,10,Card,284.35
10324,798,135,2024-06-18,5,279.63,20,PayPal,1118.52
10325,997,390,2025-01-26,1,68.98,20,Card,55.18
10326,895,248,2023-06-09,2,488.22,15,PayPal,829.97
10327,668,233,2024-10-11,2,23.56,15,Cash,40.05
10328,739,92,2023-07-28,4,480.85,20,UPI,1538.72
10329,848,28,2025-03-15,3,328.06,5,Cash,934.97
10330,808,378,2024-07-29,4,287.9,5,Cash,1094.02
10331,137,80,2025-04-07,1,428.53,15,Cash,364.25
10332,824,231,2024-09-18,4,305.15,0,Card,1220.6
10333,177,237,2024-11-28,5,274.29,15,Cash,1165.73
10334,306,119,2024-04-12,2,368.72,10,Cash,663.7
10335,237,67,2024-01-16,5,155.34,15,Cash,660.2
10336,951,440,2024-06-03,1,292.0,15,Cash,248.2
10337,495,55,2023-05-23,3,66.99,0,UPI,200.97
10338,397,41,2025-05-10,3,346.83,10,PayPal,936.44
10339,628,489,2023-04-01,5,247.92,0,Cash,1239.6
10340,139,100,2025-02-26,2,499.46,10,PayPal,899.03
10341,64,274,2024-11-22,5,58.76,0,PayPal,293.8
10342,305,229,2023-08-31,2,171.2,20,Card,273.92
10343,502,129,2024-08-03,2,434.68,0,PayPal,869.36
10344,727,404,2024-08-09,2,145.37,20,Cash,232.59
10345,222,468,2025-01-17,1,284.34,15,Cash,241.69
10346,662,397,2023-08-11,1,157.02,0,UPI,157.02
10347,953,194,2024-09-30,3,450.42,5,Card,1283.7
10348,276,268,2023-04-20,4,198.58,20,Card,635.46
10349,777,448,2023-09-29,1,7.47,10,UPI,6.72
10350,867,355,2024-12-05,5,11.58,5,Cash,55.0
10351,823,236,2024-11-07,4,357.51,20,PayPal,1144.03
10352,583,227,2023-08-08,3,97.19,10,Cash,262.41
10353,986,359,2025-06-19,5,362.82,10,Card,1632.69
10354,614,480,2025-02-27,4,72.31,20,Card,231.39
10355,310,185,2024-03-08,4,317.57,20,UPI,1016.22
10356,123,241,2023-02-02,2,83.05,0,PayPal,166.1
10357,528,73,2023-08-10,2,238.28,0,UPI,476.56
10358,392,414,2023-08-31,1,127.22,20,UPI,101.78
10359,520,476,2023-09-15,4,260.15,20,PayPal,832.48
10360,835,174,2023-10-05,3,140.63,20,Cash,337.51
10361,620,485,2024-06-03,5,139.35,0,Cash,696.75
10362,649,445,2023-07-11,3,5.97,5,PayPal,17.01
10363,60,467,2025-02-22,5,196.91,0,UPI,984.55
10364,587,206,2023-11-22,2,443.77,10,Cash,798.79
10365,798,54,2023-04-30,5,428.64,5,Cash,2036.04
10366,555,465,2024-08-11,3,47.82,10,UPI,129.11
10367,770,271,2023-04-24,2,87.19,15,Cash,148.22
10368,269,483,2023-09-20,4,389.91,20,UPI,1247.71
10369,666,371,2024-05-31,3,132.32,10,Card,357.26
10370,148,363,2024-01-28,5,427.1,10,UPI,1921.95
10371,371,309,2023-10-05,5,375.58,20,Cash,1502.32
10372,924,139,2023-01-29,2,340.85,10,UPI,613.53
10373,444,365,2024-01-01,1,52.71,15,Cash,44.8
10374,513,163,2023-11-18,5,248.63,0,UPI,1243.15
10375,786,335,2024-04-21,2,472.98,0,PayPal,945.96
10376,14,356,2023-02-01,2,440.15,10,Card,792.27
10377,53,157,2023-01-08,2,310.32,20,Cash,496.51
10378,951,343,2023-05-04,5,456.18,10,PayPal,2052.81
10379,602,317,2025-06-05,3,141.13,0,UPI,423.39
10380,260,182,2023-08-20,4,66.06,10,Cash,237.82
10381,666,462,2023-02-15,4,327.09,15,Card,1112.11
10382,466,452,2024-10-28,5,285.13,0,UPI,1425.65
10383,117,457,2025-04-20,1,196.97,20,Card,157.58
10384,601,128,2024-02-28,3,378.11,10,Card,1020.9
10385,472,292,2023-10-19,3,180.94,15,Cash,461.4
10386,327,345,2025-01-19,3,101.49,5,UPI,289.25
10387,841,195,2025-06-14,3,285.05,15,PayPal,726.88
10388,468,259,2023-12-18,5,443.53,5,Cash,2106.77
10389,362,263,2024-02-09,1,133.97,10,Cash,120.57
10390,718,474,2024-12-12,4,329.61,10,Card,1186.6
10391,905,106,2024-03-07,3,466.19,10,Card,1258.71
10392,424,99,2024-04-16,1,432.52,20,Cash,346.02
10393,341,383,2024-10-16,4,462.45,0,PayPal,1849.8
10394,924,473,2024-07-26,2,42.69,15,UPI,72.57
10395,160,461,2024-03-11,4,186.35,15,Cash,633.59
10396,178,398,2024-07-20,3,458.02,0,Cash,1374.06
10397,639,356,2023-02-19,3,34.03,20,Card,81.67
10398,226,405,2023-01-31,4,107.56,20,Card,344.19
10399,497,13,2024-03-01,2,473.14,10,PayPal,851.65
10400,491,65,2025-02-24,4,271.46,15,PayPal,922.96
10401,467,373,2024-06-30,3,17.23,10,UPI,46.52
10402,415,210,2025-05-27,2,449.99,0,Card,899.98
10403,932,444,2023-01-07,1,221.2,5,Cash,210.14
10404,841,229,2025-05-19,3,318.39,10,Cash,859.65
10405,213,62,2024-02-22,2,357.51,20,Cash,572.02
10406,488,434,2024-07-27,2,13.03,0,UPI,26.06
10407,118,484,2023-11-30,4,146.97,0,PayPal,587.88
10408,277,266,2023-07-21,1,303.45,5,Cash,288.28
10409,696,364,2024-10-28,2,279.33,10,Cash,502.79
10410,675,391,2023-05-17,1,130.19,10,Cash,117.17
10411,702,47,2024-09-16,1,185.67,0,Card,185.67
10412,850,283,2024-02-01,4,167.47,20,Card,535.9
10413,508,105,2024-04-04,4,158.47,10,UPI,570.49
10414,113,327,2024-08-28,3,159.68,5,Cash,455.09
10415,54,459,2024-09-29,3,171.48,0,Card,514.44
10416,365,281,2024-06-22,1,499.5,0,Card,499.5
10417,74,359,2023-12-21,2,351.79,10,Card,633.22
10418,698,494,2023-09-12,1,106.67,10,Cash,96.0
10419,958,450,2024-12-27,1,457.59,5,UPI,434.71
10420,506,184,2024-07-21,2,211.07,5,UPI,401.03
10421,621,192,2024-11-07,4,355.03,5,PayPal,1349.11
10422,345,409,2024-07-23,1,412.73,20,PayPal,330.18
10423,598,159,2023-11-28,4,319.48,10,PayPal,1150.13
10424,215,348,2023-08-09,4,103.26,20,PayPal,330.43
10425,444,65,2024-07-16,1,178.52,20,UPI,142.82
10426,362,150,2024-05-03,5,7.17,5,Cash,34.06
10427,43,399,2024-09-17,1,282.09,15,Cash,239.78
10428,409,151,2025-06-16,3,204.24,5,Cash,582.08
10429,898,464,2023-03-01,4,334.72,10,PayPal,1204.99
10430,797,101,2024-04-13,5,133.96,5,Cash,636.31
10431,719,466,2023-12-30,5,282.87,10,Card,1272.91
10432,2,349,2024-10-27,1,238.41,10,PayPal,214.57
10433,848,271,2024-06-13,3,87.49,15,Card,223.1
10434,770,88,2023-04-29,4,339.2,0,Card,1356.8
10435,640,234,2025-05-07,2,24.25,5,Cash,46.07
10436,224,343,2024-09-19,1,140.9,10,Cash,126.81
10437,88,258,2024-02-18,2,65.08,0,UPI,130.16
10438,721,151,2024-01-24,2,64.83,10,Cash,116.69
10439,807,160,2024-09-30,4,359.86,15,Cash,1223.52
10440,79,439,2023-07-04,3,495.18,10,UPI,1336.99
10441,779,236,2023-07-28,4,388.25,0,Card,1553.0
10442,650,226,2025-01-11,4,49.72,10,PayPal,178.99
10443,311,120,2024-01-18,5,357.26,10,Card,1607.67
10444,613,297,2023-03-23,2,487.87,5,PayPal,926.95
10445,626,169,2024-07-30,3,404.78,15,PayPal,1032.19
10446,180,119,2023-05-29,4,490.41,5,PayPal,1863.56
10447,67,317,2023-02-11,1,20.14,15,UPI,17.12
10448,114,355,2024-07-01,3,53.45,15,PayPal,136.3
10449,182,447,2023-01-31,1,74.78,10,PayPal,67.3
10450,132,91,2024-05-21,2,62.46,0,Card,124.92
10451,910,33,2025-05-20,1,133.87,0,UPI,133.87
10452,674,290,2023-07-10,4,136.35,5,PayPal,518.13
10453,874,22,2023-01-12,3,160.57,5,UPI,457.62
10454,492,316,2024-07-10,5,49.31,20,UPI,197.24
10455,315,282,2023-03-27,4,42.84,0,Card,171.36
10456,904,45,2024-11-26,5,85.79,20,Cash,343.16
10457,901,415,2024-12-03,5,418.73,20,PayPal,1674.92
10458,916,62,2024-09-13,2,356.37,15,Card,605.83
10459,181,423,2024-12-27,3,99.89,0,Cash,299.67
10460,881,478,2024-06-10,1,21.4,20,Card,17.12
10461,590,320,2024-10-29,5,177.6,20,PayPal,710.4
10462,825,29,2023-09-15,2,321.28,10,PayPal,578.3
10463,952,131,2024-09-09,5,51.48,10,PayPal,231.66
10464,805,45,2023-01-01,2,409.26,20,Card,654.82
10465,905,254,2025-02-19,3,7.55,5,Cash,21.52
10466,71,19,2023-06-27,2,483.98,10,PayPal,871.16
10467,386,268,2024-07-26,5,284.8,5,PayPal,1352.8
10468,145,454,2023-06-28,4,373.89,10,PayPal,1346.0
10469,543,494,2023-08-25,5,190.88,10,Cash,858.96
10470,827,17,2024-02-17,1,497.65,5,UPI,472.77
10471,904,315,2023-09-01,5,409.79,20,Cash,1639.16
10472,816,172,2023-09-09,2,298.99,5,Card,568.08
10473,316,32,2024-06-18,3,215.35,10,PayPal,581.44
10474,324,423,2023-03-01,2,434.78,10,Cash,782.6
10475,610,399,2025-05-20,2,191.6,0,UPI,383.2
10476,657,324,2024-10-09,4,394.5,10,PayPal,1420.2
10477,212,66,2023-11-07,5,115.42,20,Card,461.68
10478,560,257,2025-05-26,5,273.46,20,PayPal,1093.84
10479,254,390,2023-06-04,3,241.64,15,PayPal,616.18
10480,562,393,2025-04-30,1,339.44,15,Card,288.52
10481,863,119,2024-07-06,1,353.94,0,PayPal,353.94
10482,326,129,2024-09-30,1,303.14,5,Card,287.98
10483,248,242,2024-09-29,3,408.94,20,Cash,981.46
10484,955,280,2025-05-02,1,489.35,20,PayPal,391.48
10485,27,61,2024-10-08,4,386.86,15,Card,1315.32
10486,607,19,2023-04-14,2,94.26,15,PayPal,160.24
10487,305,475,2023-08-30,1,86.83,10,UPI,78.15
10488,767,175,2023-06-04,1,189.0,20,Card,151.2
10489,297,309,2023-11-12,2,23.1,5,Cash,43.89
10490,246,145,2023-04-04,4,492.92,10,PayPal,1774.51
10491,899,481,2025-02-01,2,123.69,5,PayPal,235.01
10492,685,395,2023-12-06,5,352.06,20,Cash,1408.24
10493,936,481,2024-09-26,4,492.17,15,Cash,1673.38
10494,816,277,2024-01-24,3,413.32,5,UPI,1177.96
10495,830,153,2025-04-04,5,223.08,15,Card,948.09
10496,919,8,2025-02-08,5,102.33,5,UPI,486.07
10497,219,417,2024-08-18,2,322.04,10,Cash,579.67
10498,862,439,2023-10-08,3,467.53,20,PayPal,1122.07
10499,487,389,2023-12-11,5,250.29,15,Card,1063.73
10500,951,437,2024-03-12,3,271.36,5,Card,773.38
10501,472,96,2023-10-27,2,326.87,0,UPI,653.74
10502,88,186,2024-12-15,5,56.48,20,Cash,225.92
10503,207,246,2023-05-08,5,402.54,0,Cash,2012.7
10504,454,430,2024-02-22,5,347.7,10,PayPal,1564.65
10505,290,315,2023-02-05,5,175.21,0,UPI,876.05
10506,684,282,2024-05-13,3,136.99,10,PayPal,369.87
10507,818,51,2023-06-23,1,280.43,10,PayPal,252.39
10508,138,93,2023-01-14,2,267.96,15,PayPal,455.53
10509,431,165,2023-07-25,1,457.48,15,UPI,388.86
10510,29,211,2024-05-31,2,309.59,0,PayPal,619.18
10511,706,85,2023-09-29,4,194.37,15,Card,660.86
10512,787,195,2024-06-29,4,243.7,10,Cash,877.32
10513,997,216,2023-05-18,2,376.27,20,UPI,602.03
10514,988,461,2024-05-15,5,64.36,5,Card,305.71
10515,254,260,2025-02-18,1,300.05,5,PayPal,285.05
10516,65,375,2025-03-12,1,162.16,15,PayPal,137.84
10517,556,30,2023-04-14,2,490.0,15,PayPal,833.0
10518,237,201,2025-05-16,4,351.44,10,Card,1265.18
10519,789,486,2024-09-25,2,142.84,10,Cash,257.11
10520,679,432,2025-04-01,2,286.32,0,Cash,572.64
10521,423,181,2024-03-02,1,356.61,10,UPI,320.95
10522,450,61,2025-06-08,4,411.17,15,UPI,1397.98
10523,986,463,2023-12-12,1,114.39,5,Cash,108.67
10524,549,400,2024-07-31,3,8.83,0,PayPal,26.49
10525,812,99,2024-05-25,2,112.48,15,Card,191.22
10526,132,188,2023-12-30,2,371.43,0,UPI,742.86
10527,388,116,2024-10-18,5,318.9,15,Cash,1355.33
10528,9,189,2023-07-13,5,281.36,20,UPI,1125.44
10529,671,324,2023-12-20,1,278.65,0,UPI,278.65
10530,721,335,2023-06-16,2,95.18,5,Cash,180.84
10531,195,407,2023-11-23,2,170.67,5,Card,324.27
10532,714,311,2024-02-04,5,485.53,0,Card,2427.65
10533,420,115,2024-12-04,3,456.55,15,Card,1164.2
10534,83,315,2024-09-27,5,229.36,20,Card,917.44
10535,336,399,2023-08-01,1,63.53,10,UPI,57.18
10536,130,395,2024-10-29,4,174.34,5,Card,662.49
10537,535,319,2025-06-02,2,478.23,0,UPI,956.46
10538,658,108,2023-01-21,2,326.24,20,Cash,521.98
10539,319,305,2024-09-18,1,307.23,10,Cash,276.51
10540,291,112,2023-03-06,1,120.37,15,PayPal,102.31
10541,821,441,2024-01-15,2,45.26,15,UPI,76.94
10542,728,177,2023-07-13,2,24.12,10,Cash,43.42
10543,920,167,2024-04-18,1,202.88,15,PayPal,172.45
10544,275,398,2023-05-04,2,490.78,10,UPI,883.4
10545,714,350,2024-11-04,4,422.02,5,UPI,1603.68
10546,215,440,2023-01-22,1,383.17,10,Card,344.85
10547,100,417,2023-01-06,5,280.31,20,Cash,1121.24
10548,62,442,2024-11-15,1,98.04,0,PayPal,98.04
10549,397,74,2023-01-01,1,407.27,0,PayPal,407.27
10550,192,309,2023-11-05,3,18.11,15,Card,46.18
10551,774,220,2025-02-22,3,298.78,20,PayPal,717.07
10552,843,151,2023-03-16,2,426.89,10,Card,768.4
10553,719,454,2023-06-07,1,366.75,20,UPI,293.4
10554,433,331,2024-08-17,3,380.84,10,Card,1028.27
10555,116,433,2025-01-22,2,208.86,15,PayPal,355.06
10556,53,446,2024-03-23,1,221.47,20,UPI,177.18
10557,97,183,2023-11-21,1,136.05,0,Cash,136.05
10558,40,390,2023-09-13,4,262.1,5,UPI,995.98
10559,611,499,2025-04-29,1,84.99,15,Card,72.24
10560,432,205,2024-11-30,1,196.99,20,PayPal,157.59
10561,520,466,2024-10-27,2,184.52,10,PayPal,332.14
10562,984,470,2024-06-19,1,432.69,5,Card,411.06
10563,340,189,2024-09-17,4,478.57,0,Card,1914.28
10564,227,206,2023-12-12,2,37.21,15,PayPal,63.26
10565,516,262,2023-04-08,5,38.56,20,Cash,154.24
10566,767,246,2023-08-27,2,252.55,15,UPI,429.34
10567,327,479,2024-06-05,2,33.88,20,UPI,54.21
10568,450,295,2023-11-17,1,324.63,15,Card,275.94
10569,882,80,2023-03-18,1,298.32,15,PayPal,253.57
10570,289,74,2023-01-13,5,260.01,10,PayPal,1170.05
10571,636,397,2024-01-03,3,486.62,5,PayPal,1386.87
10572,963,293,2024-12-18,1,33.79,0,UPI,33.79
10573,745,174,2025-05-08,2,460.78,0,Card,921.56
10574,354,445,2024-02-23,5,72.38,20,Cash,289.52
10575,547,8,2025-05-05,1,462.66,5,UPI,439.53
10576,328,243,2024-05-30,1,422.34,10,PayPal,380.11
10577,481,45,2025-04-28,1,7.99,20,Cash,6.39
10578,630,139,2025-06-15,4,273.39,15,PayPal,929.53
10579,677,275,2025-04-11,5,460.19,20,UPI,1840.76
10580,801,46,2025-05-10,1,219.65,15,UPI,186.7
10581,158,31,2023-12-16,5,56.69,15,PayPal,240.93
10582,99,29,2025-05-01,2,27.4,15,Cash,46.58
10583,523,401,2023-06-30,4,196.42,20,Card,628.54
10584,142,494,2024-04-21,1,236.47,10,UPI,212.82
10585,715,144,2024-10-31,5,58.5,10,PayPal,263.25
10586,185,293,2024-09-01,2,89.03,15,Card,151.35
10587,836,167,2025-02-05,4,125.96,20,Cash,403.07
10588,502,160,2024-06-24,3,308.42,20,Card,740.21
10589,692,326,2023-04-10,2,192.32,5,PayPal,365.41
10590,793,59,2023-02-05,5,453.76,5,Cash,2155.36
10591,404,469,2024-10-30,3,192.99,20,Cash,463.18
10592,469,285,2023-01-04,1,127.28,10,PayPal,114.55
10593,775,82,2024-11-19,4,9.53,0,PayPal,38.12
10594,798,25,2023-08-10,3,481.09,5,Card,1371.11
10595,640,121,2024-06-13,1,283.0,15,UPI,240.55
10596,111,92,2024-08-06,2,374.28,15,PayPal,636.28
10597,403,305,2023-02-16,1,187.89,5,PayPal,178.5
10598,468,58,2024-04-08,2,273.53,15,UPI,465.0
10599,607,247,2024-01-30,4,377.53,0,Card,1510.12
10600,210,245,2024-06-08,2,223.77,10,Card,402.79
10601,427,468,2023-08-15,4,271.24,10,Cash,976.46
10602,992,66,2024-04-13,3,336.41,5,Cash,958.77
10603,245,207,2024-02-14,2,206.28,10,Cash,371.3
10604,621,453,2023-04-11,5,55.39,5,Cash,263.1
10605,736,439,2024-09-19,5,107.09,20,Cash,428.36
10606,787,335,2024-01-30,1,107.89,10,Card,97.1
10607,840,40,2024-05-27,4,363.56,10,UPI,1308.82
10608,702,40,2023-01-12,1,422.51,10,UPI,380.26
10609,665,411,2023-01-28,3,242.95,15,Card,619.52
10610,47,117,2024-07-24,3,220.15,15,Cash,561.38
10611,662,337,2023-01-30,1,146.88,20,Cash,117.5
10612,293,245,2024-10-05,4,10.8,20,PayPal,34.56
10613,528,107,2024-09-21,1,28.66,20,UPI,22.93
10614,75,74,2023-09-01,2,396.11,15,PayPal,673.39
10615,132,279,2024-11-05,3,410.94,20,Cash,986.26
10616,627,43,2025-05-23,4,134.57,20,PayPal,430.62
10617,130,192,2023-06-14,2,39.81,15,Card,67.68
10618,392,122,2024-03-31,1,12.68,15,Cash,10.78
10619,848,57,2023-01-05,3,480.36,20,Cash,1152.86
10620,877,435,2025-03-27,3,457.62,15,PayPal,1166.93
10621,122,79,2023-09-23,1,47.48,10,Card,42.73
10622,5,111,2023-07-31,3,241.94,20,Card,580.66
10623,518,422,2024-12-11,3,145.22,20,PayPal,348.53
10624,428,53,2023-10-20,3,5.32,10,UPI,14.36
10625,644,24,2024-10-23,5,161.45,0,PayPal,807.25
10626,552,346,2024-02-11,3,463.69,10,UPI,1251.96
10627,669,25,2025-06-05,2,10.85,5,Cash,20.61
10628,14,407,2023-05-20,2,235.66,20,Card,377.06
10629,228,456,2023-11-04,4,296.88,5,Card,1128.14
10630,610,21,2024-10-17,1,454.95,15,Cash,386.71
10631,262,45,2023-02-11,4,52.78,5,Card,200.56
10632,742,163,2025-06-06,1,448.17,0,Card,448.17
10633,43,335,2023-09-11,2,219.4,10,Cash,394.92
10634,799,327,2025-02-27,2,349.15,10,UPI,628.47
10635,891,191,2023-04-24,3,214.5,5,Card,611.32
10636,619,78,2024-05-12,1,493.37,15,UPI,419.36
10637,553,415,2023-10-14,1,41.19,10,Cash,37.07
10638,261,107,2024-05-12,1,298.96,5,UPI,284.01
10639,452,190,2024-12-09,4,220.45,15,UPI,749.53
10640,558,5,2024-02-27,5,368.19,20,PayPal,1472.76
10641,31,218,2023-12-24,1,449.92,5,PayPal,427.42
10642,833,328,2023-10-06,5,77.83,5,PayPal,369.69
10643,390,481,2024-10-04,3,241.07,10,Card,650.89
10644,653,176,2024-05-21,2,63.84,15,UPI,108.53
10645,416,107,2025-04-15,3,271.56,15,Cash,692.48
10646,480,490,2025-01-21,2,40.94,10,Cash,73.69
10647,145,19,2025-02-27,5,329.36,20,PayPal,1317.44
10648,847,385,2025-03-07,3,95.63,15,UPI,243.86
10649,462,162,2025-02-23,4,409.75,5,PayPal,1557.05
10650,681,431,2024-01-14,1,192.4,5,UPI,182.78
10651,544,55,2023-09-14,5,100.74,5,Cash,478.51
10652,417,264,2024-12-27,4,95.05,5,Card,361.19
10653,703,302,2023-12-22,4,359.29,20,PayPal,1149.73
10654,486,442,2023-08-07,4,214.62,10,Card,772.63
10655,599,446,2023-12-06,2,30.07,5,UPI,57.13
10656,567,22,2023-10-03,3,209.04,15,Card,533.05
10657,682,240,2024-05-23,4,444.96,15,Cash,1512.86
10658,184,302,2024-12-15,5,497.59,15,PayPal,2114.76
10659,250,439,2024-12-02,4,445.54,15,UPI,1514.84
10660,552,402,2025-03-06,4,283.26,0,PayPal,1133.04
10661,681,499,2023-09-17,5,392.99,20,UPI,1571.96
10662,385,468,2023-04-14,5,361.03,5,Card,1714.89
10663,428,236,2024-05-31,3,240.32,5,PayPal,684.91
10664,907,322,2025-04-29,4,398.84,20,PayPal,1276.29
10665,371,388,2025-02-10,4,206.92,0,Card,827.68
10666,794,447,2024-08-09,2,213.64,5,PayPal,405.92
10667,831,161,2025-04-22,4,405.63,5,Cash,1541.39
10668,57,104,2024-12-31,5,9.73,10,Cash,43.79
10669,296,357,2023-05-30,5,388.03,0,Cash,1940.15
10670,57,181,2024-10-08,3,201.77,5,PayPal,575.04
10671,795,361,2025-06-04,1,395.07,5,UPI,375.32
10672,599,210,2023-09-25,4,75.56,10,Cash,272.02
10673,597,375,2024-10-15,1,320.39,20,UPI,256.31
10674,62,385,2023-11-10,2,254.99,0,UPI,509.98
10675,931,422,2024-08-08,3,71.5,5,Card,203.77
10676,947,156,2024-02-26,2,435.05,15,Cash,739.59
10677,228,217,2023-05-12,4,218.94,15,Card,744.4
10678,97,380,2025-03-10,1,120.06,20,PayPal,96.05
10679,892,496,2023-05-06,4,17.56,10,Card,63.22
10680,751,91,2025-06-18,4,197.34,15,Cash,670.96
10681,857,433,2023-03-28,2,103.91,0,Card,207.82
10682,799,74,2024-11-29,4,347.56,0,Card,1390.24
10683,829,330,2025-05-22,5,443.16,0,Cash,2215.8
10684,877,15,2025-03-26,2,42.12,15,UPI,71.6
10685,694,447,2023-06-11,1,43.81,10,PayPal,39.43
10686,825,170,2024-03-08,4,201.63,5,UPI,766.19
10687,149,250,2023-02-17,3,154.43,5,Cash,440.13
10688,63,123,2023-05-24,3,291.47,0,PayPal,874.41
10689,981,416,2024-10-18,5,269.35,0,Cash,1346.75
10690,893,181,2024-05-04,5,138.63,15,Cash,589.18
10691,299,251,2023-08-24,1,428.84,15,Cash,364.51
10692,923,239,2023-05-29,2,321.72,0,UPI,643.44
10693,707,158,2024-08-18,1,431.05,10,Cash,387.94
10694,207,211,2023-12-24,5,122.61,15,Card,521.09
10695,758,113,2024-03-01,1,464.31,20,Card,371.45
10696,819,282,2023-05-18,3,290.41,10,Card,784.11
10697,406,306,2024-05-29,1,449.38,0,Card,449.38
10698,592,183,2024-01-26,1,442.67,15,Card,376.27
10699,741,216,2024-02-05,4,81.01,0,Cash,324.04
10700,52,144,2023-03-10,3,82.88,20,UPI,198.91
10701,537,73,2025-05-04,3,155.24,5,Card,442.43
10702,944,205,2023-11-15,4,122.92,10,UPI,442.51
10703,203,188,2024-12-11,4,417.28,0,PayPal,1669.12
10704,487,112,2024-12-25,5,182.22,15,Card,774.43
10705,100,222,2024-06-01,4,224.38,15,UPI,762.89
10706,518,202,2024-10-17,5,267.99,5,UPI,1272.95
10707,871,80,2023-05-19,4,497.87,5,UPI,1891.91
10708,202,159,2023-08-07,4,166.05,10,Cash,597.78
10709,778,456,2023-12-28,2,420.43,20,PayPal,672.69
10710,789,423,2023-05-03,3,140.72,15,PayPal,358.84
10711,788,322,2024-04-27,2,354.91,20,Card,567.86
10712,600,398,2025-01-13,3,339.36,10,Card,916.27
10713,120,29,2023-01-24,3,382.2,0,UPI,1146.6
10714,741,390,2024-05-05,2,270.81,20,UPI,433.3
10715,1,443,2025-01-11,4,34.96,20,PayPal,111.87
10716,487,453,2023-07-01,5,43.79,10,UPI,197.06
10717,457,480,2024-06-30,3,274.66,15,Card,700.38
10718,104,208,2023-06-05,2,428.52,5,PayPal,814.19
10719,659,454,2023-05-21,2,52.65,20,PayPal,84.24
10720,571,291,2023-09-06,2,127.98,20,PayPal,204.77
10721,857,431,2023-12-29,5,226.52,15,Cash,962.71
10722,18,27,2024-03-25,1,28.03,20,UPI,22.42
10723,70,435,2023-05-13,1,199.45,15,Card,169.53
10724,195,410,2024-04-10,4,253.17,5,Card,962.05
10725,687,361,2023-07-25,4,325.02,5,PayPal,1235.08
10726,682,481,2023-12-14,2,263.05,10,Card,473.49
10727,212,57,2023-08-01,5,311.04,15,Card,1321.92
10728,518,184,2024-07-04,5,467.72,0,Cash,2338.6
10729,453,384,2023-09-29,5,408.13,20,UPI,1632.52
10730,650,207,2023-02-03,1,427.76,0,UPI,427.76
10731,679,465,2024-01-31,5,432.56,0,UPI,2162.8
10732,646,74,2024-04-04,2,481.94,15,Cash,819.3
10733,665,57,2024-12-19,1,336.76,5,Cash,319.92
10734,443,354,2023-08-15,3,282.67,0,Card,848.01
10735,55,201,2023-08-27,1,127.38,10,Cash,114.64
10736,872,127,2023-08-27,1,87.73,15,UPI,74.57
10737,391,337,2023-01-10,4,154.49,15,PayPal,525.27
10738,398,9,2024-01-04,1,344.37,20,Card,275.5
10739,513,33,2024-08-08,5,285.23,10,Card,1283.54
10740,976,250,2023-04-06,2,237.2,5,UPI,450.68
10741,835,22,2024-10-02,4,333.13,0,PayPal,1332.52
10742,850,386,2024-02-13,5,72.7,15,Cash,308.97
10743,279,15,2025-06-02,5,310.02,15,PayPal,1317.58
10744,950,168,2024-01-28,5,290.88,5,PayPal,1381.68
10745,97,418,2023-04-19,1,129.63,10,Card,116.67
10746,638,7,2023-03-31,4,356.6,20,Card,1141.12
10747,195,443,2023-06-08,2,147.8,5,Cash,280.82
10748,566,173,2023-09-12,5,451.15,10,UPI,2030.17
10749,565,367,2024-09-22,1,386.79,20,Card,309.43
10750,740,136,2023-05-09,2,189.55,15,PayPal,322.24
10751,37,497,2024-02-11,4,168.7,5,UPI,641.06
10752,847,297,2025-04-30,1,42.67,0,Cash,42.67
10753,691,268,2023-11-18,5,27.4,10,Card,123.3
10754,37,17,2024-09-21,5,370.33,15,Cash,1573.9
10755,574,207,2024-10-23,4,279.93,0,Card,1119.72
10756,104,227,2023-08-28,1,37.81,20,PayPal,30.25
10757,730,322,2024-09-21,1,100.84,20,UPI,80.67
10758,673,345,2025-05-08,1,297.01,20,UPI,237.61
10759,100,433,2023-03-22,3,488.49,5,Cash,1392.2
10760,929,179,2023-06-14,4,355.72,10,UPI,1280.59
10761,951,134,2023-01-16,3,301.92,20,Card,724.61
10762,176,97,2023-11-30,4,8.14,15,UPI,27.68
10763,746,207,2025-05-19,5,151.2,0,PayPal,756.0
10764,404,275,2025-05-22,1,243.61,0,Cash,243.61
10765,974,67,2024-10-17,5,165.16,20,PayPal,660.64
10766,201,169,2023-04-06,2,127.49,0,UPI,254.98
10767,593,274,2025-04-04,1,273.24,0,PayPal,273.24
10768,367,132,2023-01-13,3,377.97,15,UPI,963.82
10769,817,17,2024-05-06,5,31.62,0,Card,158.1
10770,123,51,2024-07-15,3,273.39,15,Cash,697.14
10771,843,451,2024-02-22,3,301.82,10,PayPal,814.91
10772,971,451,2023-09-11,5,10.59,5,PayPal,50.3
10773,822,470,2025-03-20,4,295.67,10,UPI,1064.41
10774,850,415,2024-12-06,3,379.01,15,Cash,966.48
10775,178,480,2023-06-10,1,446.92,5,Card,424.57
10776,294,67,2023-02-26,1,244.69,10,PayPal,220.22
10777,584,330,2024-06-22,1,82.43,10,Card,74.19
10778,44,35,2024-10-16,5,349.73,10,Cash,1573.79
10779,880,333,2023-08-11,4,379.36,0,Card,1517.44
10780,865,82,2024-04-21,5,458.99,20,UPI,1835.96
10781,565,17,2024-01-30,1,64.11,20,UPI,51.29
10782,75,477,2024-04-10,4,90.68,0,Card,362.72
10783,199,215,2025-02-19,3,136.57,10,PayPal,368.74
10784,765,420,2023-06-03,1,36.01,15,Cash,30.61
10785,40,197,2023-10-24,3,174.16,10,Card,470.23
10786,939,369,2023-10-17,3,335.07,0,PayPal,1005.21
10787,612,313,2023-12-16,4,496.07,5,PayPal,1885.07
10788,70,26,2024-03-17,2,143.49,20,PayPal,229.58
10789,918,90,2023-11-22,2,202.21,20,PayPal,323.54
10790,846,426,2023-11-08,2,81.0,20,Card,129.6
10791,92,9,2024-03-19,5,114.6,20,PayPal,458.4
10792,30,384,2025-02-23,2,41.04,0,PayPal,82.08
10793,749,167,2025-01-03,1,179.09,5,PayPal,170.14
10794,356,177,2024-09-15,1,451.79,5,Card,429.2
10795,20,120,2025-02-12,2,175.88,15,Card,299.0
10796,185,365,2023-03-26,4,27.52,5,UPI,104.58
10797,166,222,2023-01-11,2,200.2,10,UPI,360.36
10798,30,32,2024-12-21,2,257.22,10,PayPal,463.0
10799,454,185,2023-07-05,3,365.6,0,Card,1096.8
10800,648,375,2025-05-18,2,308.36,10,UPI,555.05
10801,53,122,2023-11-12,4,86.35,5,Card,328.13
10802,906,365,2024-02-21,1,415.7,0,UPI,415.7
10803,401,392,2023-08-12,4,54.21,0,PayPal,216.84
10804,635,206,2023-07-25,5,78.88,20,Card,315.52
10805,788,1,2024-02-14,2,58.43,0,Cash,116.86
10806,588,497,2023-08-21,5,448.63,0,Card,2243.15
10807,949,70,2023-07-16,2,225.77,5,PayPal,428.96
10808,129,479,2024-09-24,5,327.6,0,PayPal,1638.0
10809,672,466,2023-09-01,3,216.71,5,PayPal,617.62
10810,617,194,2023-08-16,1,391.2,15,Card,332.52
10811,322,39,2024-07-25,3,477.01,15,UPI,1216.38
10812,63,53,2023-11-09,4,115.09,0,Cash,460.36
10813,559,489,2025-04-23,5,355.21,20,Cash,1420.84
10814,631,452,2024-09-30,4,409.14,15,PayPal,1391.08
10815,361,303,2025-04-19,4,310.89,15,UPI,1057.03
10816,282,10,2024-04-20,1,164.58,10,UPI,148.12
10817,829,266,2024-11-25,1,110.76,15,Cash,94.15
10818,594,372,2023-08-13,2,322.4,20,PayPal,515.84
10819,278,38,2024-09-28,3,345.5,0,PayPal,1036.5
10820,455,227,2023-12-10,5,493.45,10,UPI,2220.53
10821,283,324,2024-12-22,5,236.67,0,UPI,1183.35
10822,848,49,2023-01-01,2,150.62,15,Cash,256.05
10823,808,395,2024-05-29,5,151.4,20,Cash,605.6
10824,345,468,2023-07-29,4,96.71,15,Card,328.81
10825,623,328,2025-05-05,1,32.51,10,Card,29.26
10826,99,425,2023-03-10,3,181.11,20,Cash,434.66
10827,223,452,2023-05-25,1,214.79,0,Cash,214.79
10828,455,66,2024-03-21,4,44.92,0,UPI,179.68
10829,709,148,2024-08-23,3,498.63,5,UPI,1421.1
10830,474,85,2023-08-08,5,246.91,5,Card,1172.82
10831,539,210,2024-08-29,4,110.84,15,UPI,376.86
10832,511,306,2025-03-29,2,450.79,0,UPI,901.58
10833,716,336,2025-02-27,4,11.97,10,Cash,43.09
10834,971,394,2024-01-16,4,497.53,15,Cash,1691.6
10835,285,268,2024-12-24,1,488.72,5,Cash,464.28
10836,504,240,2023-03-19,2,199.63,10,UPI,359.33
10837,566,349,2024-11-11,3,194.5,15,PayPal,495.97
10838,552,494,2025-04-09,4,469.93,20,PayPal,1503.78
10839,161,353,2023-07-29,1,227.07,5,Card,215.72
10840,962,85,2025-03-21,2,300.83,15,Cash,511.41
10841,761,140,2024-11-21,4,389.2,20,Card,1245.44
10842,63,168,2024-06-30,2,245.44,10,Cash,441.79
10843,817,444,2025-01-12,2,447.04,5,PayPal,849.38
10844,807,191,2023-10-21,3,268.02,10,Cash,723.65
10845,113,4,2023-05-22,1,232.31,5,PayPal,220.69
10846,815,124,2023-03-06,3,439.86,5,UPI,1253.6
10847,628,91,2024-10-26,1,243.04,15,Card,206.58
10848,275,161,2023-07-01,4,452.92,20,Cash,1449.34
10849,755,213,2025-01-12,3,119.37,15,UPI,304.39
10850,325,103,2023-03-03,2,372.81,0,PayPal,745.62
10851,886,219,2024-11-17,1,25.06,5,Card,23.81
10852,250,467,2025-06-07,2,41.99,5,Card,79.78
10853,908,56,2025-04-24,2,48.91,5,Card,92.93
10854,526,410,2023-06-06,2,453.28,5,PayPal,861.23
10855,976,133,2024-04-16,1,245.93,10,Cash,221.34
10856,905,268,2024-05-31,4,18.02,10,UPI,64.87
10857,723,234,2023-01-26,4,108.36,0,UPI,433.44
10858,12,427,2024-02-06,4,350.08,10,Cash,1260.29
10859,268,445,2024-12-28,1,59.03,10,Cash,53.13
10860,820,28,2024-12-26,3,65.61,15,UPI,167.31
10861,747,450,2023-03-16,1,250.35,15,UPI,212.8
10862,802,305,2024-05-19,1,91.58,20,PayPal,73.26
10863,776,241,2023-05-23,3,211.65,0,UPI,634.95
10864,382,425,2023-11-09,2,10.77,15,PayPal,18.31
10865,680,74,2025-06-07,5,249.15,10,Cash,1121.17
10866,179,398,2023-12-17,1,239.35,20,UPI,191.48
10867,233,154,2023-09-03,4,423.29,10,Card,1523.84
10868,74,357,2023-02-18,4,238.11,5,Cash,904.82
10869,865,158,2023-05-26,2,218.02,20,PayPal,348.83
10870,433,473,2025-01-06,4,399.22,0,Card,1596.88
10871,134,419,2023-09-26,3,418.74,0,Card,1256.22
10872,653,445,2025-02-21,5,48.58,5,UPI,230.75
10873,293,9,2023-05-28,2,254.78,0,UPI,509.56
10874,924,210,2023-05-03,3,289.37,20,UPI,694.49
10875,156,381,2023-05-24,2,417.39,20,Card,667.82
10876,563,476,2024-11-05,1,153.87,0,Card,153.87
10877,660,70,2025-04-04,2,70.53,10,PayPal,126.95
10878,328,146,2024-05-25,3,406.75,5,PayPal,1159.24
10879,883,175,2024-12-07,4,284.85,5,Cash,1082.43
10880,530,463,2023-01-01,2,124.63,10,PayPal,224.33
10881,721,454,2023-03-30,2,166.76,5,UPI,316.84
10882,179,173,2023-04-12,3,28.63,20,PayPal,68.71
10883,357,28,2023-04-20,5,419.33,10,Card,1886.99
10884,276,382,2024-02-21,2,201.13,0,Card,402.26
10885,138,299,2025-02-28,3,279.74,15,PayPal,713.34
10886,635,20,2023-04-30,2,193.3,15,Card,328.61
10887,287,206,2025-05-05,3,293.0,20,Card,703.2
10888,949,18,2023-09-11,4,468.28,20,UPI,1498.5
10889,797,15,2024-12-19,4,177.44,15,Cash,603.3
10890,63,50,2025-01-08,1,72.47,10,PayPal,65.22
10891,14,442,2024-05-20,1,323.57,5,PayPal,307.39
10892,434,179,2023-02-16,2,153.21,5,PayPal,291.1
10893,318,239,2023-07-02,3,90.69,10,UPI,244.86
10894,388,345,2024-06-20,1,350.46,0,UPI,350.46
10895,501,494,2023-09-05,4,260.5,20,Cash,833.6
10896,889,33,2024-04-09,2,55.43,20,PayPal,88.69
10897,78,159,2024-04-02,3,443.67,0,UPI,1331.01
10898,501,294,2023-12-20,2,127.98,5,PayPal,243.16
10899,231,218,2025-06-01,4,255.84,15,Card,869.86
10900,590,498,2024-06-05,3,309.96,5,Card,883.39
10901,519,69,2023-05-10,4,105.48,5,Card,400.82
10902,138,386,2023-03-17,4,145.06,15,Cash,493.2
10903,901,419,2023-04-07,4,394.22,0,Cash,1576.88
10904,906,317,2025-05-11,5,156.53,20,Card,626.12
10905,303,255,2023-10-07,5,428.95,5,Card,2037.51
10906,59,32,2023-06-08,2,178.07,15,PayPal,302.72
10907,394,457,2024-06-14,5,196.87,20,UPI,787.48
10908,539,393,2025-04-17,2,112.85,0,UPI,225.7
10909,327,184,2025-02-27,2,67.6,0,UPI,135.2
10910,740,296,2024-07-21,3,422.13,10,Card,1139.75
10911,123,388,2024-05-24,4,322.21,5,Card,1224.4
10912,805,347,2023-02-02,2,91.84,20,Card,146.94
10913,789,175,2025-03-23,3,233.71,15,PayPal,595.96
10914,181,42,2023-06-24,1,125.79,20,PayPal,100.63
10915,555,459,2023-04-10,3,26.56,20,Card,63.74
10916,982,398,2023-01-31,2,209.19,20,Card,334.7
10917,968,321,2024-02-03,1,334.42,20,UPI,267.54
10918,142,417,2024-06-28,5,492.07,5,PayPal,2337.33
10919,18,341,2024-11-28,1,380.14,15,Card,323.12
10920,214,121,2024-03-21,3,401.14,5,UPI,1143.25
10921,783,319,2024-05-25,4,16.55,10,PayPal,59.58
10922,177,395,2024-06-19,3,179.31,20,PayPal,430.34
10923,944,339,2024-12-03,4,98.53,15,Cash,335.0
10924,883,438,2025-05-17,2,308.39,20,UPI,493.42
10925,59,28,2023-03-20,2,447.86,0,UPI,895.72
10926,457,301,2025-02-07,3,216.58,10,Card,584.77
10927,899,407,2023-09-29,2,250.99,0,PayPal,501.98
10928,255,138,2024-08-12,4,297.58,10,Cash,1071.29
10929,352,407,2024-12-05,4,176.62,10,Cash,635.83
10930,527,306,2023-08-27,1,314.86,0,Cash,314.86
10931,894,464,2024-09-12,5,311.73,10,Cash,1402.79
10932,294,367,2025-03-26,5,44.28,20,PayPal,177.12
10933,108,225,2024-04-28,5,18.51,20,Card,74.04
10934,301,382,2025-04-17,1,161.23,0,PayPal,161.23
10935,984,58,2024-08-04,1,48.33,0,UPI,48.33
10936,873,430,2023-01-26,4,442.58,10,UPI,1593.29
10937,431,448,2024-06-08,2,316.71,20,PayPal,506.74
10938,138,44,2025-06-07,3,19.01,5,Card,54.18
10939,234,396,2023-12-14,4,430.94,15,Cash,1465.2
10940,77,227,2024-08-20,2,379.96,10,Card,683.93
10941,312,141,2024-09-30,3,200.19,10,Card,540.51
10942,511,496,2023-02-03,1,447.56,0,Card,447.56
10943,431,410,2023-05-24,1,158.9,15,Cash,135.06
10944,399,28,2023-06-02,5,176.45,0,Card,882.25
10945,98,17,2023-01-14,4,354.82,10,Cash,1277.35
10946,449,414,2024-03-01,2,266.88,5,PayPal,507.07
10947,523,465,2024-10-12,5,341.46,0,Card,1707.3
10948,413,59,2023-02-14,3,73.29,20,UPI,175.9
10949,711,13,2023-04-01,1,423.73,20,Cash,338.98
10950,635,425,2023-10-09,4,477.23,0,UPI,1908.92
10951,938,261,2023-12-11,4,376.84,5,Card,1431.99
10952,612,403,2024-08-23,5,163.7,20,Card,654.8
10953,816,193,2023-08-17,4,49.18,0,PayPal,196.72
10954,882,284,2025-03-26,1,18.83,20,Card,15.06
10955,14,387,2023-07-17,5,60.98,5,Card,289.65
10956,933,117,2025-01-01,5,182.36,20,PayPal,729.44
10957,851,168,2023-12-23,5,411.28,20,UPI,1645.12
10958,786,81,2023-11-05,4,180.93,15,Cash,615.16
10959,83,113,2024-07-23,2,183.46,10,PayPal,330.23
10960,781,173,2024-02-02,2,311.69,20,UPI,498.7
10961,332,263,2023-07-19,2,207.93,20,Card,332.69
10962,239,374,2024-07-28,2,12.32,10,Card,22.18
10963,568,116,2023-02-15,4,443.64,15,PayPal,1508.38
10964,435,150,2024-11-27,2,366.61,20,Card,586.58
10965,293,326,2023-12-29,4,385.62,0,Card,1542.48
10966,741,410,2024-12-23,3,48.29,15,Card,123.14
10967,326,299,2025-05-07,5,110.29,0,Card,551.45
10968,43,199,2024-09-08,4,17.33,20,UPI,55.46
10969,326,212,2024-10-31,4,271.5,10,PayPal,977.4
10970,306,327,2023-11-15,3,69.08,15,PayPal,176.15
10971,47,208,2024-01-10,3,160.74,15,UPI,409.89
10972,245,92,2023-04-05,5,85.08,15,Card,361.59
10973,309,383,2023-02-03,5,35.36,10,Card,159.12
10974,437,292,2024-05-12,3,225.38,0,UPI,676.14
10975,165,171,2024-12-04,2,492.91,0,PayPal,985.82
10976,814,187,2024-05-14,1,422.39,0,PayPal,422.39
10977,595,426,2025-06-13,4,333.45,20,UPI,1067.04
10978,408,366,2023-01-05,5,15.61,20,UPI,62.44
10979,103,390,2024-09-24,5,28.0,10,Cash,126.0
10980,521,433,2024-10-24,1,495.74,5,UPI,470.95
10981,815,253,2024-07-27,4,415.06,5,Cash,1577.23
10982,911,267,2025-03-22,2,448.31,5,Cash,851.79
10983,369,335,2024-03-10,5,57.51,5,UPI,273.17
10984,701,482,2023-06-21,2,14.42,0,UPI,28.84
10985,471,195,2025-06-09,4,348.55,0,Cash,1394.2
10986,771,364,2025-01-05,4,462.54,0,UPI,1850.16
10987,243,263,2025-02-09,5,446.25,10,Cash,2008.12
10988,829,287,2023-12-11,3,420.32,20,Card,1008.77
10989,712,442,2025-04-09,3,471.31,10,Cash,1272.54
10990,632,242,2024-08-06,5,72.42,5,Card,344.0
10991,124,119,2024-09-25,2,324.03,5,Card,615.66
10992,972,239,2023-04-13,5,35.91,20,PayPal,143.64
10993,759,56,2023-04-13,1,90.58,0,Cash,90.58
10994,332,356,2024-05-25,1,10.88,20,Cash,8.7
10995,988,31,2024-03-20,4,245.7,15,UPI,835.38
10996,418,246,2024-10-26,4,198.49,10,Cash,714.56
10997,23,308,2024-07-29,3,53.07,20,Card,127.37
10998,513,117,2025-01-25,5,422.18,20,Cash,1688.72
10999,104,284,2023-03-23,1,306.56,15,Cash,260.58
11000,105,445,2024-05-08,1,168.11,5,Cash,159.7
11001,242,229,2023-10-12,1,235.14,15,Card,199.87
11002,952,101,2024-03-26,5,107.86,5,Card,512.33
11003,946,82,2025-03-21,1,389.59,10,PayPal,350.63
11004,466,459,2023-09-03,4,8.98,10,PayPal,32.33
11005,868,75,2024-03-25,2,74.76,0,Cash,149.52
11006,978,99,2024-02-24,1,279.1,20,Cash,223.28
11007,106,244,2023-07-07,2,456.01,5,Cash,866.42
11008,452,102,2023-12-15,2,132.24,0,Card,264.48
11009,558,400,2024-05-06,3,472.47,0,Card,1417.41
11010,210,187,2025-03-12,2,21.39,0,Cash,42.78
11011,336,215,2024-10-18,5,350.15,5,UPI,1663.21
11012,820,396,2024-06-05,4,133.94,5,UPI,508.97
11013,120,487,2024-12-09,3,475.83,15,Cash,1213.37
11014,526,88,2024-03-21,3,400.42,5,Card,1141.2
11015,744,366,2025-02-08,2,289.54,20,Cash,463.26
11016,845,241,2025-04-07,5,238.41,0,UPI,1192.05
11017,113,291,2024-12-21,3,285.7,5,Card,814.24
11018,551,492,2025-03-21,1,407.81,10,UPI,367.03
11019,785,263,2023-05-10,2,456.26,10,Card,821.27
11020,99,32,2024-11-05,2,289.69,0,UPI,579.38
11021,295,142,2023-03-16,2,444.01,0,PayPal,888.02
11022,789,317,2024-05-31,4,85.5,0,Cash,342.0
11023,751,76,2025-02-21,1,68.33,10,PayPal,61.5
11024,213,84,2023-02-10,5,214.45,5,Card,1018.64
11025,649,380,2023-06-21,2,477.14,10,Cash,858.85
11026,947,71,2023-08-21,1,222.61,15,Card,189.22
11027,367,249,2023-05-19,3,402.48,5,Cash,1147.07
11028,448,227,2025-03-24,2,325.29,5,UPI,618.05
11029,9,88,2024-02-10,4,333.8,10,Cash,1201.68
11030,902,327,2025-04-22,3,444.36,5,Cash,1266.43
11031,939,402,2024-09-25,2,362.93,20,PayPal,580.69
11032,887,223,2024-05-24,4,434.24,20,Cash,1389.57
11033,780,13,2024-01-07,4,41.26,5,PayPal,156.79
11034,13,247,2025-03-26,5,385.35,5,PayPal,1830.41
11035,860,283,2024-02-13,5,168.07,5,UPI,798.33
11036,390,300,2024-04-15,5,326.55,10,PayPal,1469.48
11037,45,315,2024-10-03,3,49.54,10,PayPal,133.76
11038,311,230,2023-10-17,1,258.73,5,UPI,245.79
11039,99,356,2023-01-01,3,471.06,5,Cash,1342.52
11040,147,464,2023-12-13,2,367.94,5,Cash,699.09
11041,533,88,2023-12-02,1,221.44,0,UPI,221.44
11042,919,19,2024-03-29,1,60.19,0,Card,60.19
11043,716,126,2023-07-15,1,344.86,0,Cash,344.86
11044,763,399,2023-07-25,4,380.63,10,UPI,1370.27
11045,686,329,2025-02-12,2,460.91,20,Card,737.46
11046,318,65,2023-12-20,4,75.29,0,Cash,301.16
11047,735,131,2024-04-06,3,418.54,10,UPI,1130.06
11048,471,198,2025-01-25,4,199.99,0,Cash,799.96
11049,964,81,2023-01-02,1,493.99,15,PayPal,419.89
11050,690,141,2023-03-07,1,464.09,20,UPI,371.27
11051,774,290,2023-05-27,5,483.06,0,UPI,2415.3
11052,828,437,2023-07-04,1,67.86,10,UPI,61.07
11053,808,467,2023-09-17,3,9.92,20,UPI,23.81
11054,84,466,2023-10-21,1,491.35,15,PayPal,417.65
11055,777,433,2024-04-06,1,19.51,10,PayPal,17.56
11056,98,443,2024-04-11,1,114.02,5,Cash,108.32
11057,833,202,2024-11-07,2,481.48,10,Card,866.66
11058,529,248,2023-08-05,3,213.55,5,Cash,608.62
11059,110,486,2025-03-13,2,392.53,5,Cash,745.81
11060,387,218,2025-04-13,3,37.55,10,Card,101.38
11061,311,442,2023-07-25,2,214.76,15,Card,365.09
11062,699,376,2024-12-10,4,257.81,5,PayPal,979.68
11063,93,227,2024-02-23,1,176.9,0,PayPal,176.9
11064,9,343,2023-06-18,3,90.29,15,Cash,230.24
11065,404,46,2024-04-04,3,349.43,10,Card,943.46
11066,504,166,2025-04-09,4,335.48,0,Card,1341.92
11067,673,405,2024-04-07,5,121.32,15,Cash,515.61
11068,532,176,2023-02-12,1,110.94,5,Cash,105.39
11069,368,301,2024-03-30,5,214.66,0,Cash,1073.3
11070,463,77,2023-12-14,2,177.57,5,Card,337.38
11071,713,61,2024-05-29,1,142.6,20,PayPal,114.08
11072,840,67,2023-10-07,3,298.66,20,Cash,716.78
11073,238,246,2025-05-25,3,368.14,5,UPI,1049.2
11074,327,178,2023-04-27,1,142.7,0,UPI,142.7
11075,487,324,2024-04-27,2,85.9,10,Cash,154.62
11076,93,89,2024-12-22,1,365.59,0,Card,365.59
11077,558,336,2023-08-12,3,364.9,5,UPI,1039.96
11078,974,153,2023-07-23,4,128.18,15,PayPal,435.81
11079,766,486,2025-02-03,2,426.44,20,PayPal,682.3
11080,852,61,2025-01-28,4,279.95,0,Card,1119.8
11081,837,357,2024-11-03,1,331.14,0,Card,331.14
11082,759,103,2023-11-21,1,36.69,20,UPI,29.35
11083,907,368,2025-02-24,3,254.08,15,Card,647.9
11084,279,82,2023-08-17,3,186.4,15,Card,475.32
11085,287,387,2024-06-28,5,448.71,10,Cash,2019.19
11086,472,289,2024-11-12,2,186.08,20,Cash,297.73
11087,677,290,2023-08-17,2,248.23,10,Cash,446.81
11088,913,215,2023-02-13,2,164.16,10,Cash,295.49
11089,811,102,2024-06-24,5,412.56,10,PayPal,1856.52
11090,436,434,2024-03-06,4,432.87,5,PayPal,1644.91
11091,113,130,2025-01-20,4,353.96,0,PayPal,1415.84
11092,62,338,2023-08-16,5,220.3,5,PayPal,1046.42
11093,53,69,2023-09-21,3,241.68,5,Cash,688.79
11094,249,458,2023-09-08,3,115.85,5,Card,330.17
11095,259,154,2023-12-18,1,412.48,0,Card,412.48
11096,734,433,2023-01-27,5,434.69,15,PayPal,1847.43
11097,165,486,2023-06-27,2,7.34,0,PayPal,14.68
11098,448,488,2025-02-02,3,258.98,0,Card,776.94
11099,830,295,2024-09-02,5,6.81,0,Cash,34.05
11100,485,438,2023-10-03,3,319.26,20,Cash,766.22
11101,989,173,2024-03-06,3,7.35,15,Card,18.74
11102,97,310,2023-01-23,4,286.98,0,UPI,1147.92
11103,934,215,2023-12-31,2,33.42,0,Card,66.84
11104,639,24,2025-04-13,3,380.96,15,Card,971.45
11105,995,485,2024-01-25,1,242.08,10,Cash,217.87
11106,970,347,2023-03-04,3,419.36,15,Card,1069.37
11107,97,449,2024-01-23,5,175.28,0,PayPal,876.4
11108,623,61,2023-03-20,1,235.7,15,Card,200.34
11109,739,221,2023-02-07,5,35.67,10,Cash,160.52
11110,921,216,2023-07-01,5,155.09,20,Cash,620.36
11111,127,371,2025-01-03,1,111.59,15,Cash,94.85
11112,802,67,2024-10-20,2,460.66,10,PayPal,829.19
11113,255,196,2024-06-08,4,106.19,5,UPI,403.52
11114,810,178,2024-07-14,1,56.42,10,Card,50.78
11115,329,278,2023-05-28,2,239.35,0,PayPal,478.7
11116,665,418,2024-05-09,4,257.82,15,Card,876.59
11117,981,319,2023-10-07,3,391.02,15,UPI,997.1
11118,835,412,2023-02-14,2,488.65,10,Card,879.57
11119,942,356,2023-12-31,5,195.63,0,Cash,978.15
11120,78,442,2023-04-09,4,145.6,20,UPI,465.92
11121,833,466,2024-10-03,1,379.36,10,Cash,341.42
11122,422,3,2024-03-25,3,170.22,15,Cash,434.06
11123,836,316,2024-08-25,2,443.62,5,Card,842.88
11124,766,206,2024-10-27,5,479.82,5,PayPal,2279.14
11125,22,13,2023-07-18,3,121.58,5,PayPal,346.5
11126,904,116,2023-09-16,4,431.88,5,Cash,1641.14
11127,309,255,2024-10-12,5,353.86,15,Cash,1503.91
11128,87,278,2023-12-02,3,113.45,20,UPI,272.28
11129,948,52,2024-02-28,4,155.14,5,PayPal,589.53
11130,141,383,2024-02-03,5,350.66,20,Cash,1402.64
11131,173,161,2024-10-02,5,426.09,15,PayPal,1810.88
11132,672,476,2023-05-16,1,346.71,10,Card,312.04
11133,929,212,2024-09-06,2,126.47,0,Card,252.94
11134,460,271,2023-03-07,2,168.64,5,PayPal,320.42
11135,365,192,2023-06-16,4,111.47,5,UPI,423.59
11136,420,266,2023-08-01,5,165.3,10,PayPal,743.85
11137,385,154,2023-12-08,4,147.78,20,Cash,472.9
11138,472,301,2023-02-26,4,47.72,5,Card,181.34
11139,243,351,2024-06-09,4,160.55,20,PayPal,513.76
11140,996,152,2025-03-05,1,250.95,10,Card,225.85
11141,610,223,2024-07-31,2,485.56,10,Cash,874.01
11142,491,93,2025-04-27,3,223.68,0,PayPal,671.04
11143,997,127,2023-05-20,2,156.78,20,PayPal,250.85
11144,803,456,2023-01-20,4,179.31,20,UPI,573.79
11145,740,28,2024-10-28,3,83.26,10,Card,224.8
11146,69,446,2024-06-22,3,237.78,20,PayPal,570.67
11147,783,250,2023-11-21,2,494.07,0,Card,988.14
11148,865,334,2024-07-09,1,155.68,0,UPI,155.68
11149,483,355,2023-04-13,2,399.77,20,Card,639.63
11150,394,11,2024-04-27,1,388.43,0,Cash,388.43
11151,667,63,2024-04-25,1,329.29,0,PayPal,329.29
11152,589,144,2024-10-29,4,288.87,20,UPI,924.38
11153,752,65,2025-01-25,4,91.4,15,Cash,310.76
11154,881,455,2023-10-23,2,64.1,15,Cash,108.97
11155,542,261,2023-10-04,1,348.99,0,UPI,348.99
11156,309,40,2023-09-23,3,30.46,0,Card,91.38
11157,560,198,2023-04-28,5,409.56,0,PayPal,2047.8
11158,478,245,2024-08-01,5,227.58,5,Card,1081.01
11159,939,327,2023-12-07,4,368.24,10,Card,1325.66
11160,746,134,2024-02-27,2,382.18,5,UPI,726.14
11161,440,213,2023-08-17,5,198.38,20,PayPal,793.52
11162,293,406,2023-03-07,2,97.53,20,Cash,156.05
11163,812,360,2024-12-18,2,194.57,15,Cash,330.77
11164,232,157,2023-04-19,2,449.09,0,UPI,898.18
11165,153,389,2023-03-04,5,184.0,10,Card,828.0
11166,747,498,2023-08-24,3,430.0,15,UPI,1096.5
11167,606,184,2024-04-03,2,143.52,5,Card,272.69
11168,134,404,2024-02-23,5,89.98,20,Cash,359.92
11169,702,160,2024-10-28,4,33.41,10,Cash,120.28
11170,20,218,2023-05-05,2,263.75,20,Card,422.0
11171,31,142,2024-10-03,1,13.73,15,PayPal,11.67
11172,894,206,2025-04-09,5,384.51,15,Cash,1634.17
11173,6,117,2025-06-18,3,179.01,0,UPI,537.03
11174,325,227,2025-01-27,4,86.81,15,UPI,295.15
11175,526,345,2023-07-27,1,142.62,15,UPI,121.23
11176,592,203,2023-01-04,5,129.68,20,UPI,518.72
11177,639,341,2025-05-07,2,432.12,10,Card,777.82
11178,761,86,2023-02-16,4,242.2,15,UPI,823.48
11179,151,304,2023-10-20,3,355.15,20,PayPal,852.36
11180,823,433,2024-12-17,1,320.05,10,PayPal,288.05
11181,480,159,2025-06-09,3,291.49,15,Card,743.3
11182,216,456,2025-01-12,1,262.23,10,UPI,236.01
11183,93,195,2025-02-06,2,382.92,15,Card,650.96
11184,788,154,2023-08-22,4,384.12,15,PayPal,1306.01
11185,499,359,2024-04-05,2,149.07,20,UPI,238.51
11186,440,137,2024-11-04,5,147.55,10,PayPal,663.98
11187,216,450,2024-09-28,5,284.92,10,PayPal,1282.14
11188,405,292,2023-01-24,1,356.0,10,Card,320.4
11189,375,166,2023-07-14,4,408.14,0,UPI,1632.56
11190,53,60,2025-02-02,2,169.02,0,PayPal,338.04
11191,657,479,2024-04-08,4,415.37,20,Card,1329.18
11192,140,422,2025-04-21,2,325.08,10,UPI,585.14
11193,112,81,2025-03-14,2,99.61,20,Card,159.38
11194,703,460,2023-10-09,1,112.58,20,UPI,90.06
11195,658,328,2023-01-25,2,395.01,10,Card,711.02
11196,59,187,2024-01-29,5,104.69,20,Card,418.76
11197,252,496,2025-05-29,2,150.55,10,Cash,270.99
11198,732,481,2024-05-09,1,376.66,5,Cash,357.83
11199,158,357,2023-07-05,2,230.27,15,UPI,391.46
11200,334,306,2023-05-19,2,63.24,0,Card,126.48
11201,271,268,2024-05-01,1,440.72,0,Card,440.72
11202,282,360,2025-01-14,4,198.56,0,Card,794.24
11203,926,98,2025-05-10,3,224.65,15,UPI,572.86
11204,946,381,2024-02-21,5,334.05,20,UPI,1336.2
11205,238,164,2025-04-21,1,134.82,20,UPI,107.86
11206,486,266,2024-12-19,1,201.83,0,PayPal,201.83
11207,306,199,2023-02-05,5,12.01,5,Card,57.05
11208,704,25,2023-08-18,1,27.31,15,PayPal,23.21
11209,977,198,2025-03-12,2,164.6,0,PayPal,329.2
11210,892,252,2023-03-09,3,330.64,0,Cash,991.92
11211,716,16,2024-10-10,4,134.93,0,UPI,539.72
11212,264,327,2023-10-23,5,261.31,20,PayPal,1045.24
11213,360,399,2024-06-02,5,345.71,20,Card,1382.84
11214,586,48,2023-11-11,1,407.29,0,Card,407.29
11215,726,219,2023-04-01,5,357.94,20,UPI,1431.76
11216,266,347,2023-04-25,1,381.72,0,Cash,381.72
11217,42,472,2023-09-21,4,15.16,0,Card,60.64
11218,953,455,2023-03-25,5,230.2,15,Cash,978.35
11219,188,76,2024-12-18,5,472.97,0,UPI,2364.85
11220,509,288,2024-09-06,5,80.72,15,UPI,343.06
11221,361,459,2023-01-28,2,128.96,15,UPI,219.23
11222,1000,491,2024-02-01,1,11.76,5,Card,11.17
11223,706,291,2024-07-05,2,379.83,15,UPI,645.71
11224,846,389,2025-04-05,1,483.69,20,UPI,386.95
11225,827,420,2024-04-19,5,142.3,15,PayPal,604.77
11226,276,123,2024-08-16,3,305.98,15,Cash,780.25
11227,865,324,2025-05-07,2,39.64,20,Cash,63.42
11228,767,124,2025-01-18,5,487.37,10,UPI,2193.16
11229,71,281,2024-08-24,2,103.26,10,PayPal,185.87
11230,441,102,2024-01-18,1,131.63,20,Cash,105.3
11231,604,486,2024-08-24,5,347.35,20,UPI,1389.4
11232,479,211,2023-05-16,5,41.75,20,UPI,167.0
11233,285,141,2024-05-08,3,312.29,5,UPI,890.03
11234,497,475,2024-12-22,3,382.09,15,PayPal,974.33
11235,580,244,2024-11-20,3,462.57,5,Cash,1318.32
11236,547,451,2024-06-21,4,86.65,20,Cash,277.28
11237,101,83,2023-11-26,5,498.94,0,PayPal,2494.7
11238,911,188,2024-05-11,5,15.96,0,UPI,79.8
11239,837,54,2024-02-03,1,65.76,0,Cash,65.76
11240,541,346,2023-02-16,2,258.37,5,Card,490.9
11241,463,184,2023-06-09,4,344.04,0,Cash,1376.16
11242,999,483,2024-05-04,3,81.93,10,Cash,221.21
11243,517,373,2023-11-08,3,391.43,15,PayPal,998.15
11244,650,97,2023-11-02,3,93.66,10,Card,252.88
11245,982,402,2024-06-12,2,49.02,0,Cash,98.04
11246,251,273,2023-05-06,3,84.47,5,UPI,240.74
11247,78,193,2024-07-13,2,269.59,5,Cash,512.22
11248,757,11,2025-02-14,5,378.75,20,PayPal,1515.0
11249,522,358,2023-02-28,2,150.4,20,Card,240.64
11250,283,293,2025-01-15,4,325.87,10,UPI,1173.13
11251,647,282,2023-01-24,1,275.73,15,PayPal,234.37
11252,509,444,2023-08-21,4,39.0,10,UPI,140.4
11253,260,409,2025-05-14,1,301.46,10,Card,271.31
11254,276,288,2025-02-25,1,170.23,5,Cash,161.72
11255,227,177,2023-03-29,2,127.13,15,Card,216.12
11256,586,27,2024-12-15,5,22.87,0,UPI,114.35
11257,105,402,2024-08-01,5,168.3,5,UPI,799.42
11258,326,269,2024-09-25,3,359.52,0,UPI,1078.56
11259,58,20,2023-01-27,1,50.41,0,PayPal,50.41
11260,474,462,2024-10-17,2,483.83,5,UPI,919.28
11261,528,357,2023-12-09,2,153.79,5,Card,292.2
11262,155,389,2025-01-14,4,263.58,20,PayPal,843.46
11263,181,415,2025-04-11,5,393.27,10,PayPal,1769.71
11264,554,218,2023-04-20,3,222.77,20,Card,534.65
11265,679,496,2025-05-20,3,49.71,20,PayPal,119.3
11266,339,126,2023-03-08,3,20.12,15,PayPal,51.31
11267,985,275,2023-12-18,3,332.1,15,Cash,846.86
11268,611,213,2025-04-11,5,308.3,15,Card,1310.27
11269,705,54,2023-10-12,4,61.73,5,Cash,234.57
11270,524,100,2024-03-07,4,255.69,15,PayPal,869.35
11271,644,168,2025-04-09,2,192.9,20,Card,308.64
11272,351,388,2023-09-04,3,170.83,5,Cash,486.87
11273,419,52,2025-04-10,4,419.31,15,Cash,1425.65
11274,152,184,2024-01-13,1,342.88,20,PayPal,274.3
11275,172,340,2025-04-06,4,59.89,0,Card,239.56
11276,498,257,2025-05-30,4,257.42,15,UPI,875.23
11277,910,488,2024-03-30,5,294.27,20,Card,1177.08
11278,314,465,2025-04-03,5,262.21,10,Cash,1179.94
11279,602,130,2024-06-14,3,263.34,5,PayPal,750.52
11280,70,316,2023-10-30,5,196.42,15,UPI,834.78
11281,542,432,2023-05-27,5,476.05,20,Cash,1904.2
11282,98,202,2023-08-30,4,329.98,10,UPI,1187.93
11283,621,396,2024-07-03,1,327.21,15,Cash,278.13
11284,867,173,2024-02-02,5,212.16,15,Card,901.68
11285,66,462,2025-02-13,1,400.76,0,UPI,400.76
11286,254,97,2025-02-26,1,9.43,5,Card,8.96
11287,56,119,2024-06-15,5,242.57,5,PayPal,1152.21
11288,791,366,2024-06-12,1,218.95,5,Cash,208.0
11289,585,452,2023-03-04,2,157.03,15,Card,266.95
11290,251,34,2023-01-01,1,450.36,0,UPI,450.36
11291,652,416,2024-07-30,2,265.15,15,Card,450.75
11292,810,356,2023-08-29,5,191.18,5,UPI,908.11
11293,302,141,2024-06-13,2,458.56,20,Card,733.7
11294,853,193,2023-04-22,4,348.54,20,PayPal,1115.33
11295,366,143,2023-04-29,1,403.57,15,Cash,343.03
11296,123,60,2023-05-29,2,8.87,10,PayPal,15.97
11297,176,368,2024-11-06,3,119.11,20,Card,285.86
11298,222,16,2023-05-03,3,18.51,5,Card,52.75
11299,994,228,2023-11-08,3,108.98,20,Cash,261.55
11300,615,385,2023-12-18,2,157.6,20,Cash,252.16
11301,662,255,2024-01-19,5,12.1,0,Cash,60.5
11302,608,253,2024-10-27,3,77.27,0,Card,231.81
11303,870,22,2023-09-02,1,265.69,0,UPI,265.69
11304,626,410,2025-01-16,3,92.59,5,Cash,263.88
11305,985,194,2023-08-15,4,406.34,0,Card,1625.36
11306,407,111,2023-04-16,2,203.25,10,PayPal,365.85
11307,605,28,2023-05-31,3,196.35,5,UPI,559.6
11308,474,266,2024-11-27,4,372.74,20,PayPal,1192.77
11309,656,142,2024-09-01,3,186.36,10,UPI,503.17
11310,827,123,2023-06-19,1,141.08,0,UPI,141.08
11311,625,301,2023-05-25,4,422.18,15,UPI,1435.41
11312,687,277,2025-01-25,1,142.31,20,Cash,113.85
11313,494,22,2024-10-28,4,331.24,0,UPI,1324.96
11314,819,278,2025-02-15,2,462.45,10,PayPal,832.41
11315,410,14,2025-04-20,5,140.71,20,UPI,562.84
11316,309,144,2024-11-16,2,187.4,15,PayPal,318.58
11317,656,365,2024-11-12,2,347.15,10,UPI,624.87
11318,7,253,2024-12-04,4,85.43,10,PayPal,307.55
11319,842,229,2023-07-21,1,365.75,0,UPI,365.75
11320,31,327,2023-08-29,1,80.5,0,Cash,80.5
11321,82,32,2024-08-21,4,253.47,5,PayPal,963.19
11322,494,23,2024-06-29,3,306.19,5,UPI,872.64
11323,815,64,2024-01-02,4,102.86,5,PayPal,390.87
11324,309,178,2023-07-28,2,479.39,15,Card,814.96
11325,191,98,2025-01-27,5,185.81,20,Card,743.24
11326,876,273,2024-12-25,4,196.62,5,UPI,747.16
11327,274,135,2024-05-14,4,41.98,20,PayPal,134.34
11328,73,355,2025-04-28,3,414.84,0,UPI,1244.52
11329,969,479,2024-04-21,2,42.84,20,Card,68.54
11330,209,453,2024-10-07,3,305.11,15,Card,778.03
11331,990,287,2024-10-18,3,114.69,5,Card,326.87
11332,424,452,2024-10-19,1,63.77,20,UPI,51.02
11333,343,216,2024-06-22,3,401.97,10,UPI,1085.32
11334,5,240,2025-03-12,1,464.58,5,Card,441.35
11335,853,235,2023-03-03,1,58.51,10,Cash,52.66
11336,763,423,2024-07-21,3,454.5,0,UPI,1363.5
11337,14,408,2025-01-28,1,49.7,20,Cash,39.76
11338,660,353,2023-07-31,2,43.86,20,UPI,70.18
11339,374,156,2023-05-30,5,145.74,10,Cash,655.83
11340,501,109,2025-03-26,1,151.86,10,UPI,136.67
11341,882,483,2023-01-07,1,409.1,15,PayPal,347.74
11342,544,181,2024-01-14,1,480.27,20,PayPal,384.22
11343,94,197,2023-09-30,3,431.68,20,Cash,1036.03
11344,674,403,2023-08-01,1,426.88,15,Cash,362.85
11345,79,322,2023-09-08,2,337.54,0,Card,675.08
11346,720,364,2024-05-16,4,423.99,15,PayPal,1441.57
11347,595,83,2023-01-11,5,254.02,10,Cash,1143.09
11348,776,232,2024-06-03,5,74.68,5,UPI,354.73
11349,45,261,2023-02-15,3,361.1,0,Card,1083.3
11350,467,213,2023-02-17,3,161.63,15,PayPal,412.16
11351,961,312,2024-07-25,1,106.14,5,Cash,100.83
11352,191,29,2025-01-06,2,298.12,5,Card,566.43
11353,689,133,2023-07-11,1,415.64,15,Cash,353.29
11354,40,483,2023-10-14,2,484.72,5,Card,920.97
11355,399,3,2023-09-06,3,338.46,15,UPI,863.07
11356,959,257,2024-06-14,4,67.92,5,UPI,258.1
11357,920,117,2024-10-06,3,178.79,10,UPI,482.73
11358,387,450,2023-05-19,4,205.87,5,Card,782.31
11359,270,298,2025-04-15,2,176.8,5,Card,335.92
11360,264,92,2024-02-28,3,12.81,10,PayPal,34.59
11361,664,40,2023-08-08,2,272.15,0,Card,544.3
11362,946,386,2024-12-25,2,480.97,5,Card,913.84
11363,668,369,2023-03-28,4,159.44,0,PayPal,637.76
11364,806,439,2023-01-26,5,155.1,0,Cash,775.5
11365,558,171,2024-01-09,4,406.3,5,Card,1543.94
11366,138,142,2024-02-14,3,210.6,20,Cash,505.44
11367,611,230,2023-02-16,1,265.03,15,Card,225.28
11368,64,107,2023-12-20,3,142.5,5,Card,406.12
11369,878,121,2024-03-19,5,146.91,0,Card,734.55
11370,123,384,2023-12-30,5,235.26,5,Cash,1117.48
11371,752,302,2024-05-17,5,460.38,15,UPI,1956.62
11372,851,340,2023-03-06,5,430.34,15,PayPal,1828.94
11373,603,338,2025-03-09,3,133.6,15,UPI,340.68
11374,532,185,2023-11-15,5,32.85,0,PayPal,164.25
11375,34,228,2024-05-18,4,486.83,5,Cash,1849.95
11376,60,321,2024-05-24,5,218.93,5,PayPal,1039.92
11377,816,273,2024-07-16,4,490.68,0,Card,1962.72
11378,82,391,2024-10-18,2,472.45,5,UPI,897.65
11379,514,342,2024-05-05,1,59.7,5,Cash,56.72
11380,440,340,2024-01-15,2,144.65,20,Cash,231.44
11381,267,270,2023-02-22,5,394.58,20,PayPal,1578.32
11382,537,496,2024-08-04,2,100.65,20,Card,161.04
11383,306,314,2024-11-26,2,406.77,10,Card,732.19
11384,823,193,2023-03-26,1,69.9,0,PayPal,69.9
11385,411,135,2025-01-01,4,44.84,0,PayPal,179.36
11386,668,118,2023-03-11,1,306.86,0,PayPal,306.86
11387,332,216,2025-04-25,1,214.11,5,Card,203.4
11388,385,18,2023-10-01,4,142.17,5,Card,540.25
11389,896,291,2024-11-30,5,122.02,20,UPI,488.08
11390,513,379,2024-10-20,2,460.96,0,Card,921.92
11391,229,253,2025-02-18,2,25.35,10,PayPal,45.63
11392,553,373,2023-02-08,2,183.16,10,UPI,329.69
11393,958,109,2025-01-15,5,359.93,15,UPI,1529.7
11394,532,15,2025-02-24,3,226.36,15,UPI,577.22
11395,535,221,2025-04-13,2,384.64,10,PayPal,692.35
11396,916,322,2024-01-20,3,482.96,15,UPI,1231.55
11397,665,443,2024-03-18,1,293.15,20,Cash,234.52
11398,241,66,2023-09-15,1,245.33,5,UPI,233.06
11399,156,247,2024-10-23,4,300.68,20,UPI,962.18
11400,815,433,2025-03-10,5,335.21,0,Card,1676.05
11401,582,266,2023-05-31,4,194.92,20,Cash,623.74
11402,696,61,2024-02-22,3,293.88,5,UPI,837.56
11403,525,444,2025-02-15,1,49.81,10,Card,44.83
11404,325,385,2024-03-26,1,411.34,0,UPI,411.34
11405,169,400,2024-09-10,2,348.64,10,Card,627.55
11406,799,435,2023-01-28,1,129.58,0,Cash,129.58
11407,848,240,2023-05-13,3,350.47,20,Cash,841.13
11408,291,75,2024-05-11,4,310.03,10,Card,1116.11
11409,428,281,2024-09-20,4,214.25,0,PayPal,857.0
11410,123,433,2023-03-21,5,265.36,10,UPI,1194.12
11411,797,417,2024-08-22,1,343.42,20,UPI,274.74
11412,823,434,2024-03-25,1,218.49,10,Cash,196.64
11413,428,93,2024-08-16,2,253.39,5,Cash,481.44
11414,904,450,2023-07-03,4,320.11,20,PayPal,1024.35
11415,674,468,2025-05-10,1,182.28,20,PayPal,145.82
11416,612,157,2024-08-09,5,324.09,5,Cash,1539.43
11417,457,153,2024-12-26,5,423.51,20,UPI,1694.04
11418,895,463,2024-12-04,2,174.14,15,Cash,296.04
11419,713,311,2023-04-24,2,153.32,5,PayPal,291.31
11420,802,419,2024-11-25,3,488.94,15,UPI,1246.8
11421,512,101,2023-05-26,4,499.85,0,PayPal,1999.4
11422,162,154,2025-03-12,3,47.75,10,Cash,128.93
11423,559,72,2023-09-30,2,233.7,20,Cash,373.92
11424,897,253,2024-03-09,1,120.19,5,PayPal,114.18
11425,377,465,2023-02-23,3,68.49,10,UPI,184.92
11426,723,227,2023-10-16,2,455.24,20,UPI,728.38
11427,456,344,2024-11-28,5,188.51,15,Card,801.17
11428,322,113,2025-02-08,3,139.22,10,Cash,375.89
11429,556,416,2024-07-24,5,34.74,10,Card,156.33
11430,436,307,2024-08-05,5,24.7,10,PayPal,111.15
11431,385,156,2024-06-18,3,298.88,5,Cash,851.81
11432,15,366,2023-10-16,4,129.81,10,PayPal,467.32
11433,350,301,2024-06-17,5,369.12,10,Cash,1661.04
11434,563,331,2025-06-14,5,136.16,10,UPI,612.72
11435,565,380,2025-04-05,4,461.41,20,Card,1476.51
11436,448,422,2025-03-09,5,179.92,5,PayPal,854.62
11437,49,496,2023-07-28,2,40.22,10,PayPal,72.4
11438,27,205,2025-04-21,5,282.46,20,Card,1129.84
11439,494,265,2023-02-15,1,182.36,20,Cash,145.89
11440,57,247,2023-09-27,5,474.65,15,Card,2017.26
11441,482,18,2023-02-07,2,209.1,0,Cash,418.2
11442,976,45,2023-05-23,4,293.84,15,UPI,999.06
11443,883,254,2023-01-14,5,266.95,10,UPI,1201.28
11444,843,478,2024-01-24,2,82.3,20,PayPal,131.68
11445,347,349,2023-01-31,4,403.92,15,PayPal,1373.33
11446,431,267,2024-11-20,1,220.61,20,UPI,176.49
11447,998,295,2023-11-30,2,472.1,5,Card,896.99
11448,584,333,2024-11-01,4,152.37,0,PayPal,609.48
11449,890,104,2024-04-24,2,455.35,20,Card,728.56
11450,623,292,2023-03-02,3,471.84,5,UPI,1344.74
11451,592,232,2025-01-25,5,331.81,0,Cash,1659.05
11452,443,36,2024-05-17,4,237.69,15,Cash,808.15
11453,21,83,2025-02-23,5,339.47,15,Cash,1442.75
11454,42,115,2023-05-08,2,470.87,0,Cash,941.74
11455,355,44,2024-09-12,5,258.29,0,PayPal,1291.45
11456,261,474,2024-05-03,3,83.34,10,PayPal,225.02
11457,391,102,2023-09-04,1,371.96,5,PayPal,353.36
11458,939,451,2024-03-12,3,379.99,15,Cash,968.97
11459,925,306,2023-06-27,4,310.09,20,Cash,992.29
11460,503,97,2025-05-05,2,320.8,10,PayPal,577.44
11461,578,318,2025-03-14,4,343.6,0,UPI,1374.4
11462,539,299,2023-02-10,1,183.23,20,Card,146.58
11463,178,196,2025-03-11,5,349.62,5,PayPal,1660.69
11464,602,70,2024-10-25,4,149.62,20,Cash,478.78
11465,542,270,2025-04-15,3,255.64,10,Cash,690.23
11466,499,104,2023-08-03,4,11.68,15,PayPal,39.71
11467,647,260,2023-09-05,1,362.29,5,Card,344.18
11468,960,283,2025-01-26,3,15.12,5,PayPal,43.09
11469,834,71,2024-07-01,1,74.84,15,UPI,63.61
11470,606,42,2025-02-08,4,131.53,10,Card,473.51
11471,209,473,2024-10-04,1,125.18,0,Card,125.18
11472,207,267,2023-03-12,4,273.19,20,PayPal,874.21
11473,808,415,2023-05-07,1,121.27,10,PayPal,109.14
11474,466,398,2025-03-02,2,135.82,15,UPI,230.89
11475,993,373,2023-02-27,1,436.7,5,PayPal,414.86
11476,924,411,2024-10-13,1,176.27,0,PayPal,176.27
11477,487,385,2023-09-27,2,101.19,20,UPI,161.9
11478,39,488,2023-09-14,1,35.89,5,PayPal,34.1
11479,166,475,2025-02-07,3,50.17,0,Card,150.51
11480,537,184,2024-02-24,1,32.89,0,PayPal,32.89
11481,21,382,2023-06-24,2,302.47,5,Card,574.69
11482,96,381,2023-06-11,2,379.86,0,PayPal,759.72
11483,354,206,2023-01-21,5,128.56,5,Card,610.66
11484,415,190,2023-08-23,4,344.17,20,UPI,1101.34
11485,967,207,2023-10-13,1,410.83,0,UPI,410.83
11486,423,426,2024-07-20,4,353.3,0,UPI,1413.2
11487,405,107,2023-06-02,2,293.56,10,UPI,528.41
11488,820,423,2024-08-31,4,177.28,10,PayPal,638.21
11489,109,490,2023-04-25,4,70.58,15,PayPal,239.97
11490,146,309,2023-11-04,4,249.58,5,PayPal,948.4
11491,217,423,2023-05-17,1,44.7,20,PayPal,35.76
11492,882,384,2024-02-19,4,272.09,0,Cash,1088.36
11493,46,246,2023-12-15,5,71.27,15,UPI,302.9
11494,408,225,2023-10-28,1,322.43,0,Card,322.43
11495,330,4,2025-02-03,2,430.28,5,Card,817.53
11496,723,63,2024-09-22,5,180.33,5,Card,856.57
11497,630,387,2025-01-18,4,358.25,0,UPI,1433.0
11498,632,439,2024-08-04,5,92.23,5,Card,438.09
11499,549,359,2024-03-15,5,64.43,20,UPI,257.72
11500,25,250,2025-06-18,4,401.07,0,Card,1604.28
11501,61,433,2023-02-03,4,155.42,20,PayPal,497.34
11502,10,457,2024-07-07,5,117.8,20,PayPal,471.2
11503,645,115,2023-06-23,3,83.18,15,Cash,212.11
11504,26,245,2023-01-28,1,5.48,10,Card,4.93
11505,540,334,2023-06-24,2,431.57,5,UPI,819.98
11506,90,58,2024-02-22,1,89.36,10,UPI,80.42
11507,484,327,2024-09-03,4,264.87,5,UPI,1006.51
11508,408,118,2025-02-01,1,453.29,5,PayPal,430.63
11509,761,19,2024-12-27,4,98.64,5,UPI,374.83
11510,620,201,2023-07-29,5,140.39,5,Cash,666.85
11511,599,78,2024-09-03,1,386.15,15,Cash,328.23
11512,495,210,2024-01-14,3,350.29,0,UPI,1050.87
11513,89,249,2023-10-13,4,279.74,10,PayPal,1007.06
11514,475,278,2023-01-19,1,427.41,0,Card,427.41
11515,718,444,2023-05-23,5,198.71,5,PayPal,943.87
11516,486,53,2023-11-08,2,88.67,10,Cash,159.61
11517,920,454,2023-11-07,4,435.16,15,Card,1479.54
11518,24,48,2025-02-24,4,95.83,20,Card,306.66
11519,367,236,2025-02-15,5,380.54,10,Card,1712.43
11520,634,253,2025-01-23,4,250.65,10,UPI,902.34
11521,171,36,2023-06-11,4,360.42,15,Card,1225.43
11522,838,431,2025-02-13,5,226.64,20,Card,906.56
11523,884,430,2023-08-07,5,279.24,15,Card,1186.77
11524,960,324,2024-10-23,1,33.71,5,UPI,32.02
11525,654,34,2023-11-15,1,286.68,0,Card,286.68
11526,399,248,2023-07-01,4,25.14,0,Cash,100.56
11527,546,204,2024-02-12,5,261.28,5,UPI,1241.08
11528,977,412,2023-05-24,3,396.82,20,Card,952.37
11529,775,477,2023-05-05,2,190.97,5,Cash,362.84
11530,611,244,2024-04-17,5,33.02,0,PayPal,165.1
11531,986,319,2025-03-06,4,412.86,10,Card,1486.3
11532,649,89,2025-04-02,3,5.55,5,PayPal,15.82
11533,243,486,2024-07-20,2,304.35,0,UPI,608.7
11534,750,391,2025-03-01,3,283.56,20,Card,680.54
11535,62,372,2023-06-16,5,383.37,5,Cash,1821.01
11536,743,276,2024-12-26,2,343.16,0,Card,686.32
11537,184,53,2024-03-27,4,428.2,10,PayPal,1541.52
11538,424,97,2023-12-15,3,468.29,10,UPI,1264.38
11539,401,243,2023-01-18,5,119.53,10,PayPal,537.88
11540,318,429,2025-01-29,1,389.35,10,Cash,350.42
11541,849,435,2023-05-13,3,482.83,5,UPI,1376.07
11542,452,36,2024-11-21,5,167.6,20,Cash,670.4
11543,977,411,2025-03-27,2,316.73,15,Cash,538.44
11544,197,349,2023-01-23,2,357.3,20,PayPal,571.68
11545,270,117,2023-08-28,5,355.32,20,Card,1421.28
11546,931,307,2025-02-20,2,414.53,15,Card,704.7
11547,128,251,2024-07-22,4,148.59,0,PayPal,594.36
11548,71,40,2025-05-21,1,62.62,10,PayPal,56.36
11549,711,41,2025-02-23,1,122.63,0,PayPal,122.63
11550,246,391,2024-06-25,4,398.61,5,Cash,1514.72
11551,380,301,2023-07-20,2,386.04,5,UPI,733.48
11552,436,416,2024-11-26,1,347.68,10,Cash,312.91
11553,932,421,2025-02-04,5,357.77,0,Cash,1788.85
11554,601,104,2025-01-15,4,332.06,15,UPI,1129.0
11555,296,117,2024-04-04,5,138.07,10,Cash,621.31
11556,117,222,2024-04-28,1,364.4,0,UPI,364.4
11557,191,239,2023-03-27,2,35.34,5,Cash,67.15
11558,610,57,2025-01-12,5,174.25,20,PayPal,697.0
11559,709,393,2025-02-19,4,329.47,10,UPI,1186.09
11560,792,138,2025-05-15,1,451.89,20,Cash,361.51
11561,310,484,2023-07-23,3,129.37,0,Card,388.11
11562,987,20,2025-04-26,4,477.06,20,PayPal,1526.59
11563,797,216,2025-01-01,2,350.52,5,Cash,665.99
11564,344,340,2023-01-20,5,416.46,15,Cash,1769.95
11565,178,15,2024-10-15,5,92.98,5,Card,441.66
11566,984,338,2025-02-22,3,115.3,5,UPI,328.6
11567,40,283,2023-02-12,4,482.7,15,Cash,1641.18
11568,165,497,2023-03-27,4,74.1,15,Card,251.94
11569,696,213,2023-04-01,3,438.28,10,Card,1183.36
11570,362,123,2024-05-31,4,334.18,10,UPI,1203.05
11571,175,171,2023-06-15,1,68.76,15,PayPal,58.45
11572,117,151,2025-01-07,2,79.53,20,PayPal,127.25
11573,124,211,2023-02-24,1,394.56,5,Card,374.83
11574,676,113,2024-09-03,4,194.39,15,UPI,660.93
11575,946,121,2024-04-30,2,365.3,10,Card,657.54
11576,254,464,2024-08-04,3,125.91,0,UPI,377.73
11577,287,208,2023-01-11,5,452.13,0,Cash,2260.65
11578,98,160,2023-09-10,4,105.8,10,UPI,380.88
11579,238,372,2025-01-24,5,59.02,15,Card,250.84
11580,443,135,2025-02-25,2,90.02,10,UPI,162.04
11581,84,185,2023-08-26,3,182.45,5,UPI,519.98
11582,849,8,2025-03-04,3,152.74,0,Cash,458.22
11583,724,155,2025-04-07,2,24.72,5,Card,46.97
11584,538,209,2024-11-26,1,230.24,10,PayPal,207.22
11585,119,43,2023-01-30,1,70.71,15,PayPal,60.1
11586,156,156,2024-05-11,2,313.65,0,Cash,627.3
11587,13,145,2024-11-03,2,146.9,0,PayPal,293.8
11588,610,322,2023-02-14,5,231.1,5,PayPal,1097.72
11589,495,259,2024-02-05,4,293.76,15,Card,998.78
11590,288,112,2023-11-23,2,170.04,10,Card,306.07
11591,745,132,2024-12-31,1,70.07,5,PayPal,66.57
11592,778,67,2023-09-07,3,324.98,0,Card,974.94
11593,263,180,2025-05-13,3,209.26,0,Card,627.78
11594,897,243,2024-03-03,3,358.15,0,Card,1074.45
11595,247,4,2024-02-02,5,477.86,0,UPI,2389.3
11596,844,399,2023-12-06,4,45.71,5,Cash,173.7
11597,169,367,2023-06-20,3,369.36,5,Cash,1052.68
11598,970,270,2025-05-05,5,322.14,5,UPI,1530.16
11599,777,351,2023-08-17,4,384.02,0,Cash,1536.08
11600,650,64,2024-06-07,3,193.47,0,Cash,580.41
11601,559,58,2023-01-29,4,349.59,20,UPI,1118.69
11602,584,364,2023-01-23,2,129.87,0,Cash,259.74
11603,624,257,2023-06-06,5,372.3,0,PayPal,1861.5
11604,366,168,2024-04-25,4,95.62,5,UPI,363.36
11605,794,146,2024-06-18,1,329.62,10,PayPal,296.66
11606,195,490,2023-08-17,2,294.61,0,Cash,589.22
11607,942,176,2024-10-28,2,189.88,20,UPI,303.81
11608,443,347,2025-05-09,3,62.32,10,Cash,168.26
11609,891,159,2023-09-05,3,134.49,5,PayPal,383.3
11610,249,460,2023-06-30,1,334.98,15,Card,284.73
11611,539,43,2024-07-18,1,397.27,15,Card,337.68
11612,263,230,2023-02-07,4,450.14,0,PayPal,1800.56
11613,988,485,2025-05-05,2,371.02,0,Card,742.04
11614,247,379,2024-10-16,2,19.93,0,PayPal,39.86
11615,489,288,2023-03-14,3,49.81,0,UPI,149.43
11616,706,237,2023-12-05,4,353.28,0,Cash,1413.12
11617,483,478,2024-08-24,1,412.4,5,Cash,391.78
11618,856,241,2023-06-18,1,452.25,15,Cash,384.41
11619,133,352,2024-01-09,1,156.55,5,Cash,148.72
11620,34,173,2023-12-12,2,490.78,0,UPI,981.56
11621,364,152,2024-09-06,2,267.16,0,Cash,534.32
11622,72,463,2024-02-15,5,478.33,15,UPI,2032.9
11623,380,149,2024-10-12,1,483.58,5,UPI,459.4
11624,116,393,2023-05-27,5,355.28,10,Cash,1598.76
11625,580,462,2023-10-15,4,477.53,10,PayPal,1719.11
11626,555,251,2024-09-14,3,403.58,15,UPI,1029.13
11627,691,181,2025-03-11,2,257.32,15,UPI,437.44
11628,949,420,2023-06-13,2,440.28,15,UPI,748.48
11629,493,44,2024-05-20,2,43.37,20,Card,69.39
11630,976,194,2025-02-07,2,117.74,5,UPI,223.71
11631,832,476,2023-06-15,3,269.09,0,Card,807.27
11632,547,311,2024-10-08,2,71.58,0,Cash,143.16
11633,104,431,2024-10-29,1,161.9,10,Cash,145.71
11634,374,322,2025-05-03,2,295.02,5,Card,560.54
11635,667,458,2023-04-25,1,393.6,15,UPI,334.56
11636,383,151,2024-05-01,4,363.55,0,Card,1454.2
11637,206,160,2023-08-07,4,206.51,20,PayPal,660.83
11638,187,314,2023-12-09,5,269.13,10,UPI,1211.09
11639,941,81,2023-08-26,5,350.23,10,UPI,1576.04
11640,209,310,2023-01-31,4,155.12,0,Card,620.48
11641,368,454,2023-08-22,2,283.91,20,Card,454.26
11642,819,367,2025-05-28,4,166.46,20,UPI,532.67
11643,129,415,2024-05-07,4,77.81,10,Cash,280.12
11644,901,406,2023-01-19,2,470.08,10,PayPal,846.14
11645,482,418,2023-04-22,5,449.51,5,Cash,2135.17
11646,352,320,2023-03-10,1,68.81,20,PayPal,55.05
11647,321,23,2024-12-17,2,309.74,5,UPI,588.51
11648,948,452,2024-04-11,5,366.64,0,Card,1833.2
11649,992,290,2023-02-10,3,165.84,0,Cash,497.52
11650,72,313,2023-07-06,4,364.02,5,PayPal,1383.28
11651,747,174,2023-01-13,2,233.27,5,Cash,443.21
11652,594,282,2024-07-11,2,403.29,20,Card,645.26
11653,137,374,2023-11-18,1,235.87,10,PayPal,212.28
11654,132,381,2023-12-06,3,83.3,5,UPI,237.4
11655,31,173,2023-03-06,4,448.99,20,Cash,1436.77
11656,450,75,2025-04-16,2,258.4,0,Cash,516.8
11657,411,57,2024-06-19,4,402.66,10,UPI,1449.58
11658,558,54,2024-08-04,3,174.17,20,PayPal,418.01
11659,523,391,2023-03-30,5,8.28,0,Card,41.4
11660,692,98,2025-03-14,4,70.14,20,PayPal,224.45
11661,379,331,2024-06-01,3,16.54,10,UPI,44.66
11662,822,333,2024-01-09,2,21.7,15,UPI,36.89
11663,24,360,2023-06-29,4,264.77,15,UPI,900.22
11664,543,383,2025-03-23,3,205.04,0,Card,615.12
11665,124,372,2024-02-05,4,287.41,15,UPI,977.19
11666,477,308,2024-02-07,4,73.54,10,PayPal,264.74
11667,869,303,2025-02-23,5,442.3,10,PayPal,1990.35
11668,956,346,2025-01-06,5,242.89,0,UPI,1214.45
11669,182,410,2024-06-13,1,125.59,0,UPI,125.59
11670,171,299,2024-08-08,2,215.3,20,Card,344.48
11671,274,483,2024-12-02,5,228.73,0,PayPal,1143.65
11672,935,436,2025-04-10,3,84.44,10,UPI,227.99
11673,140,485,2025-05-09,2,318.69,0,PayPal,637.38
11674,98,73,2023-11-15,2,284.19,0,PayPal,568.38
11675,239,15,2025-03-07,5,382.92,0,Cash,1914.6
11676,920,151,2024-08-10,5,181.2,10,PayPal,815.4
11677,220,452,2025-04-14,5,139.55,15,Cash,593.09
11678,872,117,2025-05-28,1,281.3,5,Card,267.24
11679,204,97,2023-04-21,5,455.73,10,Card,2050.79
11680,32,334,2023-06-30,1,202.24,0,PayPal,202.24
11681,301,86,2023-03-29,5,129.92,15,UPI,552.16
11682,364,443,2025-03-04,5,139.35,0,Card,696.75
11683,642,226,2024-03-09,4,92.96,0,Card,371.84
11684,651,61,2024-02-26,5,423.23,5,Cash,2010.34
11685,521,383,2023-10-11,5,26.96,15,Cash,114.58
11686,494,216,2023-06-28,2,276.5,0,PayPal,553.0
11687,648,431,2024-06-25,2,221.47,20,UPI,354.35
11688,91,444,2025-02-15,3,246.02,15,Cash,627.35
11689,7,273,2023-09-20,2,102.59,20,Card,164.14
11690,577,88,2023-05-14,3,32.17,20,Card,77.21
11691,507,463,2023-09-24,3,247.17,20,PayPal,593.21
11692,994,461,2023-08-26,5,472.59,15,UPI,2008.51
11693,859,151,2024-03-27,2,264.29,20,PayPal,422.86
11694,149,311,2023-02-11,4,173.68,0,Cash,694.72
11695,11,255,2024-08-30,4,373.16,10,UPI,1343.38
11696,473,463,2024-09-07,3,460.92,20,Cash,1106.21
11697,567,346,2023-12-07,5,187.36,20,Card,749.44
11698,830,284,2023-07-30,3,98.62,20,Cash,236.69
11699,515,192,2023-02-20,1,480.04,5,PayPal,456.04
11700,392,51,2024-04-20,5,469.03,15,PayPal,1993.38
11701,774,86,2025-03-10,3,73.38,0,UPI,220.14
11702,165,323,2025-01-18,1,14.16,20,Cash,11.33
11703,17,145,2024-06-10,5,38.2,10,UPI,171.9
11704,407,386,2023-04-01,1,227.35,20,Cash,181.88
11705,170,287,2023-05-20,2,82.72,5,UPI,157.17
11706,611,478,2023-04-15,5,442.57,5,Card,2102.21
11707,839,314,2023-03-29,4,437.83,10,Cash,1576.19
11708,668,253,2023-04-03,4,475.81,10,UPI,1712.92
11709,122,109,2023-08-08,5,207.87,5,UPI,987.38
11710,793,205,2024-12-12,4,109.76,5,Cash,417.09
11711,153,260,2023-01-03,4,421.26,15,Card,1432.28
11712,877,498,2024-11-15,5,407.65,20,Card,1630.6
11713,819,122,2025-05-02,3,143.43,20,PayPal,344.23
11714,333,443,2023-06-08,1,466.51,15,PayPal,396.53
11715,51,286,2023-03-29,3,440.24,15,Card,1122.61
11716,488,224,2023-12-08,4,237.08,15,Cash,806.07
11717,222,83,2023-01-12,4,466.33,0,Card,1865.32
11718,372,98,2023-01-09,5,441.52,0,UPI,2207.6
11719,141,143,2023-07-08,2,497.23,20,Cash,795.57
11720,254,475,2024-01-25,1,117.28,5,PayPal,111.42
11721,493,498,2023-11-24,4,185.86,10,Card,669.1
11722,830,453,2024-01-26,1,246.89,10,Card,222.2
11723,987,8,2023-07-15,2,40.88,0,UPI,81.76
11724,169,264,2023-05-26,5,412.27,20,Card,1649.08
11725,437,109,2024-06-09,3,64.11,10,Cash,173.1
11726,816,353,2023-01-05,4,45.2,10,UPI,162.72
11727,494,374,2023-06-10,3,186.78,10,PayPal,504.31
11728,885,282,2025-01-30,2,372.49,5,Cash,707.73
11729,274,146,2025-01-30,2,242.21,20,UPI,387.54
11730,740,40,2024-07-15,3,462.85,10,PayPal,1249.7
11731,923,466,2023-01-13,5,181.43,10,PayPal,816.44
11732,496,326,2023-08-31,2,292.11,0,UPI,584.22
11733,758,166,2024-04-30,3,435.95,15,Card,1111.67
11734,180,85,2023-09-16,2,243.58,20,Cash,389.73
11735,704,131,2024-10-05,1,440.66,20,Cash,352.53
11736,695,343,2024-07-26,4,138.36,20,UPI,442.75
11737,773,78,2024-02-23,2,49.33,15,Cash,83.86
11738,105,165,2023-11-13,1,466.19,5,Card,442.88
11739,16,453,2024-04-05,3,48.21,5,UPI,137.4
11740,997,48,2024-09-11,4,349.6,20,PayPal,1118.72
11741,611,154,2024-09-22,4,442.11,10,PayPal,1591.6
11742,533,416,2024-06-01,1,451.92,10,Cash,406.73
11743,2,52,2023-11-04,4,75.26,20,Card,240.83
11744,325,497,2023-06-03,4,206.72,15,UPI,702.85
11745,446,303,2023-05-21,1,344.06,0,Card,344.06
11746,530,112,2023-02-20,2,314.6,20,UPI,503.36
11747,453,326,2023-03-07,3,276.07,0,Card,828.21
11748,309,459,2024-04-30,5,442.0,15,PayPal,1878.5
11749,531,129,2025-02-19,1,383.53,15,UPI,326.0
11750,888,214,2023-11-12,4,22.45,10,PayPal,80.82
11751,459,19,2023-05-09,1,423.55,20,Cash,338.84
11752,218,214,2024-05-10,2,211.1,15,Cash,358.87
11753,184,230,2025-01-11,1,428.64,20,Card,342.91
11754,317,374,2025-05-27,3,381.32,15,UPI,972.37
11755,502,412,2024-09-29,4,155.5,20,Cash,497.6
11756,981,458,2025-01-22,2,224.12,15,Cash,381.0
11757,225,301,2023-03-13,3,304.35,0,Cash,913.05
11758,639,251,2024-06-05,1,205.38,15,Card,174.57
11759,15,23,2025-01-04,3,292.17,10,PayPal,788.86
11760,410,59,2024-02-14,2,194.75,15,PayPal,331.07
11761,623,37,2023-04-24,3,124.4,20,Cash,298.56
11762,649,165,2023-08-22,1,59.0,10,Card,53.1
11763,986,201,2023-06-16,2,119.02,0,UPI,238.04
11764,461,336,2024-12-12,5,467.49,0,Card,2337.45
11765,559,382,2024-02-02,5,98.82,15,UPI,419.98
11766,743,240,2023-07-18,5,24.88,0,UPI,124.4
11767,393,369,2025-03-08,2,270.45,20,Cash,432.72
11768,513,62,2023-07-17,4,168.68,20,PayPal,539.78
11769,205,40,2023-09-10,1,197.0,10,Cash,177.3
11770,226,2,2024-11-27,5,493.67,0,UPI,2468.35
11771,862,211,2024-11-28,2,209.68,10,Cash,377.42
11772,654,38,2024-08-20,5,226.28,5,Card,1074.83
11773,242,116,2023-09-23,4,15.88,5,Card,60.34
11774,19,467,2025-04-04,2,290.48,0,UPI,580.96
11775,90,20,2025-04-20,2,418.75,15,Cash,711.88
11776,786,424,2023-12-15,3,394.56,15,Cash,1006.13
11777,331,379,2024-06-27,3,133.33,15,UPI,339.99
11778,182,119,2023-10-05,2,357.46,20,PayPal,571.94
11779,788,239,2023-03-02,5,228.64,20,PayPal,914.56
11780,62,180,2023-03-26,4,276.6,20,UPI,885.12
11781,341,368,2023-08-16,2,404.14,15,UPI,687.04
11782,455,405,2024-09-08,4,416.29,5,UPI,1581.9
11783,473,366,2024-05-21,3,158.68,0,Cash,476.04
11784,729,423,2025-02-24,4,335.04,20,Card,1072.13
11785,584,374,2024-01-16,3,240.3,10,UPI,648.81
11786,68,119,2023-05-11,3,372.97,15,PayPal,951.07
11787,153,179,2025-03-12,5,473.17,0,UPI,2365.85
11788,367,349,2025-01-02,3,290.75,0,Cash,872.25
11789,608,465,2025-02-09,3,32.75,0,UPI,98.25
11790,861,43,2024-05-28,4,499.99,5,PayPal,1899.96
11791,960,53,2023-10-29,3,179.04,10,UPI,483.41
11792,420,94,2023-08-29,2,60.41,10,Card,108.74
11793,493,275,2023-04-17,4,155.51,15,Cash,528.73
11794,981,46,2025-02-16,5,149.52,15,PayPal,635.46
11795,519,60,2025-05-23,5,251.16,20,Cash,1004.64
11796,55,287,2024-07-15,1,77.33,15,Card,65.73
11797,671,285,2023-10-13,4,71.48,0,UPI,285.92
11798,932,474,2025-04-19,1,292.84,5,Card,278.2
11799,662,255,2024-08-31,1,113.68,15,PayPal,96.63
11800,425,288,2024-12-15,5,146.09,5,PayPal,693.93
11801,874,218,2024-10-01,4,414.37,5,UPI,1574.61
11802,917,370,2023-07-19,1,395.3,20,Card,316.24
11803,543,430,2025-02-12,5,363.51,15,UPI,1544.92
11804,923,256,2024-10-26,2,139.1,5,Cash,264.29
11805,346,410,2024-01-13,5,459.41,15,UPI,1952.49
11806,292,276,2024-12-10,2,270.76,0,PayPal,541.52
11807,58,113,2025-02-27,3,476.67,20,Card,1144.01
11808,851,452,2023-01-12,1,40.48,20,PayPal,32.38
11809,120,293,2023-05-02,2,156.24,15,PayPal,265.61
11810,611,128,2024-10-30,4,223.1,0,Cash,892.4
11811,2,423,2023-01-11,1,138.89,5,UPI,131.95
11812,116,288,2024-10-10,2,155.29,15,Card,263.99
11813,446,363,2024-01-03,1,247.2,15,Cash,210.12
11814,726,297,2023-04-04,1,457.06,15,Cash,388.5
11815,229,109,2023-09-15,2,261.04,0,Cash,522.08
11816,225,370,2024-12-03,4,89.21,5,Card,339.0
11817,565,127,2024-11-22,4,331.17,15,Card,1125.98
11818,371,40,2023-05-31,2,59.74,15,Cash,101.56
11819,391,328,2023-09-27,4,340.63,15,Cash,1158.14
11820,539,220,2023-11-08,2,246.73,0,UPI,493.46
11821,986,24,2025-04-09,4,246.58,5,Cash,937.0
11822,540,478,2023-04-14,2,125.65,10,UPI,226.17
11823,20,368,2024-10-13,1,428.64,0,UPI,428.64
11824,876,188,2024-03-14,5,47.22,15,PayPal,200.69
11825,489,285,2025-01-27,3,420.9,5,Card,1199.56
11826,283,109,2023-07-13,4,230.69,5,UPI,876.62
11827,88,328,2025-03-04,5,359.29,5,Cash,1706.63
11828,176,206,2025-06-19,5,206.64,5,UPI,981.54
11829,951,443,2024-05-24,4,178.6,20,Card,571.52
11830,690,191,2024-02-16,1,155.47,10,Card,139.92
11831,435,438,2025-03-26,3,380.88,0,UPI,1142.64
11832,988,375,2025-05-16,1,179.71,20,Cash,143.77
11833,662,204,2024-12-23,5,321.19,0,Cash,1605.95
11834,569,31,2023-08-03,3,482.61,5,Card,1375.44
11835,321,272,2023-07-25,1,219.54,20,Card,175.63
11836,210,391,2025-04-04,2,327.83,10,UPI,590.09
11837,944,165,2023-03-10,4,119.01,15,Cash,404.63
11838,825,245,2024-05-28,1,200.78,5,PayPal,190.74
11839,724,477,2024-07-07,3,273.19,10,UPI,737.61
11840,54,483,2023-09-10,5,420.23,20,Card,1680.92
11841,986,58,2023-12-30,4,386.24,10,Card,1390.46
11842,494,496,2023-02-05,4,453.74,20,Card,1451.97
11843,498,113,2024-09-13,1,250.03,20,UPI,200.02
11844,649,15,2023-08-06,3,122.52,5,Cash,349.18
11845,916,423,2023-10-12,3,160.68,0,PayPal,482.04
11846,226,330,2023-03-30,5,233.63,15,UPI,992.93
11847,601,340,2023-03-05,3,74.18,15,Cash,189.16
11848,160,36,2023-03-10,4,328.08,20,Cash,1049.86
11849,847,322,2025-03-22,1,275.22,15,PayPal,233.94
11850,284,221,2023-10-20,1,308.64,0,Card,308.64
11851,694,371,2025-05-03,1,117.21,5,PayPal,111.35
11852,127,96,2023-10-29,5,378.5,0,Cash,1892.5
11853,771,381,2023-12-14,4,184.05,20,UPI,588.96
11854,858,114,2023-10-29,5,379.91,0,UPI,1899.55
11855,533,156,2023-11-10,1,159.76,10,UPI,143.78
11856,729,95,2025-05-23,2,126.64,15,PayPal,215.29
11857,111,471,2025-03-29,2,416.17,0,Cash,832.34
11858,771,225,2023-04-12,5,355.98,10,Cash,1601.91
11859,786,420,2025-02-14,5,273.56,15,Card,1162.63
11860,210,142,2023-09-20,3,132.09,15,PayPal,336.83
11861,576,159,2023-09-28,1,225.48,20,Cash,180.38
11862,9,236,2024-12-05,5,233.92,20,Cash,935.68
11863,969,224,2023-09-13,1,131.97,0,UPI,131.97
11864,918,262,2023-02-24,3,340.01,20,UPI,816.02
11865,527,81,2023-02-19,1,198.65,10,PayPal,178.78
11866,853,6,2024-04-01,3,137.58,15,PayPal,350.83
11867,418,228,2023-05-24,4,466.04,5,Card,1770.95
11868,463,207,2023-04-25,1,433.4,10,UPI,390.06
11869,632,132,2024-05-06,5,268.31,15,PayPal,1140.32
11870,370,366,2023-11-02,1,419.05,10,Cash,377.15
11871,872,20,2024-09-19,4,160.16,5,Card,608.61
11872,803,301,2024-12-06,4,101.54,15,Card,345.24
11873,870,294,2024-07-12,4,409.95,5,PayPal,1557.81
11874,853,203,2024-11-16,2,54.96,15,UPI,93.43
11875,447,101,2024-08-13,2,53.08,15,Cash,90.24
11876,894,376,2024-05-01,5,497.25,5,Cash,2361.94
11877,360,115,2023-07-17,2,213.02,20,UPI,340.83
11878,838,385,2025-03-01,4,157.4,20,Card,503.68
11879,79,176,2024-11-26,3,351.38,10,Card,948.73
11880,323,151,2023-12-13,5,170.99,15,UPI,726.71
11881,416,406,2024-12-19,5,272.99,10,Cash,1228.46
11882,882,28,2024-12-02,4,280.87,10,UPI,1011.13
11883,812,262,2023-11-29,1,454.85,5,Card,432.11
11884,869,285,2024-05-15,4,108.04,0,UPI,432.16
11885,465,25,2024-02-07,3,238.6,20,PayPal,572.64
11886,317,109,2024-02-19,1,299.8,15,Cash,254.83
11887,682,71,2024-09-21,3,37.83,20,PayPal,90.79
11888,11,24,2024-02-14,5,352.16,10,Cash,1584.72
11889,326,398,2023-05-18,1,382.31,15,Cash,324.96
11890,658,470,2024-11-12,2,114.45,10,UPI,206.01
11891,884,429,2023-10-13,3,149.28,0,Card,447.84
11892,18,13,2023-11-22,5,384.53,5,PayPal,1826.52
11893,110,388,2023-04-30,5,348.15,5,Card,1653.71
11894,641,12,2024-10-25,5,366.12,0,Cash,1830.6
11895,790,401,2024-04-23,2,221.84,15,Cash,377.13
11896,333,455,2023-10-13,5,57.19,20,UPI,228.76
11897,321,110,2025-01-01,4,30.54,10,Cash,109.94
11898,291,56,2024-07-29,1,428.3,20,Cash,342.64
11899,893,199,2024-09-21,3,376.17,5,Card,1072.08
11900,572,101,2023-11-24,4,250.02,15,Cash,850.07
11901,534,24,2024-09-23,1,110.54,0,UPI,110.54
11902,451,174,2024-05-07,4,107.69,20,Card,344.61
11903,971,379,2025-03-07,3,108.76,15,PayPal,277.34
11904,84,486,2024-03-31,3,473.32,10,UPI,1277.96
11905,668,73,2023-08-22,3,343.34,15,Card,875.52
11906,55,209,2023-12-25,5,450.6,0,UPI,2253.0
11907,528,325,2025-02-11,1,499.29,5,Cash,474.33
11908,573,436,2024-11-22,3,285.62,0,Cash,856.86
11909,277,143,2025-01-28,5,474.11,5,Card,2252.02
11910,196,207,2023-11-18,2,218.31,5,Cash,414.79
11911,655,445,2023-12-02,5,16.26,20,UPI,65.04
11912,995,450,2024-01-15,5,180.85,20,UPI,723.4
11913,102,128,2024-06-26,4,76.67,15,Cash,260.68
11914,192,343,2025-01-08,3,118.6,0,Cash,355.8
11915,912,420,2023-02-27,4,262.88,5,Card,998.94
11916,73,444,2023-03-13,2,332.48,20,Card,531.97
11917,749,187,2024-11-27,4,452.52,20,PayPal,1448.06
11918,387,393,2023-08-13,3,175.46,5,PayPal,500.06
11919,926,213,2024-02-26,4,119.34,20,Cash,381.89
11920,368,136,2023-06-27,5,465.54,5,UPI,2211.32
11921,547,113,2024-04-10,3,57.34,10,Cash,154.82
11922,125,49,2025-05-10,5,181.3,0,UPI,906.5
11923,494,117,2023-02-01,4,60.71,20,PayPal,194.27
11924,272,216,2023-10-16,4,268.91,0,UPI,1075.64
11925,158,415,2024-03-28,3,279.09,15,Card,711.68
11926,223,398,2023-10-07,2,171.93,5,PayPal,326.67
11927,170,396,2023-07-16,4,417.61,10,Cash,1503.4
11928,44,109,2025-03-23,5,169.24,0,Cash,846.2
11929,29,45,2025-01-26,5,225.9,5,Cash,1073.02
11930,259,47,2023-08-07,3,475.14,5,PayPal,1354.15
11931,443,486,2025-03-01,5,27.27,10,Cash,122.72
11932,523,9,2024-05-08,4,361.47,5,Card,1373.59
11933,278,314,2025-06-11,2,319.14,0,Cash,638.28
11934,867,472,2024-02-04,2,292.11,15,Cash,496.59
11935,278,344,2023-02-14,2,12.45,15,Cash,21.16
11936,180,204,2025-01-02,5,195.41,5,Cash,928.2
11937,103,104,2024-07-25,4,103.0,20,PayPal,329.6
11938,428,91,2023-07-12,1,204.56,10,PayPal,184.1
11939,536,21,2023-01-04,1,474.65,10,Cash,427.19
11940,481,343,2024-08-07,2,246.46,20,Card,394.34
11941,82,424,2025-05-01,3,496.35,5,PayPal,1414.6
11942,650,478,2024-11-21,1,382.61,15,PayPal,325.22
11943,506,124,2023-09-29,2,247.23,10,PayPal,445.01
11944,378,8,2025-04-19,2,112.68,15,UPI,191.56
11945,648,175,2024-01-06,3,277.6,20,Cash,666.24
11946,431,24,2025-04-08,3,388.34,0,Cash,1165.02
11947,668,438,2023-01-22,2,268.57,0,UPI,537.14
11948,376,301,2024-09-10,4,95.81,0,Card,383.24
11949,947,324,2025-06-03,3,153.78,0,Cash,461.34
11950,987,385,2023-02-07,4,33.08,0,PayPal,132.32
11951,366,288,2024-11-21,5,162.42,10,PayPal,730.89
11952,162,395,2023-07-10,1,93.33,20,UPI,74.66
11953,437,408,2024-04-25,3,330.86,10,Card,893.32
11954,118,156,2024-08-16,1,449.38,5,UPI,426.91
11955,680,117,2024-09-02,4,144.49,20,Card,462.37
11956,168,365,2024-02-12,2,261.58,0,Cash,523.16
11957,186,481,2024-04-04,1,406.88,15,Cash,345.85
11958,172,58,2023-09-04,5,51.98,20,Cash,207.92
11959,996,181,2023-12-04,5,15.86,5,Card,75.33
11960,65,187,2025-03-13,3,419.04,10,UPI,1131.41
11961,919,250,2023-07-16,1,329.27,15,Card,279.88
11962,264,372,2025-03-11,4,379.21,5,UPI,1441.0
11963,23,445,2023-01-14,1,313.82,10,UPI,282.44
11964,854,420,2025-05-12,3,403.72,0,Cash,1211.16
11965,285,222,2023-03-21,3,267.23,0,PayPal,801.69
11966,120,467,2024-08-12,3,199.97,15,Cash,509.92
11967,657,121,2025-04-11,4,272.71,20,Cash,872.67
11968,619,301,2024-01-01,1,270.45,15,Card,229.88
11969,848,384,2024-12-29,1,493.57,10,PayPal,444.21
11970,429,71,2023-08-01,4,463.97,20,Cash,1484.7
11971,938,398,2024-06-12,3,423.16,15,UPI,1079.06
11972,65,448,2024-01-04,3,73.14,5,Cash,208.45
11973,181,389,2025-03-27,1,67.42,15,UPI,57.31
11974,59,415,2024-06-22,5,135.59,20,Cash,542.36
11975,141,443,2024-05-18,4,482.47,15,Card,1640.4
11976,101,32,2025-03-09,4,14.11,15,UPI,47.97
11977,706,148,2024-06-12,4,386.5,20,PayPal,1236.8
11978,485,334,2025-02-06,3,176.95,10,UPI,477.76
11979,911,115,2024-05-05,1,253.73,5,Card,241.04
11980,644,442,2024-01-12,5,427.08,15,UPI,1815.09
11981,410,470,2025-02-13,1,423.56,20,Card,338.85
11982,711,404,2023-05-21,5,181.09,0,Card,905.45
11983,534,344,2024-09-17,5,476.55,5,Card,2263.61
11984,443,359,2025-01-26,2,345.67,20,PayPal,553.07
11985,817,17,2023-03-11,4,100.41,20,Cash,321.31
11986,744,57,2023-01-30,4,320.28,0,UPI,1281.12
11987,776,350,2023-08-13,3,386.09,0,UPI,1158.27
11988,605,200,2025-03-27,3,158.36,5,Cash,451.33
11989,861,73,2024-08-22,4,288.83,20,UPI,924.26
11990,265,408,2025-02-16,2,100.81,0,Card,201.62
11991,141,27,2025-06-13,3,264.11,5,Cash,752.71
11992,165,427,2024-10-03,2,92.24,15,UPI,156.81
11993,744,290,2023-07-25,5,350.87,0,Card,1754.35
11994,197,131,2023-04-09,5,383.64,15,Cash,1630.47
11995,630,75,2023-03-08,1,67.91,15,Cash,57.72
11996,957,345,2023-07-24,5,91.55,10,UPI,411.98
11997,4,13,2024-09-12,2,350.14,20,Card,560.22
11998,300,315,2023-07-31,5,215.35,10,Card,969.08
11999,705,217,2025-03-16,2,196.53,20,Card,314.45
12000,277,182,2024-09-29,5,467.12,20,Card,1868.48
12001,533,126,2024-06-20,5,196.12,15,PayPal,833.51
12002,946,148,2023-12-14,1,90.02,5,UPI,85.52
12003,388,352,2024-07-11,3,191.82,5,Cash,546.69
12004,567,298,2025-04-13,4,381.22,5,UPI,1448.64
12005,17,385,2023-05-06,5,202.5,5,Card,961.88
12006,421,10,2023-05-04,5,482.46,0,Cash,2412.3
12007,877,173,2024-05-26,3,402.83,0,Card,1208.49
12008,884,77,2024-04-20,2,129.65,10,Card,233.37
12009,180,437,2023-06-24,2,214.56,10,PayPal,386.21
12010,443,181,2024-03-25,3,264.92,10,PayPal,715.28
12011,504,15,2024-12-07,2,241.13,10,Cash,434.03
12012,400,252,2023-05-29,4,369.15,0,PayPal,1476.6
12013,988,431,2024-04-20,1,165.54,20,Card,132.43
12014,225,442,2023-05-21,2,268.75,10,PayPal,483.75
12015,159,149,2024-05-07,5,336.1,5,UPI,1596.47
12016,316,55,2023-02-28,3,97.18,10,UPI,262.39
12017,928,183,2023-03-09,3,342.16,15,UPI,872.51
12018,163,468,2024-04-04,1,157.16,20,UPI,125.73
12019,741,312,2024-02-09,5,366.86,15,UPI,1559.16
12020,875,128,2023-04-10,1,133.48,15,Card,113.46
12021,319,175,2023-12-06,5,190.67,0,PayPal,953.35
12022,405,160,2023-09-17,4,257.1,0,UPI,1028.4
12023,92,43,2023-03-16,3,431.41,0,PayPal,1294.23
12024,893,38,2023-07-21,1,158.39,5,Cash,150.47
12025,390,483,2023-12-05,2,283.74,15,PayPal,482.36
12026,217,465,2023-05-10,2,480.16,10,Card,864.29
12027,709,407,2023-07-20,2,279.5,15,Card,475.15
12028,716,274,2024-11-24,5,458.9,10,Card,2065.05
12029,857,230,2023-09-01,4,23.09,0,PayPal,92.36
12030,757,95,2023-05-20,4,391.61,10,Cash,1409.8
12031,902,144,2025-05-31,3,470.75,5,PayPal,1341.64
12032,300,418,2024-03-12,5,128.21,15,PayPal,544.89
12033,801,460,2024-11-18,1,246.24,20,Card,196.99
12034,909,206,2023-12-27,2,279.54,0,Cash,559.08
12035,112,113,2023-05-15,3,44.67,5,PayPal,127.31
12036,965,249,2023-08-25,1,232.14,10,UPI,208.93
12037,913,103,2023-05-04,3,296.29,15,PayPal,755.54
12038,584,81,2025-01-30,4,435.75,10,UPI,1568.7
12039,938,239,2023-03-27,2,145.47,0,Card,290.94
12040,988,236,2023-03-29,2,145.01,0,Cash,290.02
12041,151,174,2023-12-12,1,179.91,15,Card,152.92
12042,278,373,2025-04-16,1,145.58,10,UPI,131.02
12043,693,324,2023-12-29,3,43.45,0,PayPal,130.35
12044,914,173,2025-03-01,2,263.88,0,Cash,527.76
12045,31,370,2024-04-07,5,184.86,15,UPI,785.66
12046,774,110,2023-10-23,3,170.54,15,Card,434.88
12047,860,77,2025-02-26,3,478.1,15,UPI,1219.16
12048,458,317,2025-02-07,2,460.43,5,Cash,874.82
12049,550,446,2024-09-30,2,465.35,15,Card,791.1
12050,67,293,2025-02-13,2,214.04,10,PayPal,385.27
12051,688,242,2025-06-17,5,354.86,20,PayPal,1419.44
12052,189,187,2024-12-04,4,235.61,10,Card,848.2
12053,511,241,2023-06-09,3,461.67,20,Card,1108.01
12054,582,271,2024-08-16,2,166.72,5,UPI,316.77
12055,105,245,2023-07-31,5,419.99,15,Card,1784.96
12056,770,74,2023-11-23,5,177.79,10,Card,800.05
12057,671,74,2023-02-05,3,479.85,10,Card,1295.6
12058,251,364,2023-02-19,3,40.71,15,UPI,103.81
12059,635,447,2023-07-03,5,385.74,0,Cash,1928.7
12060,134,301,2024-06-26,3,324.22,0,PayPal,972.66
12061,236,301,2024-09-28,3,226.07,15,Cash,576.48
12062,159,144,2025-02-12,3,306.68,0,UPI,920.04
12063,289,186,2023-02-04,5,287.9,15,UPI,1223.58
12064,434,24,2024-08-14,2,90.21,0,Card,180.42
12065,905,74,2023-04-17,2,94.19,20,Cash,150.7
12066,741,263,2023-12-25,4,392.85,0,Card,1571.4
12067,812,356,2023-01-15,2,342.86,10,Card,617.15
12068,865,381,2023-07-23,2,311.89,0,UPI,623.78
12069,346,40,2023-11-17,4,32.77,10,Card,117.97
12070,602,224,2023-03-16,5,151.12,15,UPI,642.26
12071,953,29,2024-06-25,4,328.03,15,UPI,1115.3
12072,938,212,2025-02-28,2,484.96,20,PayPal,775.94
12073,892,166,2024-11-22,4,237.2,20,PayPal,759.04
12074,710,33,2024-10-04,3,340.06,20,Card,816.14
12075,702,285,2025-04-03,3,384.42,10,Cash,1037.93
12076,817,422,2024-08-28,2,64.32,20,PayPal,102.91
12077,45,248,2023-08-14,3,48.02,5,PayPal,136.86
12078,26,367,2023-05-29,4,56.18,10,Cash,202.25
12079,430,97,2023-01-27,4,451.15,0,Cash,1804.6
12080,533,178,2025-05-08,2,224.91,10,Card,404.84
12081,899,283,2023-09-02,3,184.39,10,PayPal,497.85
12082,220,36,2023-12-18,3,487.24,15,PayPal,1242.46
12083,902,266,2023-10-04,3,141.34,10,Cash,381.62
12084,477,156,2024-04-21,3,357.95,5,Card,1020.16
12085,446,462,2025-05-18,3,340.96,5,UPI,971.74
12086,581,51,2024-04-28,1,195.59,0,Cash,195.59
12087,227,297,2024-01-04,3,418.09,0,Cash,1254.27
12088,900,186,2024-03-16,5,493.99,5,Card,2346.45
12089,656,473,2023-04-02,2,100.52,10,UPI,180.94
12090,668,169,2024-10-26,2,302.07,0,PayPal,604.14
12091,850,174,2023-05-10,5,206.8,20,UPI,827.2
12092,314,183,2023-01-05,4,22.96,0,Card,91.84
12093,112,31,2023-09-14,4,388.18,0,PayPal,1552.72
12094,81,209,2024-07-03,1,372.12,10,UPI,334.91
12095,65,181,2025-02-19,2,427.06,0,Card,854.12
12096,84,235,2024-05-24,5,104.06,0,Card,520.3
12097,854,326,2023-05-26,2,222.87,5,Card,423.45
12098,795,419,2024-08-08,1,209.35,15,Card,177.95
12099,212,103,2023-09-29,1,217.44,10,Card,195.7
12100,564,385,2025-03-25,1,158.18,15,PayPal,134.45
12101,378,78,2023-11-27,3,103.75,0,UPI,311.25
12102,654,7,2023-06-08,2,366.03,5,PayPal,695.46
12103,983,76,2023-08-04,5,263.06,20,Card,1052.24
12104,579,296,2025-02-13,2,489.91,5,Card,930.83
12105,548,467,2024-03-22,2,203.02,20,UPI,324.83
12106,929,403,2023-11-24,4,18.61,5,UPI,70.72
12107,460,305,2023-12-17,4,323.12,5,Card,1227.86
12108,606,2,2024-09-10,4,55.18,5,PayPal,209.68
12109,315,111,2025-02-12,4,406.48,15,PayPal,1382.03
12110,761,79,2024-04-10,2,231.67,10,UPI,417.01
12111,256,257,2025-03-26,1,397.67,15,PayPal,338.02
12112,30,117,2024-06-14,3,207.85,0,UPI,623.55
12113,282,115,2024-06-24,4,438.64,15,Card,1491.38
12114,187,104,2024-09-13,1,333.45,5,PayPal,316.78
12115,198,106,2024-11-05,3,81.53,20,PayPal,195.67
12116,656,47,2024-08-01,4,284.38,5,Card,1080.64
12117,834,89,2023-06-17,4,403.11,20,UPI,1289.95
12118,391,25,2024-05-19,5,255.0,10,PayPal,1147.5
12119,445,12,2023-07-20,3,251.92,20,UPI,604.61
12120,599,426,2023-10-24,5,74.7,20,UPI,298.8
12121,959,216,2023-11-09,1,460.29,10,PayPal,414.26
12122,78,293,2024-01-01,5,305.84,5,Card,1452.74
12123,822,151,2023-08-26,5,473.04,5,Cash,2246.94
12124,147,185,2024-06-14,4,112.54,20,PayPal,360.13
12125,772,185,2024-02-26,2,195.96,15,Card,333.13
12126,500,452,2023-01-06,5,97.86,20,Card,391.44
12127,761,120,2024-10-18,1,180.02,0,Cash,180.02
12128,660,338,2025-01-03,5,449.52,5,Cash,2135.22
12129,74,440,2023-12-02,5,163.03,0,Cash,815.15
12130,694,481,2024-02-23,2,298.17,5,Card,566.52
12131,882,351,2024-07-31,3,54.77,20,PayPal,131.45
12132,6,372,2023-09-20,1,462.03,15,Card,392.73
12133,723,159,2025-04-17,3,348.97,20,Cash,837.53
12134,390,99,2023-12-24,4,115.36,20,Card,369.15
12135,11,285,2023-02-12,4,226.5,5,Cash,860.7
12136,670,297,2024-03-22,5,422.57,0,PayPal,2112.85
12137,122,224,2024-01-06,2,401.7,0,Cash,803.4
12138,395,93,2023-02-05,3,97.99,10,Card,264.57
12139,278,367,2023-11-05,3,400.07,10,UPI,1080.19
12140,173,165,2023-11-17,5,338.01,10,UPI,1521.05
12141,485,413,2025-01-31,4,334.37,20,Card,1069.98
12142,838,234,2023-05-10,3,142.3,10,PayPal,384.21
12143,798,145,2025-05-22,3,172.15,20,UPI,413.16
12144,864,389,2024-12-02,4,26.17,10,PayPal,94.21
12145,315,333,2024-08-19,2,41.68,10,PayPal,75.02
12146,287,302,2024-04-04,3,106.3,0,Card,318.9
12147,657,131,2025-03-02,2,128.48,10,PayPal,231.26
12148,432,185,2024-11-17,4,98.2,20,Card,314.24
12149,850,334,2024-01-14,4,194.71,0,UPI,778.84
12150,693,236,2023-03-30,1,105.72,5,PayPal,100.43
12151,518,211,2024-07-26,2,294.03,15,Cash,499.85
12152,486,9,2024-07-25,2,236.39,20,UPI,378.22
12153,211,136,2023-04-24,2,334.78,0,Cash,669.56
12154,158,106,2023-07-03,2,452.01,5,Cash,858.82
12155,725,336,2023-10-16,5,382.55,10,PayPal,1721.48
12156,640,83,2023-03-21,2,390.48,10,UPI,702.86
12157,832,475,2023-01-23,2,404.6,0,UPI,809.2
12158,986,405,2023-12-30,4,84.47,20,Card,270.3
12159,142,498,2023-12-20,3,304.2,0,Card,912.6
12160,849,343,2023-08-03,5,10.06,15,PayPal,42.76
12161,981,459,2023-02-25,2,175.6,20,Cash,280.96
12162,237,480,2024-02-03,3,158.31,0,Card,474.93
12163,493,6,2023-07-11,4,113.47,10,UPI,408.49
12164,217,455,2023-06-06,3,195.29,10,PayPal,527.28
12165,219,104,2023-05-01,2,37.12,10,PayPal,66.82
12166,624,202,2023-01-25,2,165.0,10,Cash,297.0
12167,589,283,2024-10-19,2,240.72,20,Cash,385.15
12168,9,5,2023-09-25,1,466.18,15,Card,396.25
12169,757,54,2024-10-08,5,170.4,20,UPI,681.6
12170,450,422,2024-05-04,5,207.36,15,Cash,881.28
12171,444,490,2023-10-10,4,412.06,20,UPI,1318.59
12172,866,444,2023-01-16,4,30.58,0,Card,122.32
12173,199,305,2023-04-30,2,165.8,20,UPI,265.28
12174,256,164,2024-02-09,3,333.52,0,Cash,1000.56
12175,406,11,2024-11-12,2,290.97,15,PayPal,494.65
12176,325,211,2024-05-22,3,469.64,15,Cash,1197.58
12177,641,215,2024-03-04,4,41.89,0,PayPal,167.56
12178,532,180,2024-04-23,5,174.62,20,UPI,698.48
12179,617,132,2024-06-27,1,64.07,20,Card,51.26
12180,937,24,2023-07-04,2,492.02,0,Cash,984.04
12181,232,222,2024-10-25,1,487.65,20,PayPal,390.12
12182,462,202,2025-01-18,5,25.09,20,UPI,100.36
12183,983,384,2023-10-22,3,448.95,10,UPI,1212.16
12184,906,257,2023-04-26,5,322.3,5,Cash,1530.92
12185,304,74,2023-03-08,4,28.78,5,UPI,109.36
12186,393,459,2023-04-27,5,470.64,5,PayPal,2235.54
12187,382,371,2023-05-28,5,383.59,5,UPI,1822.05
12188,522,130,2024-04-12,5,133.28,20,PayPal,533.12
12189,411,303,2023-04-03,2,196.98,15,PayPal,334.87
12190,497,498,2025-04-26,1,427.17,5,UPI,405.81
12191,846,220,2024-09-20,4,441.99,20,Cash,1414.37
12192,236,259,2024-01-19,2,104.15,20,UPI,166.64
12193,803,389,2024-12-18,1,83.01,5,Card,78.86
12194,467,133,2025-06-10,3,266.25,20,UPI,639.0
12195,323,13,2023-04-17,1,349.99,0,PayPal,349.99
12196,961,45,2024-06-20,1,43.08,10,UPI,38.77
12197,64,414,2025-01-20,2,441.78,5,Card,839.38
12198,549,46,2023-05-08,2,151.96,0,Card,303.92
12199,535,137,2023-07-20,4,166.11,0,Card,664.44
12200,698,298,2023-08-11,3,190.64,20,Card,457.54
12201,592,437,2024-08-17,5,116.16,20,UPI,464.64
12202,46,162,2023-09-24,1,358.1,20,UPI,286.48
12203,104,133,2025-05-26,4,270.05,10,Cash,972.18
12204,189,498,2024-11-04,1,161.59,15,PayPal,137.35
12205,755,163,2024-10-02,3,218.87,10,Cash,590.95
12206,219,361,2023-10-17,5,244.65,15,Card,1039.76
12207,4,211,2023-07-09,2,84.18,15,UPI,143.11
12208,249,132,2025-05-25,2,318.28,0,Cash,636.56
12209,111,308,2025-05-19,4,306.8,10,UPI,1104.48
12210,235,315,2024-11-08,1,356.84,10,PayPal,321.16
12211,959,219,2024-10-29,4,213.66,0,PayPal,854.64
12212,263,116,2024-10-28,5,360.23,0,Card,1801.15
12213,697,254,2025-05-11,1,448.22,5,Cash,425.81
12214,495,34,2025-04-07,1,170.15,15,Card,144.63
12215,918,74,2024-09-09,5,376.54,10,UPI,1694.43
12216,342,18,2024-04-07,5,392.08,0,Cash,1960.4
12217,309,310,2024-10-27,2,368.47,20,Card,589.55
12218,553,307,2023-07-30,5,109.83,20,PayPal,439.32
12219,695,105,2023-03-22,1,31.94,15,UPI,27.15
12220,921,138,2025-02-05,5,385.51,0,PayPal,1927.55
12221,634,35,2023-05-21,5,481.3,10,Cash,2165.85
12222,320,218,2023-04-07,1,136.6,10,Cash,122.94
12223,405,286,2023-10-10,4,290.19,15,UPI,986.65
12224,695,103,2023-05-24,4,317.77,15,UPI,1080.42
12225,53,490,2023-09-26,3,52.84,20,Cash,126.82
12226,742,314,2023-10-17,3,461.14,20,PayPal,1106.74
12227,194,265,2023-10-24,3,229.74,0,Cash,689.22
12228,874,37,2025-06-16,2,264.38,15,Card,449.45
12229,105,31,2024-02-13,1,267.19,20,UPI,213.75
12230,871,197,2024-04-24,2,362.73,20,Cash,580.37
12231,645,317,2025-01-27,5,492.74,10,Card,2217.33
12232,566,143,2024-05-07,3,455.27,10,UPI,1229.23
12233,242,41,2025-05-04,1,300.53,0,Card,300.53
12234,114,273,2024-12-24,4,323.01,5,Cash,1227.44
12235,138,143,2023-03-16,1,409.07,10,PayPal,368.16
12236,442,496,2024-09-06,1,156.12,15,Cash,132.7
12237,176,369,2024-01-18,5,408.57,0,UPI,2042.85
12238,25,312,2024-12-16,4,80.42,5,Cash,305.6
12239,77,349,2023-08-19,2,373.14,10,Cash,671.65
12240,208,4,2025-03-03,4,27.97,15,UPI,95.1
12241,548,103,2023-02-02,4,168.71,5,Card,641.1
12242,664,358,2024-01-17,2,383.24,20,PayPal,613.18
12243,716,235,2023-08-08,5,203.49,20,PayPal,813.96
12244,355,181,2024-01-26,1,347.69,0,PayPal,347.69
12245,879,176,2023-09-25,5,190.96,20,Cash,763.84
12246,812,331,2024-03-04,2,318.37,20,UPI,509.39
12247,708,291,2025-02-21,3,261.12,5,PayPal,744.19
12248,730,242,2023-05-13,5,340.87,5,Cash,1619.13
12249,848,148,2024-07-26,1,111.4,10,Card,100.26
12250,35,19,2024-10-11,4,276.71,10,Card,996.16
12251,645,35,2023-09-28,2,238.87,20,Card,382.19
12252,685,84,2024-01-28,2,331.96,20,Cash,531.14
12253,229,23,2023-01-14,4,453.19,10,PayPal,1631.48
12254,128,239,2023-02-09,1,122.55,20,UPI,98.04
12255,527,366,2024-06-28,1,459.03,0,Cash,459.03
12256,778,122,2024-09-02,4,104.78,15,Card,356.25
12257,304,474,2024-12-04,4,395.91,10,PayPal,1425.28
12258,445,253,2024-10-09,1,412.13,15,Card,350.31
12259,634,478,2024-08-20,3,398.32,20,Card,955.97
12260,335,486,2024-07-22,5,247.49,10,PayPal,1113.71
12261,603,344,2024-06-27,4,439.26,0,Card,1757.04
12262,900,264,2025-05-04,1,122.07,5,Cash,115.97
12263,923,139,2023-03-13,3,442.95,0,Cash,1328.85
12264,960,455,2023-03-03,5,114.03,0,PayPal,570.15
12265,739,34,2025-01-18,2,411.82,5,PayPal,782.46
12266,20,217,2024-06-17,5,338.03,15,Card,1436.63
12267,801,74,2024-08-08,5,87.95,5,UPI,417.76
12268,560,208,2024-02-14,3,143.07,20,UPI,343.37
12269,708,69,2025-04-05,1,400.7,5,PayPal,380.66
12270,118,112,2024-10-07,5,90.55,15,UPI,384.84
12271,943,322,2025-02-19,2,372.08,5,Card,706.95
12272,639,211,2023-05-10,1,15.2,15,Cash,12.92
12273,46,274,2025-05-31,2,232.08,0,UPI,464.16
12274,554,8,2024-01-25,2,68.61,5,PayPal,130.36
12275,505,471,2025-01-28,5,82.24,20,Card,328.96
12276,54,253,2025-01-18,3,117.8,20,PayPal,282.72
12277,964,488,2025-06-06,5,122.34,20,UPI,489.36
12278,988,146,2024-10-17,5,397.81,20,PayPal,1591.24
12279,297,205,2024-05-10,3,19.79,0,Cash,59.37
12280,766,276,2024-07-22,2,28.4,15,PayPal,48.28
12281,997,383,2025-01-31,2,38.47,10,PayPal,69.25
12282,369,206,2023-09-29,5,212.37,10,Cash,955.66
12283,870,394,2024-07-13,4,477.73,20,UPI,1528.74
12284,960,382,2023-08-07,4,147.95,20,UPI,473.44
12285,63,456,2023-05-23,1,210.24,20,Cash,168.19
12286,154,76,2023-02-09,4,75.72,15,UPI,257.45
12287,598,220,2024-01-21,5,330.76,10,UPI,1488.42
12288,274,56,2024-04-07,3,287.85,10,Card,777.2
12289,511,488,2023-10-03,2,381.82,0,UPI,763.64
12290,143,343,2025-02-19,1,274.58,5,Card,260.85
12291,576,483,2023-03-20,5,195.29,15,Cash,829.98
12292,48,222,2024-06-25,4,483.42,15,Cash,1643.63
12293,523,158,2023-10-19,4,113.09,0,PayPal,452.36
12294,924,442,2024-07-02,4,467.85,10,Card,1684.26
12295,149,491,2024-10-26,1,174.2,0,PayPal,174.2
12296,643,204,2023-11-05,5,69.52,10,UPI,312.84
12297,201,416,2023-09-29,4,442.83,0,UPI,1771.32
12298,312,443,2025-02-02,5,175.91,15,Cash,747.62
12299,468,440,2024-11-09,2,105.65,10,PayPal,190.17
12300,128,388,2024-12-31,1,297.71,0,PayPal,297.71
12301,688,437,2023-12-06,5,206.56,20,UPI,826.24
12302,243,393,2024-07-08,3,78.39,5,Cash,223.41
12303,792,183,2023-01-04,5,223.6,15,Card,950.3
12304,603,105,2024-03-07,1,449.28,15,UPI,381.89
12305,864,21,2024-09-10,4,260.23,5,Card,988.87
12306,637,459,2025-02-14,4,126.96,20,PayPal,406.27
12307,120,141,2023-11-11,1,387.82,20,Card,310.26
12308,450,191,2024-12-30,2,454.25,20,Cash,726.8
12309,560,358,2023-06-12,4,59.21,0,Card,236.84
12310,767,138,2024-08-25,4,368.49,0,UPI,1473.96
12311,181,187,2023-10-06,4,364.68,15,Cash,1239.91
12312,588,203,2023-05-30,1,331.09,15,PayPal,281.43
12313,542,471,2023-09-25,1,139.45,5,UPI,132.48
12314,110,498,2023-02-23,3,163.04,15,Cash,415.75
12315,392,452,2023-04-24,4,81.75,5,PayPal,310.65
12316,932,314,2023-06-03,4,127.66,15,Card,434.04
12317,859,494,2024-11-13,1,124.44,0,Card,124.44
12318,995,313,2023-04-03,5,484.47,20,UPI,1937.88
12319,621,489,2025-04-13,5,49.4,5,Card,234.65
12320,185,292,2025-05-27,2,280.99,20,PayPal,449.58
12321,118,361,2023-08-23,1,183.68,20,PayPal,146.94
12322,861,123,2023-06-06,3,118.6,0,Card,355.8
12323,9,137,2023-05-20,4,376.8,15,Cash,1281.12
12324,505,19,2024-12-03,4,137.62,0,Card,550.48
12325,92,439,2023-08-28,4,306.5,10,PayPal,1103.4
12326,265,280,2023-02-06,1,421.84,10,Cash,379.66
12327,267,297,2024-04-03,2,320.78,15,Card,545.33
12328,887,283,2023-10-03,5,198.93,20,Cash,795.72
12329,198,89,2023-01-08,5,250.44,0,PayPal,1252.2
12330,813,92,2024-09-11,3,348.5,10,Card,940.95
12331,449,460,2025-03-07,1,436.06,10,UPI,392.45
12332,539,25,2025-04-14,1,55.29,20,Card,44.23
12333,570,48,2025-05-20,1,119.94,0,Card,119.94
12334,194,265,2023-07-14,3,49.91,0,Card,149.73
12335,595,137,2025-01-26,3,78.6,15,UPI,200.43
12336,234,120,2023-11-24,1,373.23,5,Cash,354.57
12337,205,229,2023-05-09,5,486.18,5,UPI,2309.36
12338,101,366,2024-07-04,4,466.47,15,UPI,1586.0
12339,721,30,2024-12-18,4,451.79,5,PayPal,1716.8
12340,670,181,2023-02-19,1,276.76,0,Cash,276.76
12341,202,25,2024-06-27,1,392.09,10,PayPal,352.88
12342,961,481,2023-03-07,3,171.86,20,Card,412.46
12343,741,101,2024-02-02,2,121.77,0,PayPal,243.54
12344,188,285,2024-12-31,3,246.92,15,PayPal,629.65
12345,271,277,2023-11-14,4,241.88,15,Card,822.39
12346,718,202,2023-09-30,4,455.04,15,Cash,1547.14
12347,711,469,2024-04-01,3,278.49,15,Card,710.15
12348,673,447,2025-05-20,5,463.62,5,PayPal,2202.19
12349,622,63,2024-06-23,4,315.67,5,Card,1199.55
12350,671,87,2024-04-24,2,313.78,10,PayPal,564.8
12351,570,489,2023-12-28,5,375.79,0,UPI,1878.95
12352,868,472,2024-09-19,5,477.6,15,Card,2029.8
12353,997,413,2023-02-16,2,190.02,0,UPI,380.04
12354,766,156,2024-07-27,5,251.61,10,Card,1132.25
12355,15,39,2025-04-01,1,222.77,20,Cash,178.22
12356,406,412,2024-09-19,5,281.67,5,PayPal,1337.93
12357,934,389,2023-10-08,1,491.92,0,Card,491.92
12358,855,132,2023-11-02,2,485.31,10,Card,873.56
12359,100,129,2023-09-25,5,347.71,15,Card,1477.77
12360,613,35,2023-06-09,3,330.34,20,UPI,792.82
12361,289,421,2023-09-13,4,429.58,10,PayPal,1546.49
12362,797,256,2023-10-30,4,24.0,0,UPI,96.0
12363,681,213,2024-05-06,2,480.64,5,UPI,913.22
12364,888,372,2024-11-18,4,339.45,20,Card,1086.24
12365,800,418,2024-08-04,3,449.8,15,Cash,1146.99
12366,352,381,2024-01-12,1,60.99,15,Card,51.84
12367,944,318,2024-09-20,1,74.81,20,Card,59.85
12368,460,378,2023-05-01,5,38.02,5,UPI,180.6
12369,469,450,2023-02-04,2,31.15,15,UPI,52.95
12370,15,9,2023-11-03,1,192.78,15,Cash,163.86
12371,271,279,2025-01-03,1,429.16,20,Cash,343.33
12372,75,433,2024-02-19,1,486.68,10,Card,438.01
12373,493,273,2023-09-26,5,151.5,20,PayPal,606.0
12374,401,225,2025-01-18,4,131.19,20,UPI,419.81
12375,592,179,2024-11-08,5,122.12,15,Card,519.01
12376,358,478,2025-06-08,1,320.34,20,UPI,256.27
12377,508,463,2023-12-06,2,92.8,15,PayPal,157.76
12378,732,263,2023-04-26,3,403.03,0,Card,1209.09
12379,299,89,2023-05-13,2,24.68,20,Cash,39.49
12380,223,408,2023-12-06,5,121.07,0,Card,605.35
12381,673,141,2024-04-10,2,435.47,0,PayPal,870.94
12382,549,112,2023-09-14,4,113.05,0,Cash,452.2
12383,97,69,2024-12-21,4,64.22,10,UPI,231.19
12384,821,288,2024-01-10,2,368.37,0,Card,736.74
12385,771,398,2025-04-28,2,38.51,10,Card,69.32
12386,616,34,2023-01-15,2,421.9,0,Card,843.8
12387,481,458,2023-01-16,2,275.41,20,UPI,440.66
12388,552,352,2024-08-21,4,144.89,0,Card,579.56
12389,303,236,2023-06-06,5,296.51,5,Cash,1408.42
12390,652,346,2024-08-02,3,419.85,0,Cash,1259.55
12391,148,6,2025-01-17,5,77.47,15,PayPal,329.25
12392,16,170,2025-04-11,1,191.33,0,Cash,191.33
12393,399,24,2023-10-05,5,144.55,5,PayPal,686.61
12394,381,353,2023-04-23,3,186.29,20,Card,447.1
12395,982,280,2023-09-26,5,223.54,0,UPI,1117.7
12396,959,239,2023-04-19,3,175.6,5,PayPal,500.46
12397,570,123,2023-09-04,5,309.7,10,UPI,1393.65
12398,961,323,2024-10-02,1,438.37,5,Cash,416.45
12399,267,372,2024-09-14,3,269.77,0,PayPal,809.31
12400,330,175,2024-03-30,2,233.96,15,UPI,397.73
12401,159,83,2023-11-14,3,464.36,0,Cash,1393.08
12402,231,296,2023-12-11,3,47.56,10,UPI,128.41
12403,721,84,2025-04-14,2,6.18,20,UPI,9.89
12404,584,194,2024-05-11,1,92.75,0,Card,92.75
12405,602,210,2024-09-29,4,260.05,15,Cash,884.17
12406,562,177,2023-09-24,5,48.29,5,Cash,229.38
12407,887,203,2023-07-24,2,208.23,20,PayPal,333.17
12408,273,53,2023-02-13,5,63.98,10,PayPal,287.91
12409,392,347,2024-02-26,1,160.83,15,UPI,136.71
12410,708,353,2023-07-04,2,396.86,0,UPI,793.72
12411,957,246,2025-05-28,5,129.69,0,PayPal,648.45
12412,256,350,2024-10-25,1,214.73,5,Card,203.99
12413,807,176,2024-10-30,1,359.35,20,UPI,287.48
12414,407,232,2023-06-28,5,362.35,10,Card,1630.58
12415,545,271,2023-09-15,5,259.01,20,PayPal,1036.04
12416,445,428,2025-02-14,5,218.92,15,UPI,930.41
12417,791,230,2023-04-05,3,31.74,0,Card,95.22
12418,362,343,2024-07-28,5,442.96,0,Cash,2214.8
12419,678,273,2023-11-28,2,141.98,10,PayPal,255.56
12420,679,339,2025-03-21,3,404.14,10,Card,1091.18
12421,559,463,2023-04-26,2,487.33,10,UPI,877.19
12422,726,81,2024-12-08,5,279.36,10,UPI,1257.12
12423,408,296,2024-10-12,4,64.65,5,Card,245.67
12424,514,124,2024-03-12,2,98.98,10,Cash,178.16
12425,254,173,2024-12-07,5,264.61,5,Cash,1256.9
12426,449,246,2024-05-28,5,297.63,15,PayPal,1264.93
12427,297,439,2024-08-23,2,229.05,5,UPI,435.19
12428,201,228,2025-06-04,4,51.26,20,PayPal,164.03
12429,607,84,2023-11-24,4,240.45,15,PayPal,817.53
12430,151,407,2025-04-28,1,406.59,15,UPI,345.6
12431,246,195,2024-06-10,4,174.02,15,UPI,591.67
12432,484,416,2023-09-13,2,473.77,15,Card,805.41
12433,199,289,2023-12-24,3,392.5,15,Card,1000.88
12434,499,35,2025-02-14,2,112.32,0,Card,224.64
12435,515,10,2023-10-19,1,26.47,5,Cash,25.15
12436,44,369,2023-05-15,5,397.49,5,PayPal,1888.08
12437,779,286,2023-09-21,3,285.28,15,PayPal,727.46
12438,76,57,2024-03-21,4,93.31,5,Cash,354.58
12439,312,144,2024-11-26,5,119.41,10,UPI,537.35
12440,486,97,2023-01-19,1,174.14,15,Cash,148.02
12441,879,354,2023-04-03,3,160.16,20,PayPal,384.38
12442,294,132,2024-01-02,4,309.23,5,PayPal,1175.07
12443,553,235,2024-06-27,1,479.74,0,PayPal,479.74
12444,107,227,2024-03-03,3,241.51,20,UPI,579.62
12445,217,498,2023-05-17,3,186.68,0,PayPal,560.04
12446,993,285,2025-01-15,4,376.49,15,UPI,1280.07
12447,97,463,2023-06-24,4,60.13,5,UPI,228.49
12448,986,184,2024-03-04,3,212.59,0,Card,637.77
12449,963,351,2023-04-18,5,339.21,5,PayPal,1611.25
12450,84,274,2025-06-10,5,13.86,0,Card,69.3
12451,404,373,2024-10-13,4,395.62,5,PayPal,1503.36
12452,597,170,2025-02-13,2,400.98,15,PayPal,681.67
12453,704,483,2024-09-08,1,289.04,15,PayPal,245.68
12454,771,58,2024-04-10,4,341.75,5,PayPal,1298.65
12455,999,489,2023-04-02,5,457.62,5,UPI,2173.69
12456,205,476,2023-02-25,5,154.26,0,Cash,771.3
12457,502,323,2024-07-11,4,274.55,20,PayPal,878.56
12458,556,477,2024-08-14,4,318.64,10,PayPal,1147.1
12459,344,339,2023-02-04,1,268.29,20,PayPal,214.63
12460,20,149,2025-02-03,2,425.21,10,Card,765.38
12461,111,455,2025-04-12,5,402.1,15,PayPal,1708.92
12462,148,350,2023-06-01,4,228.95,0,UPI,915.8
12463,552,85,2025-05-16,2,403.32,15,UPI,685.64
12464,972,396,2024-11-08,5,363.54,0,UPI,1817.7
12465,798,394,2023-01-15,3,186.68,20,Cash,448.03
12466,637,372,2024-06-28,5,270.96,0,PayPal,1354.8
12467,359,177,2024-09-04,5,30.32,20,PayPal,121.28
12468,497,229,2025-03-06,2,277.26,20,PayPal,443.62
12469,756,140,2024-03-10,3,286.24,15,Cash,729.91
12470,885,259,2025-01-13,1,248.54,0,UPI,248.54
12471,6,231,2023-04-25,2,335.02,0,UPI,670.04
12472,229,45,2024-08-06,5,211.0,20,Cash,844.0
12473,132,388,2023-01-27,3,260.92,15,Card,665.35
12474,647,398,2024-12-13,1,341.78,20,UPI,273.42
12475,168,86,2025-04-12,4,485.37,5,UPI,1844.41
12476,610,88,2025-01-05,5,444.9,0,Card,2224.5
12477,722,59,2024-09-15,1,369.85,0,PayPal,369.85
12478,701,436,2023-09-10,4,270.71,0,PayPal,1082.84
12479,582,214,2025-02-04,3,417.86,5,Cash,1190.9
12480,124,112,2024-02-10,1,333.51,5,Card,316.83
12481,339,159,2024-07-23,5,53.11,5,UPI,252.27
12482,727,403,2025-01-28,4,82.01,15,Card,278.83
12483,360,224,2024-08-09,5,458.71,20,Cash,1834.84
12484,109,262,2024-10-12,1,147.59,10,PayPal,132.83
12485,629,314,2024-04-01,2,306.08,15,PayPal,520.34
12486,380,370,2025-04-14,2,124.54,0,UPI,249.08
12487,814,57,2024-11-16,3,32.27,10,PayPal,87.13
12488,146,359,2023-05-02,4,100.19,15,Cash,340.65
12489,858,31,2023-03-03,5,465.95,15,Card,1980.29
12490,759,226,2023-03-03,2,119.48,5,Cash,227.01
12491,486,111,2023-11-01,5,359.33,0,Card,1796.65
12492,922,41,2023-12-14,4,163.89,5,UPI,622.78
12493,904,365,2023-04-06,5,198.73,10,UPI,894.28
12494,704,311,2024-08-12,5,423.43,5,Card,2011.29
12495,132,151,2023-12-21,4,117.85,5,PayPal,447.83
12496,206,334,2024-06-09,4,376.17,20,Card,1203.74
12497,685,1,2025-04-22,1,409.4,5,UPI,388.93
12498,98,388,2024-12-18,3,380.91,5,Cash,1085.59
12499,524,454,2023-12-27,1,329.43,0,Card,329.43
12500,136,224,2024-11-10,1,354.31,5,PayPal,336.59
12501,352,159,2024-05-22,3,231.36,15,UPI,589.97
12502,708,72,2024-04-26,4,453.31,10,Card,1631.92
12503,323,320,2025-01-05,4,40.74,5,PayPal,154.81
12504,230,336,2023-01-23,1,58.06,15,PayPal,49.35
12505,619,96,2023-06-19,5,126.96,15,Card,539.58
12506,375,174,2024-02-08,4,289.77,10,PayPal,1043.17
12507,229,196,2024-03-01,1,93.59,15,UPI,79.55
12508,719,74,2024-10-24,5,299.64,10,Cash,1348.38
12509,87,269,2024-06-10,5,35.24,10,PayPal,158.58
12510,790,149,2024-02-26,5,224.93,0,UPI,1124.65
12511,412,305,2024-01-07,3,492.53,15,Card,1255.95
12512,260,318,2024-05-22,1,42.18,10,UPI,37.96
12513,498,95,2024-02-13,3,97.31,10,UPI,262.74
12514,785,476,2024-06-03,1,276.07,5,Cash,262.27
12515,187,105,2025-03-26,1,382.2,15,Cash,324.87
12516,533,415,2025-01-24,4,252.38,10,Card,908.57
12517,844,196,2023-01-31,5,15.19,5,Card,72.15
12518,463,304,2025-04-24,4,187.66,5,Card,713.11
12519,705,93,2024-11-15,5,475.73,20,Cash,1902.92
12520,463,211,2023-03-13,5,147.75,5,Card,701.81
12521,15,20,2024-08-03,1,415.11,20,PayPal,332.09
12522,217,166,2024-05-29,5,281.05,15,UPI,1194.46
12523,106,257,2024-07-16,1,148.71,20,PayPal,118.97
12524,430,138,2023-11-12,2,260.2,20,UPI,416.32
12525,677,314,2024-02-16,2,286.99,15,PayPal,487.88
12526,402,357,2024-04-23,4,314.93,0,PayPal,1259.72
12527,197,31,2023-10-25,5,281.23,5,UPI,1335.84
12528,433,22,2024-03-22,1,408.74,5,Cash,388.3
12529,801,360,2023-01-30,4,342.46,0,UPI,1369.84
12530,447,78,2023-07-19,2,489.06,5,PayPal,929.21
12531,68,259,2023-02-12,1,171.19,5,Cash,162.63
12532,598,266,2023-03-24,4,17.87,10,Cash,64.33
12533,827,265,2025-01-08,4,160.12,20,UPI,512.38
12534,539,286,2023-10-10,3,246.96,15,Cash,629.75
12535,737,357,2023-02-18,1,439.83,10,Cash,395.85
12536,601,291,2024-05-24,4,45.71,0,Cash,182.84
12537,898,287,2023-07-15,3,54.36,15,PayPal,138.62
12538,236,143,2024-01-07,4,10.22,0,Card,40.88
12539,553,136,2025-03-23,3,124.6,5,Card,355.11
12540,383,478,2023-01-09,4,486.52,10,Cash,1751.47
12541,382,475,2024-10-03,5,390.19,0,UPI,1950.95
12542,248,212,2025-02-24,5,455.58,10,Card,2050.11
12543,34,354,2025-06-10,2,405.35,20,UPI,648.56
12544,766,40,2024-02-12,1,57.62,20,PayPal,46.1
12545,304,365,2024-05-31,1,372.76,0,Card,372.76
12546,741,65,2023-01-10,2,32.69,5,PayPal,62.11
12547,549,276,2024-02-09,4,229.19,0,Cash,916.76
12548,585,174,2025-01-17,5,436.18,15,Card,1853.77
12549,17,466,2023-08-16,5,197.46,20,Cash,789.84
12550,750,129,2023-09-22,5,261.06,20,PayPal,1044.24
12551,694,146,2024-08-09,5,410.46,5,Card,1949.68
12552,934,446,2024-02-12,3,208.17,10,Card,562.06
12553,503,355,2024-08-04,3,150.21,0,PayPal,450.63
12554,19,297,2025-06-07,5,401.97,10,PayPal,1808.87
12555,976,166,2024-10-25,5,405.34,20,UPI,1621.36
12556,925,240,2024-02-15,2,40.59,15,UPI,69.0
12557,760,148,2023-09-09,1,226.95,5,Cash,215.6
12558,1000,494,2023-03-22,4,130.7,5,Card,496.66
12559,340,369,2025-02-25,3,295.34,10,Card,797.42
12560,677,391,2024-10-29,1,457.89,20,UPI,366.31
12561,318,363,2024-09-09,5,132.31,20,Cash,529.24
12562,530,123,2023-08-24,1,179.36,0,Cash,179.36
12563,250,120,2025-05-24,2,210.41,10,Card,378.74
12564,609,304,2024-08-23,1,390.79,0,PayPal,390.79
12565,631,121,2023-05-09,2,422.19,15,Cash,717.72
12566,819,387,2023-01-31,5,32.5,10,Cash,146.25
12567,122,344,2024-01-27,3,309.74,15,Card,789.84
12568,591,15,2023-01-14,5,21.14,0,Cash,105.7
12569,766,314,2025-02-12,2,401.46,5,Card,762.77
12570,399,286,2024-06-06,2,493.7,0,UPI,987.4
12571,472,463,2023-09-18,2,113.65,0,UPI,227.3
12572,740,334,2024-09-23,4,433.54,20,PayPal,1387.33
12573,358,286,2023-09-09,1,143.31,5,Cash,136.14
12574,813,395,2025-03-24,2,138.57,15,UPI,235.57
12575,173,231,2023-10-01,2,377.82,15,UPI,642.29
12576,526,297,2025-01-26,5,217.36,0,PayPal,1086.8
12577,393,207,2023-02-27,3,207.51,5,Cash,591.4
12578,202,476,2024-07-10,4,286.48,5,UPI,1088.62
12579,712,322,2023-02-07,2,409.09,10,Cash,736.36
12580,597,265,2023-09-07,1,129.28,20,Cash,103.42
12581,551,287,2024-10-30,1,83.01,10,Cash,74.71
12582,763,374,2024-07-02,1,310.84,5,PayPal,295.3
12583,417,212,2025-05-28,2,354.53,5,Cash,673.61
12584,106,496,2024-09-09,2,277.38,10,Card,499.28
12585,43,70,2023-04-26,5,291.66,15,PayPal,1239.56
12586,336,42,2023-03-21,5,220.39,5,Card,1046.85
12587,125,336,2025-03-19,2,69.77,5,PayPal,132.56
12588,204,320,2024-04-17,4,229.14,0,Card,916.56
12589,842,5,2025-04-08,4,47.13,15,Card,160.24
12590,752,158,2025-01-13,3,411.14,10,PayPal,1110.08
12591,193,491,2025-01-11,3,473.22,20,Cash,1135.73
12592,861,426,2023-08-04,2,30.9,15,PayPal,52.53
12593,758,140,2025-06-07,4,151.86,20,PayPal,485.95
12594,152,403,2025-04-02,1,298.73,15,Card,253.92
12595,478,83,2025-03-29,5,210.6,20,PayPal,842.4
12596,620,391,2023-08-24,4,249.39,20,PayPal,798.05
12597,41,55,2024-01-20,4,307.99,20,Card,985.57
12598,667,291,2024-11-03,1,121.28,20,PayPal,97.02
12599,117,137,2023-01-18,1,362.92,20,UPI,290.34
12600,430,344,2023-06-03,3,176.21,5,PayPal,502.2
12601,457,229,2024-12-07,4,263.44,20,Card,843.01
12602,152,481,2023-01-20,4,308.73,0,Card,1234.92
12603,328,406,2024-06-15,5,261.95,20,Card,1047.8
12604,577,70,2023-03-27,1,405.6,15,PayPal,344.76
12605,485,492,2023-07-22,3,333.39,5,PayPal,950.16
12606,11,350,2025-04-15,2,177.83,0,Card,355.66
12607,2,468,2024-07-05,1,137.1,20,Cash,109.68
12608,36,34,2023-10-20,2,407.75,5,UPI,774.72
12609,9,337,2024-07-09,5,484.88,15,Card,2060.74
12610,159,500,2025-02-04,1,447.25,10,UPI,402.53
12611,992,495,2023-05-10,2,387.4,5,Cash,736.06
12612,972,335,2023-08-22,5,50.21,10,Cash,225.95
12613,783,151,2024-05-28,4,303.44,0,Card,1213.76
12614,39,186,2023-04-11,3,243.13,20,PayPal,583.51
12615,738,171,2023-12-03,2,95.67,10,Cash,172.21
12616,446,140,2024-04-16,2,233.34,10,PayPal,420.01
12617,567,101,2023-03-25,4,379.31,15,PayPal,1289.65
12618,865,108,2024-08-02,3,194.56,0,PayPal,583.68
12619,248,340,2023-03-24,3,276.38,20,Cash,663.31
12620,362,460,2023-11-11,5,121.92,20,Cash,487.68
12621,146,142,2024-02-06,4,199.91,0,UPI,799.64
12622,758,17,2023-07-21,2,142.63,10,Card,256.73
12623,606,292,2023-02-24,3,191.64,15,UPI,488.68
12624,379,398,2024-06-01,1,390.75,5,Cash,371.21
12625,866,372,2024-10-28,3,300.33,10,UPI,810.89
12626,627,333,2024-09-21,3,76.52,15,PayPal,195.13
12627,438,29,2024-07-16,3,324.4,20,Card,778.56
12628,326,389,2025-04-14,1,208.05,10,Card,187.25
12629,642,335,2024-12-19,1,54.91,20,Card,43.93
12630,989,64,2023-05-02,5,394.51,0,PayPal,1972.55
12631,463,52,2023-09-18,1,448.39,10,Cash,403.55
12632,310,76,2024-11-05,5,256.03,20,Card,1024.12
12633,12,373,2023-12-10,4,298.66,20,UPI,955.71
12634,221,265,2024-10-02,1,221.8,20,PayPal,177.44
12635,846,423,2024-01-02,1,105.55,0,UPI,105.55
12636,495,38,2025-02-17,1,60.43,15,UPI,51.37
12637,78,487,2025-05-05,4,131.1,10,Cash,471.96
12638,527,264,2023-01-30,2,280.76,15,UPI,477.29
12639,726,348,2024-12-19,3,457.32,10,Cash,1234.76
12640,368,284,2024-01-26,1,396.83,15,Card,337.31
12641,485,77,2023-06-18,3,291.05,15,Cash,742.18
12642,97,259,2025-02-22,1,418.29,20,PayPal,334.63
12643,744,424,2023-08-14,2,67.69,15,PayPal,115.07
12644,49,200,2023-09-17,3,305.9,0,Card,917.7
12645,792,248,2023-01-25,3,386.39,10,Cash,1043.25
12646,678,197,2024-02-10,4,210.02,20,Card,672.06
12647,104,141,2023-05-08,4,11.69,10,Card,42.08
12648,762,103,2023-03-26,1,336.23,10,Cash,302.61
12649,867,280,2023-01-01,3,126.06,10,Cash,340.36
12650,939,448,2023-04-17,5,82.01,10,PayPal,369.05
12651,332,441,2024-11-27,3,318.34,15,PayPal,811.77
12652,421,286,2023-10-16,4,358.92,5,UPI,1363.9
12653,616,299,2025-02-18,2,203.46,10,Cash,366.23
12654,483,74,2023-07-23,1,138.72,10,PayPal,124.85
12655,871,258,2024-05-02,1,71.47,10,PayPal,64.32
12656,626,72,2023-01-08,3,183.52,10,PayPal,495.5
12657,59,46,2024-12-29,5,191.98,20,UPI,767.92
12658,57,39,2023-06-13,3,301.02,0,PayPal,903.06
12659,188,402,2024-10-14,4,76.04,20,UPI,243.33
12660,962,396,2024-03-07,3,295.56,20,Cash,709.34
12661,628,87,2023-02-05,1,137.56,5,Cash,130.68
12662,851,352,2023-04-24,1,491.14,5,Cash,466.58
12663,753,104,2024-06-21,3,108.08,10,Cash,291.82
12664,898,498,2024-11-30,4,28.11,0,Cash,112.44
12665,461,75,2025-04-16,1,315.09,15,Cash,267.83
12666,549,316,2023-04-13,5,135.41,0,Card,677.05
12667,53,271,2023-08-05,4,315.49,5,UPI,1198.86
12668,886,147,2024-03-11,4,416.68,15,Cash,1416.71
12669,113,420,2023-09-28,4,12.07,10,Cash,43.45
12670,360,100,2023-01-26,2,119.22,10,Cash,214.6
12671,11,67,2024-08-29,4,105.19,20,UPI,336.61
12672,32,421,2024-09-18,1,368.93,5,PayPal,350.48
12673,589,20,2023-10-15,2,248.48,0,Cash,496.96
12674,470,88,2023-03-28,3,402.6,10,Card,1087.02
12675,157,57,2024-08-13,4,342.74,5,PayPal,1302.41
12676,236,149,2024-11-10,4,360.47,20,PayPal,1153.5
12677,682,316,2024-01-13,3,339.56,0,Card,1018.68
12678,47,385,2023-06-28,4,481.07,15,Cash,1635.64
12679,853,109,2024-02-06,5,266.07,20,UPI,1064.28
12680,583,460,2023-12-04,5,296.97,10,Cash,1336.37
12681,797,385,2024-04-02,2,455.5,5,PayPal,865.45
12682,881,63,2025-05-14,4,414.26,20,UPI,1325.63
12683,36,464,2024-10-03,4,8.96,0,Card,35.84
12684,599,363,2025-02-13,1,161.07,15,UPI,136.91
12685,648,190,2023-04-23,3,439.66,10,Cash,1187.08
12686,385,432,2024-07-28,3,412.1,10,UPI,1112.67
12687,986,23,2024-12-26,1,397.29,0,UPI,397.29
12688,168,285,2023-07-05,4,219.87,20,UPI,703.58
12689,618,301,2023-08-28,3,144.38,20,UPI,346.51
12690,394,309,2024-07-19,3,44.86,10,Cash,121.12
12691,610,304,2025-04-30,4,155.5,10,Card,559.8
12692,357,310,2024-09-22,2,305.16,5,Card,579.8
12693,804,225,2025-04-13,5,482.95,10,Card,2173.28
12694,690,125,2023-04-26,3,165.89,10,Cash,447.9
12695,601,320,2024-01-05,4,148.15,10,Cash,533.34
12696,585,465,2025-04-05,2,381.69,5,Cash,725.21
12697,544,477,2025-03-20,2,461.08,5,Cash,876.05
12698,471,352,2024-03-13,3,151.87,5,PayPal,432.83
12699,933,359,2024-01-16,2,404.55,0,PayPal,809.1
12700,778,426,2023-11-29,5,129.83,0,UPI,649.15
12701,34,207,2024-02-08,2,264.75,20,Card,423.6
12702,426,49,2025-03-15,2,443.23,10,Card,797.81
12703,991,220,2025-01-18,4,381.59,10,Card,1373.72
12704,837,192,2023-04-29,2,387.1,10,Card,696.78
12705,622,121,2025-06-12,3,414.68,15,PayPal,1057.43
12706,918,499,2023-10-19,5,242.44,0,Card,1212.2
12707,317,214,2024-06-25,3,197.84,20,PayPal,474.82
12708,757,224,2023-11-12,3,141.89,10,UPI,383.1
12709,995,397,2024-08-08,4,205.71,20,UPI,658.27
12710,232,304,2024-10-17,1,242.68,20,PayPal,194.14
12711,379,280,2024-07-23,4,492.81,0,Card,1971.24
12712,200,242,2024-07-25,4,14.53,5,Card,55.21
12713,808,143,2025-04-01,4,120.66,0,PayPal,482.64
12714,966,101,2024-03-12,3,6.84,15,Card,17.44
12715,665,492,2024-04-23,4,385.12,15,Cash,1309.41
12716,787,249,2024-05-12,1,206.74,20,Cash,165.39
12717,764,316,2025-03-25,5,363.35,10,PayPal,1635.08
12718,660,84,2023-08-23,1,364.31,5,Cash,346.09
12719,871,25,2023-11-03,4,382.39,10,Cash,1376.6
12720,323,441,2023-12-17,1,44.42,20,PayPal,35.54
12721,334,490,2023-12-08,2,309.12,0,Card,618.24
12722,756,225,2025-04-05,3,40.55,15,Cash,103.4
12723,852,20,2023-03-18,2,180.7,20,Card,289.12
12724,918,207,2023-12-05,1,371.65,5,UPI,353.07
12725,319,491,2025-01-16,5,153.95,10,PayPal,692.77
12726,335,158,2025-03-27,5,490.08,0,Cash,2450.4
12727,769,325,2025-05-31,2,355.48,5,Cash,675.41
12728,646,19,2025-05-14,5,479.4,10,UPI,2157.3
12729,968,410,2023-01-18,2,434.32,20,Card,694.91
12730,708,447,2024-06-11,4,141.37,15,PayPal,480.66
12731,690,433,2023-12-17,3,487.56,5,PayPal,1389.55
12732,142,101,2023-05-08,4,184.61,15,UPI,627.67
12733,51,99,2024-12-16,1,86.6,20,PayPal,69.28
12734,558,105,2025-04-06,5,445.8,10,Card,2006.1
12735,401,52,2024-03-05,4,467.45,15,UPI,1589.33
12736,806,378,2023-05-24,2,38.35,20,UPI,61.36
12737,760,279,2023-04-23,3,351.38,15,Cash,896.02
12738,805,188,2024-08-01,4,25.5,20,Cash,81.6
12739,577,4,2024-01-28,4,149.47,5,PayPal,567.99
12740,91,168,2024-01-22,1,20.63,10,UPI,18.57
12741,822,373,2023-05-04,5,435.59,15,Card,1851.26
12742,678,1,2023-08-25,2,466.35,15,PayPal,792.8
12743,606,448,2023-09-29,5,301.72,0,UPI,1508.6
12744,965,120,2023-07-24,3,253.28,20,UPI,607.87
12745,319,147,2024-04-08,1,423.17,5,Card,402.01
12746,953,295,2025-03-17,3,22.21,20,PayPal,53.3
12747,78,222,2023-06-21,1,85.28,5,PayPal,81.02
12748,827,418,2023-10-22,1,248.91,15,PayPal,211.57
12749,330,99,2024-01-20,5,452.41,5,PayPal,2148.95
12750,56,125,2024-04-16,2,284.07,0,UPI,568.14
12751,9,66,2025-01-23,2,54.51,15,UPI,92.67
12752,419,431,2023-03-04,2,229.49,0,Card,458.98
12753,408,397,2023-08-28,5,76.26,5,Cash,362.24
12754,720,188,2025-03-31,3,23.87,5,PayPal,68.03
12755,681,102,2024-06-22,3,199.54,20,Card,478.9
12756,927,412,2023-12-05,5,408.33,15,PayPal,1735.4
12757,520,452,2024-02-23,2,436.41,0,Cash,872.82
12758,817,81,2024-03-29,2,358.03,5,Cash,680.26
12759,282,280,2024-03-04,3,325.94,15,Cash,831.15
12760,666,415,2023-03-13,5,463.13,10,PayPal,2084.09
12761,882,314,2023-04-05,4,445.95,20,Cash,1427.04
12762,469,150,2023-03-30,5,465.02,5,PayPal,2208.84
12763,238,218,2025-02-01,5,233.29,5,UPI,1108.13
12764,55,361,2024-05-11,3,308.03,0,PayPal,924.09
12765,378,154,2023-10-03,2,103.32,15,Cash,175.64
12766,148,12,2023-08-05,5,136.49,15,Card,580.08
12767,32,203,2023-05-25,5,346.7,0,Cash,1733.5
12768,177,336,2024-10-01,4,465.85,0,Card,1863.4
12769,839,74,2023-04-21,3,76.96,10,UPI,207.79
12770,733,369,2024-05-26,1,462.7,10,PayPal,416.43
12771,891,365,2024-12-12,2,478.75,0,UPI,957.5
12772,484,485,2023-02-12,2,382.59,10,Card,688.66
12773,458,483,2025-05-18,1,22.35,0,UPI,22.35
12774,285,78,2023-01-01,3,226.45,0,UPI,679.35
12775,251,51,2024-09-28,1,361.55,15,UPI,307.32
12776,937,44,2024-09-14,5,38.27,0,Cash,191.35
12777,935,387,2024-10-20,4,290.26,20,Cash,928.83
12778,440,471,2023-04-19,1,229.84,20,PayPal,183.87
12779,487,123,2024-06-27,4,497.57,5,Cash,1890.77
12780,589,200,2024-12-12,3,274.95,10,PayPal,742.36
12781,736,141,2023-03-15,3,36.78,10,Cash,99.31
12782,416,152,2023-04-10,3,152.62,5,Card,434.97
12783,498,311,2023-07-24,3,247.37,5,Cash,705.0
12784,102,489,2024-09-27,1,93.93,10,Cash,84.54
12785,172,471,2024-08-09,3,77.45,20,PayPal,185.88
12786,167,372,2024-01-07,4,37.81,15,UPI,128.55
12787,185,316,2023-01-28,5,101.49,20,PayPal,405.96
12788,825,429,2024-10-31,2,352.43,15,Card,599.13
12789,676,204,2023-05-27,1,200.31,10,PayPal,180.28
12790,762,427,2024-12-11,2,470.22,20,UPI,752.35
12791,936,153,2023-08-31,4,146.84,10,Cash,528.62
12792,497,273,2024-08-14,5,425.53,20,Cash,1702.12
12793,688,209,2023-11-20,3,95.41,0,UPI,286.23
12794,775,103,2025-03-31,4,365.07,15,UPI,1241.24
12795,862,89,2024-06-04,5,153.46,5,PayPal,728.94
12796,407,38,2023-11-21,3,236.67,15,Card,603.51
12797,45,144,2024-08-16,1,388.57,15,UPI,330.28
12798,340,139,2024-02-28,4,195.63,0,PayPal,782.52
12799,72,49,2025-03-06,5,123.55,15,UPI,525.09
12800,813,143,2023-03-11,5,415.49,15,UPI,1765.83
12801,551,318,2024-07-09,2,198.21,15,Cash,336.96
12802,213,6,2023-05-02,1,157.68,5,PayPal,149.8
12803,277,412,2025-06-12,4,239.85,20,Card,767.52
12804,732,202,2023-05-28,5,167.49,0,Cash,837.45
12805,552,10,2023-07-19,1,353.82,10,UPI,318.44
12806,452,37,2023-07-28,2,183.23,20,UPI,293.17
12807,130,450,2023-07-20,2,160.44,15,Cash,272.75
12808,399,225,2025-04-23,5,470.94,10,Card,2119.23
12809,390,301,2023-10-20,2,119.87,5,PayPal,227.75
12810,330,465,2024-11-02,4,329.88,10,Card,1187.57
12811,431,76,2023-07-16,1,208.44,5,UPI,198.02
12812,634,11,2024-04-23,3,31.31,15,PayPal,79.84
12813,545,29,2024-04-03,5,232.7,15,Cash,988.98
12814,92,436,2025-05-11,3,92.76,15,Card,236.54
12815,124,422,2025-04-15,1,401.66,20,UPI,321.33
12816,129,250,2024-03-20,1,461.28,20,UPI,369.02
12817,842,120,2024-03-20,3,440.78,0,Card,1322.34
12818,488,177,2023-10-06,2,58.6,20,UPI,93.76
12819,575,483,2023-07-06,2,430.33,10,Cash,774.59
12820,547,323,2024-10-16,4,430.41,20,Cash,1377.31
12821,696,277,2023-03-26,5,307.02,5,PayPal,1458.34
12822,130,340,2023-06-08,1,443.34,20,Card,354.67
12823,468,242,2023-12-12,4,157.37,5,Card,598.01
12824,600,153,2023-09-28,4,158.43,10,Cash,570.35
12825,474,449,2024-09-10,1,159.26,15,PayPal,135.37
12826,382,337,2024-12-16,1,462.09,5,Card,438.99
12827,130,467,2023-06-23,5,470.45,20,Card,1881.8
12828,615,117,2024-03-26,5,172.97,10,PayPal,778.37
12829,671,198,2024-07-12,5,165.7,10,PayPal,745.65
12830,878,354,2024-06-28,3,494.1,20,PayPal,1185.84
12831,80,378,2023-08-16,4,382.5,10,UPI,1377.0
12832,166,339,2024-03-28,5,11.46,15,PayPal,48.71
12833,92,257,2024-06-05,1,75.77,20,PayPal,60.62
12834,592,119,2025-01-17,5,435.29,20,UPI,1741.16
12835,72,231,2023-06-08,2,458.35,5,Card,870.87
12836,523,278,2024-11-27,5,162.56,10,Card,731.52
12837,591,8,2025-05-29,1,273.97,0,PayPal,273.97
12838,793,209,2023-07-04,5,483.09,10,Card,2173.9
12839,776,184,2025-05-19,3,419.12,15,Card,1068.76
12840,321,127,2024-03-06,1,339.03,0,Cash,339.03
12841,954,17,2023-10-21,1,353.15,15,UPI,300.18
12842,85,255,2024-12-29,2,191.93,5,PayPal,364.67
12843,261,178,2023-12-24,2,277.82,15,UPI,472.29
12844,732,159,2023-06-23,4,493.53,10,PayPal,1776.71
12845,475,369,2025-02-20,5,216.88,5,PayPal,1030.18
12846,917,454,2025-01-03,3,99.6,0,Cash,298.8
12847,12,360,2024-10-23,5,434.56,0,Card,2172.8
12848,115,219,2023-01-06,1,280.82,5,Cash,266.78
12849,626,268,2023-05-04,3,408.7,0,Cash,1226.1
12850,130,83,2023-04-25,4,444.73,0,PayPal,1778.92
12851,887,233,2023-05-07,3,339.53,0,Cash,1018.59
12852,966,191,2025-01-04,4,152.43,15,Cash,518.26
12853,113,87,2023-12-11,4,109.9,10,Cash,395.64
12854,335,157,2024-02-12,3,451.52,10,PayPal,1219.1
12855,732,223,2024-05-22,2,378.26,20,Cash,605.22
12856,81,117,2024-05-18,3,328.36,20,Card,788.06
12857,328,177,2024-10-20,5,238.41,20,UPI,953.64
12858,788,310,2023-04-14,2,105.67,20,Cash,169.07
12859,845,269,2025-04-30,2,64.84,15,Card,110.23
12860,730,49,2024-10-10,1,45.02,10,Card,40.52
12861,951,242,2023-05-20,1,191.27,15,UPI,162.58
12862,699,71,2024-04-06,4,396.14,15,UPI,1346.88
12863,158,280,2024-11-20,1,78.76,0,Card,78.76
12864,637,286,2023-05-17,3,350.82,10,Cash,947.21
12865,402,149,2024-05-16,5,319.27,20,UPI,1277.08
12866,34,143,2023-12-13,3,271.84,5,Cash,774.74
12867,823,460,2024-08-07,3,72.28,20,PayPal,173.47
12868,946,463,2024-09-21,4,170.89,0,Cash,683.56
12869,940,377,2025-04-20,5,258.83,0,Cash,1294.15
12870,140,118,2023-01-22,3,194.74,15,Cash,496.59
12871,376,33,2024-11-27,1,413.16,5,PayPal,392.5
12872,105,141,2025-04-03,3,397.4,10,Card,1072.98
12873,496,87,2023-11-30,3,40.71,10,Card,109.92
12874,176,393,2025-01-04,2,19.59,5,Cash,37.22
12875,641,69,2025-04-18,2,483.6,20,Cash,773.76
12876,368,32,2024-10-07,1,284.07,10,PayPal,255.66
12877,972,112,2024-02-06,1,14.99,20,PayPal,11.99
12878,261,120,2024-08-28,1,401.2,15,UPI,341.02
12879,338,299,2023-01-22,1,423.05,15,PayPal,359.59
12880,359,454,2024-10-26,4,303.48,0,UPI,1213.92
12881,741,392,2023-12-25,4,246.7,10,Card,888.12
12882,827,81,2024-09-18,4,306.16,20,Cash,979.71
12883,973,247,2023-04-13,3,361.21,15,Card,921.09
12884,177,155,2024-10-27,5,473.84,0,UPI,2369.2
12885,838,492,2023-03-09,5,327.0,5,UPI,1553.25
12886,359,351,2023-12-24,4,114.8,15,PayPal,390.32
12887,10,32,2024-10-25,5,242.51,5,PayPal,1151.92
12888,155,463,2023-06-25,4,342.66,0,Card,1370.64
12889,354,467,2024-03-16,5,444.51,0,Cash,2222.55
12890,353,473,2023-11-08,5,408.83,15,PayPal,1737.53
12891,837,170,2023-04-06,4,474.93,10,Card,1709.75
12892,320,308,2024-05-11,4,418.17,0,Card,1672.68
12893,822,348,2023-12-09,3,166.3,20,Cash,399.12
12894,882,21,2024-11-02,2,378.86,0,PayPal,757.72
12895,468,80,2025-04-21,1,195.16,0,Card,195.16
12896,414,398,2023-08-22,3,494.24,15,UPI,1260.31
12897,861,261,2024-05-10,4,16.73,20,Card,53.54
12898,329,32,2023-03-14,2,389.85,5,Card,740.72
12899,989,206,2025-06-04,3,378.88,0,Card,1136.64
12900,793,115,2024-03-24,4,447.3,5,PayPal,1699.74
12901,148,433,2023-02-08,1,377.47,20,Card,301.98
12902,179,199,2025-01-28,3,367.34,0,Card,1102.02
12903,792,251,2024-07-16,2,31.92,5,UPI,60.65
12904,325,459,2025-06-14,4,299.67,20,Cash,958.94
12905,736,209,2024-10-17,4,169.42,10,Card,609.91
12906,191,243,2023-03-23,2,258.35,0,Card,516.7
12907,790,301,2023-03-23,2,431.24,5,PayPal,819.36
12908,536,4,2023-10-26,3,64.71,5,UPI,184.42
12909,53,61,2024-05-18,4,238.19,15,Cash,809.85
12910,141,143,2024-05-23,5,304.37,0,Card,1521.85
12911,250,492,2024-03-21,5,55.7,5,PayPal,264.57
12912,812,443,2024-06-13,2,395.93,0,UPI,791.86
12913,486,230,2023-10-06,4,306.43,15,PayPal,1041.86
12914,680,44,2024-06-26,4,229.61,0,Card,918.44
12915,721,196,2024-01-16,2,494.06,5,PayPal,938.71
12916,122,25,2025-04-03,1,155.86,0,PayPal,155.86
12917,150,310,2023-09-16,5,138.14,10,UPI,621.63
12918,192,33,2024-08-26,1,484.25,15,UPI,411.61
12919,314,400,2023-04-07,5,259.03,10,UPI,1165.63
12920,82,282,2025-04-25,1,263.79,10,PayPal,237.41
12921,188,476,2023-04-17,4,69.1,10,PayPal,248.76
12922,619,40,2025-03-27,2,57.36,0,Cash,114.72
12923,827,140,2024-02-19,2,67.22,0,UPI,134.44
12924,159,407,2023-04-16,5,173.71,20,UPI,694.84
12925,22,57,2023-08-29,4,323.19,0,Cash,1292.76
12926,435,375,2023-10-06,4,247.09,15,UPI,840.11
12927,779,50,2024-03-12,2,469.49,0,Card,938.98
12928,504,416,2024-05-15,3,470.48,20,Cash,1129.15
12929,151,42,2023-05-27,3,116.79,0,Cash,350.37
12930,377,217,2023-07-12,2,490.24,15,Card,833.41
12931,442,117,2024-10-16,5,146.25,15,UPI,621.56
12932,218,17,2024-10-20,3,248.4,20,Cash,596.16
12933,765,278,2024-12-12,2,126.85,5,PayPal,241.01
12934,911,100,2024-12-07,1,102.31,15,Card,86.96
12935,430,391,2024-03-13,3,377.65,10,Card,1019.65
12936,243,202,2024-08-18,4,47.57,0,UPI,190.28
12937,501,25,2025-02-23,2,410.18,15,Card,697.31
12938,159,173,2024-10-10,5,128.94,10,PayPal,580.23
12939,167,306,2024-12-09,3,380.78,0,Cash,1142.34
12940,366,488,2023-03-22,5,119.03,20,Card,476.12
12941,135,320,2024-05-14,2,450.06,10,Cash,810.11
12942,818,50,2024-02-03,5,184.53,5,UPI,876.52
12943,417,181,2024-08-28,5,6.7,10,Cash,30.15
12944,357,132,2024-12-11,5,202.01,5,Card,959.55
12945,463,122,2024-09-22,4,36.24,10,UPI,130.46
12946,572,224,2023-02-19,2,254.33,20,Card,406.93
12947,535,193,2024-02-10,5,380.66,5,UPI,1808.13
12948,569,308,2024-02-07,2,308.94,0,Card,617.88
12949,818,366,2024-11-16,1,439.33,10,UPI,395.4
12950,715,435,2023-06-15,1,349.71,5,Card,332.22
12951,384,256,2023-02-16,5,41.91,5,Cash,199.07
12952,666,49,2023-04-30,5,163.5,0,UPI,817.5
12953,929,169,2023-12-31,3,422.0,10,Cash,1139.4
12954,316,301,2024-04-28,5,426.46,20,Card,1705.84
12955,338,74,2023-11-04,3,326.19,10,Cash,880.71
12956,41,374,2023-12-17,4,78.48,15,Card,266.83
12957,37,487,2024-05-21,1,206.0,20,UPI,164.8
12958,604,399,2023-05-09,5,47.54,20,UPI,190.16
12959,789,12,2024-12-12,5,490.35,20,Cash,1961.4
12960,190,232,2024-05-11,4,433.14,10,PayPal,1559.3
12961,207,274,2024-08-09,4,212.15,10,Card,763.74
12962,204,1,2023-11-04,1,10.45,20,Card,8.36
12963,893,218,2024-10-30,1,92.14,10,Cash,82.93
12964,314,275,2025-01-02,4,402.2,15,Cash,1367.48
12965,234,36,2025-05-30,1,338.6,0,Cash,338.6
12966,624,442,2025-03-09,4,216.25,5,PayPal,821.75
12967,407,242,2024-04-10,4,146.94,20,Card,470.21
12968,882,64,2024-08-21,2,384.61,10,UPI,692.3
12969,704,498,2023-08-04,4,373.88,15,Card,1271.19
12970,961,107,2023-04-04,5,403.9,0,Cash,2019.5
12971,674,179,2023-11-26,3,338.5,20,UPI,812.4
12972,74,446,2024-07-23,1,142.4,0,Cash,142.4
12973,737,256,2023-07-06,4,206.06,15,UPI,700.6
12974,854,443,2024-05-13,4,379.81,0,UPI,1519.24
12975,780,220,2024-02-08,2,317.9,0,Card,635.8
12976,822,111,2023-07-18,5,138.69,0,PayPal,693.45
12977,346,70,2023-08-05,4,498.49,0,UPI,1993.96
12978,830,27,2023-02-23,5,413.33,10,Card,1859.99
12979,44,396,2024-02-23,1,134.48,15,Card,114.31
12980,211,203,2023-11-11,5,242.96,0,Cash,1214.8
12981,626,34,2024-09-15,2,185.83,10,Card,334.49
12982,624,289,2023-10-24,3,431.18,0,Cash,1293.54
12983,56,444,2024-01-12,4,73.44,0,Cash,293.76
12984,247,205,2024-12-16,2,411.24,5,Card,781.36
12985,818,253,2024-08-23,4,490.64,20,Card,1570.05
12986,255,174,2024-04-11,3,91.18,0,UPI,273.54
12987,818,164,2023-08-31,1,374.49,20,Cash,299.59
12988,751,452,2024-06-29,5,438.17,10,Cash,1971.76
12989,544,34,2025-05-22,3,429.77,5,UPI,1224.84
12990,493,21,2024-03-09,1,186.09,0,Card,186.09
12991,962,294,2024-05-19,5,474.79,10,UPI,2136.56
12992,579,256,2024-01-27,3,466.8,20,UPI,1120.32
12993,423,83,2024-06-27,2,20.34,0,PayPal,40.68
12994,125,249,2023-07-18,4,229.32,0,Card,917.28
12995,201,353,2023-03-03,3,88.67,0,Card,266.01
12996,160,351,2024-10-20,3,54.32,15,UPI,138.52
12997,543,441,2023-09-11,4,474.87,20,Card,1519.58
12998,853,131,2023-01-05,3,76.57,5,Cash,218.22
12999,281,428,2024-04-21,4,343.49,15,Cash,1167.87
13000,188,424,2025-05-23,3,435.36,5,PayPal,1240.78
13001,279,339,2023-12-01,5,141.57,5,Cash,672.46
13002,686,226,2024-02-23,5,60.42,5,UPI,287.0
13003,96,333,2025-01-25,2,215.2,10,PayPal,387.36
13004,895,75,2025-05-05,4,472.83,10,PayPal,1702.19
13005,524,420,2023-03-09,1,163.48,15,Card,138.96
13006,247,428,2023-08-21,4,243.18,5,UPI,924.08
13007,997,145,2023-11-22,4,138.86,10,Cash,499.9
13008,15,358,2024-07-18,3,486.36,5,UPI,1386.13
13009,966,325,2023-01-03,4,77.07,15,Card,262.04
13010,669,227,2023-12-05,2,155.81,15,UPI,264.88
13011,544,397,2023-09-27,2,295.95,20,Cash,473.52
13012,92,73,2025-04-27,2,37.35,20,Cash,59.76
13013,548,434,2023-05-31,5,461.83,15,UPI,1962.78
13014,640,469,2023-12-09,4,219.8,10,UPI,791.28
13015,839,275,2024-11-19,1,378.86,5,UPI,359.92
13016,136,295,2023-02-01,5,304.76,5,PayPal,1447.61
13017,384,120,2024-10-14,4,102.51,20,Card,328.03
13018,426,117,2023-11-10,4,222.5,5,UPI,845.5
13019,790,462,2024-09-16,4,120.08,10,Cash,432.29
13020,327,166,2025-04-21,5,78.86,15,Cash,335.15
13021,225,39,2024-07-28,5,353.15,15,Card,1500.89
13022,84,460,2023-01-06,2,374.85,10,PayPal,674.73
13023,95,299,2025-01-22,3,333.73,0,UPI,1001.19
13024,656,422,2025-05-24,4,218.6,5,PayPal,830.68
13025,974,320,2024-06-03,5,360.15,20,Card,1440.6
13026,951,239,2023-01-09,1,211.39,5,Card,200.82
13027,146,258,2023-03-24,4,126.05,0,Cash,504.2
13028,552,300,2024-07-18,4,91.4,10,PayPal,329.04
13029,691,56,2023-03-06,3,213.62,15,PayPal,544.73
13030,241,322,2023-10-08,3,99.02,0,Cash,297.06
13031,492,95,2023-05-16,4,74.86,20,Card,239.55
13032,577,488,2025-05-27,5,472.83,5,PayPal,2245.94
13033,939,489,2023-10-28,4,409.98,15,UPI,1393.93
13034,164,161,2023-01-14,5,234.5,15,Cash,996.62
13035,323,31,2023-10-05,3,404.21,0,PayPal,1212.63
13036,190,195,2023-03-27,3,92.15,20,Card,221.16
13037,847,262,2024-07-12,5,135.73,10,Card,610.78
13038,302,359,2024-07-08,5,268.58,15,PayPal,1141.46
13039,949,340,2024-02-10,4,269.35,0,Card,1077.4
13040,700,25,2023-08-12,1,183.8,10,Card,165.42
13041,350,61,2023-12-21,1,143.23,5,Cash,136.07
13042,441,57,2025-04-18,5,313.7,15,Cash,1333.22
13043,825,329,2023-10-03,5,297.46,20,Card,1189.84
13044,213,137,2024-05-26,1,478.58,0,Card,478.58
13045,369,299,2024-09-27,3,410.88,5,PayPal,1171.01
13046,298,299,2023-02-08,2,118.43,15,Card,201.33
13047,454,276,2023-11-14,2,321.9,5,Card,611.61
13048,64,479,2024-10-13,5,280.54,5,Card,1332.57
13049,965,462,2024-08-25,2,260.89,5,PayPal,495.69
13050,371,39,2024-02-09,1,141.08,10,UPI,126.97
13051,976,125,2025-04-23,4,446.18,20,Card,1427.78
13052,758,29,2024-01-23,2,146.0,20,PayPal,233.6
13053,500,255,2024-08-12,5,229.36,15,UPI,974.78
13054,851,239,2023-06-22,4,118.0,5,PayPal,448.4
13055,943,453,2023-09-30,5,415.97,20,Cash,1663.88
13056,535,486,2023-12-31,4,289.67,10,Card,1042.81
13057,549,34,2024-12-20,4,210.6,15,Cash,716.04
13058,23,11,2023-01-06,4,488.97,15,UPI,1662.5
13059,429,168,2025-04-07,4,37.95,15,Card,129.03
13060,57,203,2023-11-07,2,300.46,5,Card,570.87
13061,232,40,2023-05-24,1,494.0,15,UPI,419.9
13062,76,395,2024-03-28,5,406.46,20,Cash,1625.84
13063,694,403,2023-08-22,5,483.16,5,Card,2295.01
13064,45,238,2025-03-16,3,77.3,5,UPI,220.3
13065,885,252,2023-12-31,3,306.58,20,Card,735.79
13066,805,95,2025-03-29,4,90.87,20,PayPal,290.78
13067,474,443,2023-05-18,2,112.11,15,PayPal,190.59
13068,538,70,2024-07-06,5,494.0,15,Cash,2099.5
13069,42,499,2023-08-17,5,247.72,20,PayPal,990.88
13070,651,390,2023-04-17,5,159.05,0,UPI,795.25
13071,901,250,2024-10-09,5,436.4,0,UPI,2182.0
13072,756,26,2024-04-26,5,261.16,20,Card,1044.64
13073,208,227,2024-06-05,4,212.57,5,PayPal,807.77
13074,750,13,2024-03-04,5,60.23,15,Card,255.98
13075,596,75,2024-08-07,2,403.89,5,Card,767.39
13076,44,491,2023-02-05,4,164.32,5,Cash,624.42
13077,181,77,2023-07-23,3,495.58,0,Cash,1486.74
13078,15,227,2024-11-14,1,428.9,5,Card,407.45
13079,137,170,2023-02-02,3,156.56,10,Card,422.71
13080,52,456,2023-10-25,1,350.86,10,PayPal,315.77
13081,176,284,2025-06-12,3,66.84,20,Cash,160.42
13082,712,53,2025-03-30,2,260.29,15,Card,442.49
13083,322,66,2023-07-29,5,406.42,20,Cash,1625.68
13084,515,232,2024-09-15,3,51.82,10,PayPal,139.91
13085,735,377,2025-04-08,5,53.83,0,Cash,269.15
13086,614,335,2024-05-05,5,186.0,20,PayPal,744.0
13087,200,231,2023-01-18,2,478.9,20,UPI,766.24
13088,744,296,2023-08-11,5,128.46,20,PayPal,513.84
13089,243,338,2025-05-05,3,275.01,5,Cash,783.78
13090,375,379,2024-11-11,4,430.7,5,UPI,1636.66
13091,25,122,2023-07-13,2,235.54,15,PayPal,400.42
13092,181,279,2024-04-15,3,110.99,10,PayPal,299.67
13093,383,270,2025-05-28,3,350.17,0,UPI,1050.51
13094,662,444,2024-05-31,1,398.31,10,Card,358.48
13095,911,100,2024-09-15,4,388.29,5,Card,1475.5
13096,111,229,2025-04-30,1,232.77,5,Cash,221.13
13097,249,418,2024-12-22,1,413.24,0,Card,413.24
13098,784,203,2025-05-02,4,301.81,15,Cash,1026.15
13099,51,224,2023-06-05,1,121.79,5,UPI,115.7
13100,803,418,2024-07-13,5,387.65,20,UPI,1550.6
13101,698,82,2025-03-08,1,201.64,15,Cash,171.39
13102,938,294,2024-04-02,3,94.56,20,UPI,226.94
13103,778,480,2023-06-21,5,460.35,20,Cash,1841.4
13104,307,414,2025-02-21,1,354.43,5,Card,336.71
13105,703,234,2025-01-09,4,376.34,0,UPI,1505.36
13106,1,295,2023-05-25,5,309.09,0,UPI,1545.45
13107,612,304,2023-05-07,2,22.85,10,PayPal,41.13
13108,435,192,2024-01-04,5,302.66,15,Card,1286.31
13109,502,476,2024-01-11,4,449.14,10,PayPal,1616.9
13110,396,500,2025-04-16,2,210.65,0,UPI,421.3
13111,59,60,2024-10-10,2,180.98,10,PayPal,325.76
13112,309,422,2023-05-29,3,283.43,20,Card,680.23
13113,957,162,2023-11-18,4,190.47,20,Cash,609.5
13114,622,132,2023-11-08,1,245.13,10,UPI,220.62
13115,424,418,2024-03-27,1,374.04,10,Card,336.64
13116,919,197,2023-08-21,5,22.94,5,UPI,108.97
13117,496,159,2024-07-29,3,5.6,10,UPI,15.12
13118,76,274,2023-07-11,3,151.05,0,Cash,453.15
13119,492,310,2024-06-20,3,168.58,0,Card,505.74
13120,95,114,2024-12-20,5,398.85,15,PayPal,1695.11
13121,329,223,2023-05-26,3,46.18,10,PayPal,124.69
13122,581,314,2024-07-06,5,10.1,5,UPI,47.97
13123,820,139,2025-05-31,1,440.23,0,PayPal,440.23
13124,874,45,2024-04-17,2,250.35,10,Cash,450.63
13125,146,99,2023-03-24,4,25.57,10,PayPal,92.05
13126,623,218,2024-04-06,3,18.98,5,UPI,54.09
13127,913,26,2023-06-16,4,80.96,5,Cash,307.65
13128,462,160,2024-10-02,3,93.59,5,PayPal,266.73
13129,253,41,2023-01-23,5,273.34,20,Cash,1093.36
13130,125,77,2024-10-18,2,21.05,10,Cash,37.89
13131,37,344,2024-05-22,1,211.79,5,PayPal,201.2
13132,107,370,2023-03-24,3,9.0,0,PayPal,27.0
13133,419,271,2023-03-05,3,111.51,20,PayPal,267.62
13134,942,150,2024-12-07,3,238.33,0,PayPal,714.99
13135,310,19,2024-05-20,1,105.29,5,Card,100.03
13136,509,348,2024-04-16,4,209.92,10,UPI,755.71
13137,393,214,2024-03-13,5,349.98,15,Card,1487.41
13138,551,453,2025-04-03,5,446.6,15,PayPal,1898.05
13139,865,467,2023-07-23,2,65.37,20,Card,104.59
13140,700,426,2023-09-02,2,122.48,10,UPI,220.46
13141,190,226,2024-12-09,2,414.43,15,Card,704.53
13142,312,405,2024-06-23,1,314.72,10,PayPal,283.25
13143,54,205,2023-09-23,4,202.8,5,Cash,770.64
13144,70,500,2025-04-06,1,119.82,5,UPI,113.83
13145,682,299,2023-01-02,5,266.61,20,Cash,1066.44
13146,768,383,2024-09-02,2,203.27,5,Cash,386.21
13147,473,9,2023-09-01,4,476.51,0,Card,1906.04
13148,200,61,2024-04-26,3,181.92,10,UPI,491.18
13149,352,146,2025-05-23,3,270.75,5,Card,771.64
13150,293,51,2024-06-19,1,460.63,0,PayPal,460.63
13151,906,151,2023-08-26,3,21.77,5,Cash,62.04
13152,982,475,2025-04-30,2,347.23,5,Card,659.74
13153,268,54,2024-05-10,3,414.83,5,Cash,1182.27
13154,446,30,2023-03-05,5,249.52,20,Card,998.08
13155,985,91,2024-09-02,1,275.32,15,UPI,234.02
13156,708,44,2024-04-24,3,460.35,10,Cash,1242.95
13157,190,204,2025-02-02,1,388.71,15,PayPal,330.4
13158,424,262,2023-01-18,3,291.4,15,Card,743.07
13159,345,28,2025-03-01,4,479.03,0,Card,1916.12
13160,462,475,2024-05-28,3,236.62,0,PayPal,709.86
13161,71,260,2024-10-15,2,262.29,10,Card,472.12
13162,21,342,2023-07-18,2,261.38,20,Card,418.21
13163,646,224,2024-07-02,5,68.6,5,Card,325.85
13164,931,151,2023-04-11,5,416.37,10,PayPal,1873.66
13165,198,19,2024-09-13,2,125.82,15,Card,213.89
13166,235,41,2024-08-14,1,119.41,5,Cash,113.44
13167,848,336,2023-08-13,3,220.5,20,Cash,529.2
13168,887,73,2023-01-02,3,203.34,0,UPI,610.02
13169,881,127,2024-04-15,3,126.56,0,PayPal,379.68
13170,59,195,2024-02-05,1,348.79,0,UPI,348.79
13171,632,363,2025-03-07,1,452.47,0,PayPal,452.47
13172,541,1,2024-01-05,2,442.56,5,Card,840.86
13173,608,488,2024-08-07,3,230.93,20,UPI,554.23
13174,656,386,2024-09-15,3,419.36,10,PayPal,1132.27
13175,814,424,2025-03-17,5,462.34,20,Cash,1849.36
13176,36,217,2025-04-01,4,416.05,0,Cash,1664.2
13177,748,490,2024-03-29,2,417.38,15,Card,709.55
13178,295,58,2024-06-14,5,87.48,20,Cash,349.92
13179,898,187,2024-12-23,3,164.82,20,UPI,395.57
13180,167,284,2023-04-23,4,376.52,5,Card,1430.78
13181,974,490,2025-04-29,5,269.97,15,Cash,1147.37
13182,43,246,2024-07-09,3,88.11,0,Cash,264.33
13183,778,427,2024-09-11,1,306.93,10,UPI,276.24
13184,334,153,2023-01-23,2,262.01,15,UPI,445.42
13185,339,374,2024-07-21,4,427.34,0,Cash,1709.36
13186,938,430,2025-04-26,4,466.48,0,Card,1865.92
13187,518,250,2023-01-15,5,6.19,0,UPI,30.95
13188,46,376,2023-11-09,4,302.4,15,UPI,1028.16
13189,551,420,2024-02-11,3,258.07,15,PayPal,658.08
13190,446,490,2023-09-09,2,284.09,10,UPI,511.36
13191,782,171,2025-02-26,1,322.61,0,UPI,322.61
13192,302,267,2025-03-25,4,387.9,15,Cash,1318.86
13193,316,333,2024-10-03,5,14.34,0,UPI,71.7
13194,363,4,2023-11-04,1,243.91,15,Card,207.32
13195,217,474,2024-04-08,3,193.49,5,Card,551.45
13196,504,396,2024-02-07,1,47.11,0,Cash,47.11
13197,149,4,2025-06-09,3,193.41,10,Card,522.21
13198,998,206,2023-07-27,4,314.37,20,PayPal,1005.98
13199,694,63,2025-03-12,5,428.65,10,Cash,1928.92
13200,930,228,2024-11-25,5,113.32,0,Cash,566.6
13201,165,205,2024-03-05,3,75.67,0,PayPal,227.01
13202,368,311,2023-04-22,2,419.53,10,Card,755.15
13203,328,202,2024-11-22,3,118.17,10,Card,319.06
13204,897,103,2024-10-03,3,394.54,20,Cash,946.9
13205,23,470,2023-12-15,5,489.55,10,Cash,2202.97
13206,643,230,2023-11-28,1,322.67,0,Card,322.67
13207,977,437,2023-06-17,4,185.8,20,UPI,594.56
13208,734,368,2025-03-23,4,483.45,10,Card,1740.42
13209,494,274,2024-01-06,4,246.71,5,Card,937.5
13210,114,297,2023-04-06,5,376.34,5,PayPal,1787.61
13211,494,304,2023-07-23,5,91.17,0,PayPal,455.85
13212,801,201,2023-05-27,4,286.08,10,Card,1029.89
13213,500,177,2023-06-22,3,487.01,10,UPI,1314.93
13214,365,15,2025-02-04,3,448.69,10,Cash,1211.46
13215,412,125,2023-03-15,1,220.65,15,Card,187.55
13216,953,43,2023-07-31,3,223.82,20,Card,537.17
13217,337,283,2025-05-25,4,302.8,15,PayPal,1029.52
13218,897,477,2023-01-23,5,362.25,10,UPI,1630.12
13219,50,303,2025-05-30,4,176.51,10,Card,635.44
13220,696,53,2024-04-13,3,101.71,10,Card,274.62
13221,438,27,2023-03-09,4,131.47,15,PayPal,447.0
13222,767,66,2024-11-11,2,417.92,10,UPI,752.26
13223,623,469,2023-04-22,5,191.71,5,PayPal,910.62
13224,498,8,2024-10-01,3,298.69,10,Card,806.46
13225,443,432,2023-09-18,3,178.27,20,Card,427.85
13226,978,95,2024-03-17,4,288.07,20,UPI,921.82
13227,177,430,2025-03-03,1,52.32,15,Cash,44.47
13228,625,320,2023-10-08,2,142.25,0,PayPal,284.5
13229,584,328,2024-05-31,3,194.12,10,Cash,524.12
13230,195,114,2023-12-05,5,375.68,15,UPI,1596.64
13231,634,20,2023-03-06,4,236.49,15,PayPal,804.07
13232,548,342,2023-04-20,1,20.23,10,UPI,18.21
13233,115,481,2025-05-01,3,392.05,0,UPI,1176.15
13234,459,283,2023-06-07,3,374.52,20,UPI,898.85
13235,730,188,2023-01-11,2,329.44,10,UPI,592.99
13236,603,366,2023-03-12,1,135.21,10,UPI,121.69
13237,573,298,2023-04-22,3,117.41,20,Cash,281.78
13238,279,448,2024-05-11,5,9.21,15,Cash,39.14
13239,481,426,2023-11-14,1,77.35,10,PayPal,69.61
13240,585,181,2023-06-17,1,14.03,10,Cash,12.63
13241,455,272,2023-09-03,4,245.23,15,UPI,833.78
13242,470,51,2025-01-23,5,40.57,20,Card,162.28
13243,339,138,2023-03-03,2,203.48,10,UPI,366.26
13244,704,15,2023-08-11,2,28.59,20,Card,45.74
13245,246,69,2023-10-25,5,112.29,15,UPI,477.23
13246,171,246,2024-10-30,4,133.4,10,PayPal,480.24
13247,724,327,2025-03-26,4,273.75,0,UPI,1095.0
13248,177,470,2023-06-20,4,18.25,5,UPI,69.35
13249,835,323,2023-07-09,4,454.57,10,PayPal,1636.45
13250,168,138,2023-11-17,4,384.8,5,Card,1462.24
13251,225,250,2024-12-22,3,209.33,15,UPI,533.79
13252,213,192,2025-02-08,3,285.52,10,Card,770.9
13253,481,146,2024-09-25,3,105.98,0,Cash,317.94
13254,760,263,2023-02-19,3,269.57,20,PayPal,646.97
13255,260,51,2024-01-25,4,30.11,5,Card,114.42
13256,658,31,2023-07-31,1,464.64,5,PayPal,441.41
13257,62,185,2024-08-15,4,10.72,0,Card,42.88
13258,867,373,2024-04-26,1,483.95,10,PayPal,435.56
13259,529,262,2024-03-31,2,409.03,0,Cash,818.06
13260,353,39,2024-05-25,5,65.19,0,Cash,325.95
13261,223,432,2023-04-03,2,221.72,5,UPI,421.27
13262,146,75,2023-09-17,3,437.93,0,UPI,1313.79
13263,108,1,2023-10-09,2,382.78,0,Card,765.56
13264,970,236,2024-02-18,4,418.9,5,UPI,1591.82
13265,986,197,2024-07-27,2,51.05,20,Cash,81.68
13266,359,475,2023-11-23,2,479.31,0,Card,958.62
13267,920,335,2025-02-11,3,213.92,0,PayPal,641.76
13268,473,299,2023-12-08,5,183.46,5,UPI,871.44
13269,825,228,2025-06-02,2,347.83,0,PayPal,695.66
13270,784,51,2024-12-28,5,307.35,10,Card,1383.08
13271,825,37,2024-06-05,5,10.02,15,PayPal,42.58
13272,46,164,2024-09-15,2,175.9,15,UPI,299.03
13273,814,368,2024-04-05,3,279.41,15,Cash,712.5
13274,874,44,2025-06-05,5,322.38,15,UPI,1370.12
13275,73,489,2023-05-21,3,54.7,0,Card,164.1
13276,865,44,2023-05-12,1,193.57,10,PayPal,174.21
13277,124,13,2024-05-28,1,361.1,20,Cash,288.88
13278,47,151,2023-03-16,4,10.25,20,PayPal,32.8
13279,47,55,2023-04-29,4,368.83,20,Card,1180.26
13280,590,315,2023-09-09,2,298.12,10,UPI,536.62
13281,134,435,2025-02-27,1,401.69,5,PayPal,381.61
13282,704,129,2023-05-17,5,72.08,20,UPI,288.32
13283,720,219,2023-10-16,4,319.08,0,UPI,1276.32
13284,420,347,2023-04-24,4,5.07,0,Cash,20.28
13285,20,360,2024-07-18,3,173.76,10,UPI,469.15
13286,693,160,2024-11-25,1,40.85,15,Card,34.72
13287,959,14,2024-08-16,5,368.44,0,UPI,1842.2
13288,753,322,2023-05-03,4,471.17,15,PayPal,1601.98
13289,181,427,2023-07-18,5,5.16,20,UPI,20.64
13290,479,109,2023-07-17,5,343.44,20,UPI,1373.76
13291,966,310,2025-03-15,2,53.71,5,Cash,102.05
13292,965,132,2023-01-23,3,78.63,5,UPI,224.1
13293,323,162,2024-01-22,4,69.75,5,Cash,265.05
13294,339,94,2023-08-30,5,26.14,15,Card,111.09
13295,189,417,2025-04-25,4,347.03,5,Card,1318.71
13296,916,409,2024-07-16,3,23.2,0,Card,69.6
13297,95,329,2023-05-31,4,276.68,0,UPI,1106.72
13298,789,30,2023-07-08,4,297.83,15,Card,1012.62
13299,62,456,2023-01-28,2,364.6,20,Cash,583.36
13300,887,279,2024-09-20,2,104.55,15,UPI,177.73
13301,709,265,2024-11-20,4,251.9,10,Cash,906.84
13302,886,30,2024-07-12,4,416.2,15,UPI,1415.08
13303,239,372,2024-04-22,5,425.18,5,UPI,2019.61
13304,655,393,2023-01-25,5,494.28,5,PayPal,2347.83
13305,2,72,2025-02-07,5,366.5,0,PayPal,1832.5
13306,1,34,2024-08-06,3,62.24,10,Card,168.05
13307,133,486,2025-03-16,3,189.52,15,UPI,483.28
13308,941,195,2023-04-26,5,113.61,15,UPI,482.84
13309,770,317,2023-07-30,1,474.68,10,UPI,427.21
13310,176,353,2023-07-08,1,145.15,20,Card,116.12
13311,890,297,2023-06-16,1,128.24,20,Card,102.59
13312,778,457,2024-01-14,4,166.58,5,Cash,633.0
13313,44,356,2023-05-23,1,183.2,10,PayPal,164.88
13314,737,112,2023-08-01,5,361.93,5,UPI,1719.17
13315,311,141,2025-04-11,4,384.29,5,Card,1460.3
13316,535,388,2024-10-19,3,463.76,15,PayPal,1182.59
13317,273,499,2024-02-25,1,144.34,15,Cash,122.69
13318,730,500,2025-02-08,3,6.16,0,Cash,18.48
13319,898,277,2024-10-09,3,234.47,20,UPI,562.73
13320,234,297,2023-01-21,5,20.33,10,PayPal,91.48
13321,464,338,2024-08-19,3,14.06,10,PayPal,37.96
13322,267,116,2023-10-15,2,177.92,10,PayPal,320.26
13323,1,424,2024-12-04,1,339.87,20,UPI,271.9
13324,528,311,2025-04-07,5,288.88,5,PayPal,1372.18
13325,481,296,2023-08-24,2,46.58,10,Cash,83.84
13326,37,60,2023-11-16,4,126.01,15,Cash,428.43
13327,715,379,2024-02-02,3,477.86,5,Card,1361.9
13328,662,293,2024-06-12,2,466.99,0,Cash,933.98
13329,220,234,2024-07-30,3,431.94,15,PayPal,1101.45
13330,742,41,2024-08-12,3,279.81,20,PayPal,671.54
13331,394,418,2023-11-10,5,428.9,15,UPI,1822.83
13332,501,326,2025-05-11,4,455.49,20,UPI,1457.57
13333,520,113,2024-03-19,2,215.63,10,Card,388.13
13334,353,371,2024-06-04,5,263.64,20,Card,1054.56
13335,407,192,2024-07-28,5,475.14,20,Card,1900.56
13336,534,318,2024-05-26,4,265.88,15,UPI,903.99
13337,151,373,2023-11-06,3,251.77,5,PayPal,717.54
13338,608,286,2025-02-27,5,376.33,15,UPI,1599.4
13339,603,168,2023-04-09,5,262.0,15,Cash,1113.5
13340,6,30,2024-03-13,1,417.95,10,PayPal,376.15
13341,394,351,2025-04-05,5,467.77,20,UPI,1871.08
13342,574,222,2023-04-26,2,453.58,20,PayPal,725.73
13343,580,125,2023-10-25,2,91.42,15,PayPal,155.41
13344,726,163,2023-03-29,2,95.12,15,PayPal,161.7
13345,357,344,2025-03-13,4,52.3,0,Cash,209.2
13346,420,137,2024-02-06,4,290.44,15,Card,987.5
13347,345,421,2024-03-24,2,342.27,15,Card,581.86
13348,946,360,2023-09-26,4,361.6,20,Card,1157.12
13349,558,83,2024-10-21,4,386.1,10,Cash,1389.96
13350,101,305,2025-02-28,4,450.5,20,Cash,1441.6
13351,832,60,2023-08-25,4,12.37,20,UPI,39.58
13352,168,452,2024-09-30,4,204.64,5,PayPal,777.63
13353,72,393,2023-07-15,1,99.74,0,Card,99.74
13354,757,396,2025-01-03,5,448.0,20,Card,1792.0
13355,683,219,2024-05-29,5,196.12,10,UPI,882.54
13356,609,401,2023-12-06,3,368.91,5,Cash,1051.39
13357,215,347,2024-11-29,4,104.75,0,Card,419.0
13358,263,433,2024-10-14,5,212.75,5,PayPal,1010.56
13359,415,347,2023-02-26,3,402.03,0,PayPal,1206.09
13360,409,389,2025-02-24,1,223.39,20,Cash,178.71
13361,389,228,2025-03-23,4,311.71,0,Cash,1246.84
13362,554,66,2023-12-27,3,490.78,5,UPI,1398.72
13363,914,85,2024-09-16,3,61.69,0,Card,185.07
13364,503,286,2025-03-24,4,456.95,10,UPI,1645.02
13365,507,77,2023-12-30,4,345.74,5,PayPal,1313.81
13366,440,440,2024-02-21,3,219.16,10,Card,591.73
13367,337,284,2024-10-27,1,418.04,15,Cash,355.33
13368,983,348,2024-05-21,2,455.03,15,UPI,773.55
13369,103,219,2024-08-12,4,172.11,5,PayPal,654.02
13370,696,49,2023-05-30,2,437.36,0,Cash,874.72
13371,640,458,2023-06-28,5,378.42,10,Cash,1702.89
13372,79,441,2024-05-05,2,165.73,5,Card,314.89
13373,669,253,2023-07-01,1,156.2,0,Cash,156.2
13374,641,424,2025-04-18,5,388.9,20,UPI,1555.6
13375,846,184,2025-02-12,2,338.73,10,UPI,609.71
13376,28,89,2024-01-03,2,296.83,20,PayPal,474.93
13377,774,281,2024-09-10,4,445.24,0,UPI,1780.96
13378,656,130,2024-07-07,2,286.65,15,UPI,487.3
13379,695,447,2024-12-08,4,130.86,0,Card,523.44
13380,302,48,2025-05-17,5,466.07,15,PayPal,1980.8
13381,195,327,2024-09-08,2,459.21,5,UPI,872.5
13382,966,330,2023-10-30,2,223.12,0,Card,446.24
13383,7,302,2023-08-26,4,479.64,15,Cash,1630.78
13384,489,134,2024-05-05,4,177.09,5,UPI,672.94
13385,736,72,2025-06-13,2,285.12,15,Cash,484.7
13386,160,442,2023-10-03,2,254.15,10,PayPal,457.47
13387,518,475,2023-11-09,1,59.83,15,Cash,50.86
13388,304,212,2023-08-23,2,175.77,0,UPI,351.54
13389,354,55,2024-06-24,2,358.24,15,Cash,609.01
13390,754,296,2023-08-26,3,59.71,15,UPI,152.26
13391,94,453,2023-04-17,1,216.03,5,PayPal,205.23
13392,669,451,2025-06-14,2,261.47,0,Cash,522.94
13393,261,442,2024-06-13,4,361.48,0,Cash,1445.92
13394,792,443,2023-03-01,3,328.9,0,PayPal,986.7
13395,665,341,2023-01-25,4,107.73,0,PayPal,430.92
13396,326,383,2023-07-31,4,241.31,20,PayPal,772.19
13397,7,277,2024-07-07,2,256.51,15,Card,436.07
13398,840,266,2023-09-05,2,133.95,5,PayPal,254.5
13399,875,322,2023-11-24,2,128.64,20,PayPal,205.82
13400,481,13,2023-10-29,2,348.31,15,PayPal,592.13
13401,449,229,2024-10-14,2,100.62,20,PayPal,160.99
13402,392,316,2024-12-28,5,235.02,0,UPI,1175.1
13403,926,244,2025-01-06,4,369.31,10,PayPal,1329.52
13404,943,407,2025-04-08,4,203.18,0,Card,812.72
13405,209,334,2024-01-31,4,216.99,5,UPI,824.56
13406,468,414,2023-03-14,3,450.03,0,PayPal,1350.09
13407,666,332,2023-06-25,2,131.41,15,PayPal,223.4
13408,887,207,2024-11-17,3,353.28,5,UPI,1006.85
13409,385,245,2023-01-30,4,67.76,5,PayPal,257.49
13410,937,280,2023-04-10,3,30.34,20,PayPal,72.82
13411,864,348,2023-03-01,2,470.0,0,UPI,940.0
13412,319,323,2024-12-21,3,50.05,20,Cash,120.12
13413,606,385,2024-07-09,3,288.0,10,Cash,777.6
13414,669,350,2023-08-08,3,173.1,5,UPI,493.33
13415,797,400,2025-03-22,5,109.6,5,PayPal,520.6
13416,237,221,2025-01-28,5,101.29,0,Cash,506.45
13417,546,131,2024-02-22,5,93.27,5,PayPal,443.03
13418,472,343,2024-06-30,4,435.75,15,Card,1481.55
13419,938,456,2023-09-27,2,76.07,15,UPI,129.32
13420,759,259,2024-10-03,3,151.28,5,Cash,431.15
13421,860,201,2025-02-24,5,159.73,15,Cash,678.85
13422,1,455,2024-06-29,5,364.72,10,Card,1641.24
13423,582,455,2024-01-12,1,8.47,20,Cash,6.78
13424,374,398,2023-08-26,4,410.74,20,Card,1314.37
13425,626,71,2024-01-17,2,192.26,15,PayPal,326.84
13426,268,90,2025-03-10,4,192.64,20,UPI,616.45
13427,609,31,2023-04-18,4,199.04,0,UPI,796.16
13428,782,375,2025-02-16,3,296.78,15,PayPal,756.79
13429,841,1,2024-07-22,4,376.1,15,PayPal,1278.74
13430,296,239,2025-01-29,1,57.09,10,PayPal,51.38
13431,26,167,2023-06-13,1,433.79,20,Card,347.03
13432,954,195,2023-05-16,1,351.08,5,PayPal,333.53
13433,821,487,2024-01-05,3,241.08,5,Card,687.08
13434,125,170,2024-03-10,3,250.43,20,Cash,601.03
13435,532,315,2023-10-01,2,163.51,15,UPI,277.97
13436,507,298,2024-02-25,2,347.67,5,UPI,660.57
13437,769,314,2025-02-06,2,166.21,15,PayPal,282.56
13438,378,286,2023-02-12,2,294.15,15,PayPal,500.05
13439,736,198,2023-11-06,2,41.18,5,Card,78.24
13440,585,300,2023-09-11,4,473.96,0,Card,1895.84
13441,341,380,2024-08-27,3,205.61,15,Card,524.31
13442,822,259,2025-01-11,4,492.04,15,PayPal,1672.94
13443,351,217,2024-11-20,2,280.18,5,Card,532.34
13444,115,479,2023-08-01,2,131.66,10,UPI,236.99
13445,507,234,2024-03-28,5,28.6,20,Cash,114.4
13446,853,446,2023-11-03,1,127.08,10,UPI,114.37
13447,728,216,2023-07-20,4,448.09,20,Cash,1433.89
13448,790,45,2023-02-16,3,120.36,20,UPI,288.86
13449,533,77,2025-06-18,3,481.5,5,PayPal,1372.27
13450,808,271,2025-06-07,3,450.16,5,PayPal,1282.96
13451,279,491,2023-05-17,2,396.47,0,Cash,792.94
13452,385,158,2024-07-10,4,199.21,20,Card,637.47
13453,752,196,2023-10-29,1,297.1,0,Cash,297.1
13454,746,143,2024-09-07,3,486.85,5,Card,1387.52
13455,446,19,2024-09-30,4,466.86,0,PayPal,1867.44
13456,658,342,2023-02-23,3,134.18,20,Card,322.03
13457,817,290,2024-02-13,4,58.73,5,PayPal,223.17
13458,588,420,2023-01-08,4,294.73,10,PayPal,1061.03
13459,356,406,2024-04-02,2,124.99,20,UPI,199.98
13460,594,272,2024-04-24,5,450.78,20,Cash,1803.12
13461,747,422,2024-12-07,2,245.18,20,PayPal,392.29
13462,724,71,2023-08-05,5,263.95,0,Card,1319.75
13463,153,280,2023-10-27,5,57.46,5,PayPal,272.94
13464,476,41,2024-11-26,3,497.44,5,Card,1417.7
13465,234,37,2025-05-22,3,386.65,5,UPI,1101.95
13466,902,101,2024-07-29,5,114.4,0,Cash,572.0
13467,357,171,2024-04-13,3,436.74,5,Cash,1244.71
13468,594,414,2023-08-24,4,225.2,15,UPI,765.68
13469,287,466,2023-01-18,4,92.58,5,Cash,351.8
13470,795,118,2023-08-11,2,499.64,0,PayPal,999.28
13471,287,309,2023-04-23,2,24.79,15,UPI,42.14
13472,638,64,2024-01-29,4,326.26,10,Cash,1174.54
13473,777,330,2025-04-20,5,207.92,15,PayPal,883.66
13474,533,377,2023-11-27,2,394.84,5,PayPal,750.2
13475,516,126,2025-03-14,1,483.06,0,PayPal,483.06
13476,409,88,2024-10-29,4,240.45,15,Cash,817.53
13477,233,73,2024-10-30,2,31.57,15,Card,53.67
13478,144,402,2025-06-07,5,28.76,5,PayPal,136.61
13479,40,499,2024-04-21,5,429.7,15,Cash,1826.22
13480,214,49,2023-11-30,4,499.59,20,UPI,1598.69
13481,145,364,2023-05-04,4,109.97,10,PayPal,395.89
13482,480,383,2023-05-21,4,231.82,15,Cash,788.19
13483,221,440,2023-11-21,3,313.97,20,Cash,753.53
13484,587,365,2024-08-24,2,73.15,5,Card,138.99
13485,487,222,2025-06-06,1,461.67,15,PayPal,392.42
13486,779,116,2025-01-06,2,435.24,20,PayPal,696.38
13487,914,346,2024-10-23,3,154.14,0,UPI,462.42
13488,236,417,2024-05-03,4,130.33,15,Cash,443.12
13489,681,52,2025-04-20,3,347.33,5,UPI,989.89
13490,960,473,2024-10-08,5,22.87,20,Card,91.48
13491,405,11,2024-03-23,4,479.72,10,PayPal,1726.99
13492,739,385,2024-11-06,3,255.82,20,UPI,613.97
13493,822,486,2023-06-17,5,38.8,5,Card,184.3
13494,144,385,2023-04-02,3,8.31,0,UPI,24.93
13495,252,156,2024-04-17,3,218.37,10,Card,589.6
13496,289,28,2025-06-14,1,390.11,5,Cash,370.6
13497,223,355,2023-12-09,3,83.94,5,Cash,239.23
13498,281,41,2024-07-03,1,59.2,0,Card,59.2
13499,780,307,2023-06-08,1,223.69,20,UPI,178.95
13500,181,28,2025-03-18,2,335.93,5,Cash,638.27
13501,425,381,2025-01-16,3,385.7,0,PayPal,1157.1
13502,171,180,2023-09-12,1,429.63,10,PayPal,386.67
13503,91,470,2023-01-28,3,303.87,20,PayPal,729.29
13504,183,156,2025-02-23,1,70.67,10,PayPal,63.6
13505,756,120,2024-12-23,5,319.94,15,Cash,1359.74
13506,851,285,2023-03-23,3,427.45,15,Card,1090.0
13507,764,86,2024-06-14,3,408.07,10,Cash,1101.79
13508,630,34,2025-04-18,4,426.46,0,UPI,1705.84
13509,54,469,2024-04-08,1,102.75,5,Card,97.61
13510,904,287,2024-10-23,1,225.71,0,Card,225.71
13511,330,193,2025-03-17,3,48.8,0,PayPal,146.4
13512,789,16,2023-06-13,5,92.78,20,UPI,371.12
13513,175,263,2023-12-24,3,34.62,10,PayPal,93.47
13514,28,375,2023-07-27,2,495.79,15,UPI,842.84
13515,687,79,2025-01-24,4,324.72,15,Card,1104.05
13516,501,7,2024-03-31,1,31.25,20,Card,25.0
13517,55,337,2024-10-25,2,157.17,10,PayPal,282.91
13518,528,68,2025-03-27,4,135.44,0,Cash,541.76
13519,695,117,2025-04-04,1,116.17,0,Card,116.17
13520,339,490,2025-06-01,2,348.31,0,Card,696.62
13521,617,19,2024-05-18,5,141.12,20,PayPal,564.48
13522,450,399,2023-06-05,1,375.73,5,Cash,356.94
13523,182,177,2023-03-03,4,399.13,5,PayPal,1516.69
13524,967,66,2023-04-02,5,339.39,20,PayPal,1357.56
13525,517,190,2024-01-31,4,93.37,20,PayPal,298.78
13526,958,84,2024-08-30,5,354.45,5,UPI,1683.64
13527,403,468,2024-04-03,3,190.51,15,Card,485.8
13528,998,360,2023-04-06,5,233.33,10,UPI,1049.99
13529,630,227,2025-01-25,1,212.85,5,Cash,202.21
13530,615,92,2025-01-23,5,275.16,15,PayPal,1169.43
13531,351,21,2023-07-14,1,81.12,5,PayPal,77.06
13532,917,348,2024-02-23,2,397.1,10,Card,714.78
13533,519,320,2024-08-23,3,381.43,10,PayPal,1029.86
13534,347,302,2025-01-16,2,295.22,20,Card,472.35
13535,973,24,2023-07-28,2,365.05,15,PayPal,620.59
13536,948,428,2025-03-01,3,454.92,10,UPI,1228.28
13537,596,207,2025-03-01,4,127.3,10,UPI,458.28
13538,263,266,2024-11-25,4,313.21,15,Card,1064.91
13539,122,154,2024-07-22,3,361.51,0,PayPal,1084.53
13540,369,219,2023-08-16,3,144.82,10,UPI,391.01
13541,246,90,2024-03-21,4,164.43,0,PayPal,657.72
13542,602,365,2024-03-01,3,164.64,5,Card,469.22
13543,733,135,2023-03-25,1,97.15,5,Card,92.29
13544,482,399,2024-04-12,4,481.99,20,PayPal,1542.37
13545,825,329,2023-01-27,5,155.77,15,Card,662.02
13546,320,10,2024-09-17,2,53.38,0,Cash,106.76
13547,254,326,2023-02-13,3,304.26,20,Card,730.22
13548,736,197,2023-07-09,3,266.17,5,UPI,758.58
13549,591,70,2023-11-11,1,416.01,10,PayPal,374.41
13550,720,76,2025-03-20,2,150.12,20,Card,240.19
13551,377,254,2024-08-04,3,140.85,20,PayPal,338.04
13552,354,165,2024-08-23,1,69.11,20,Card,55.29
13553,942,260,2024-09-02,1,44.29,0,UPI,44.29
13554,263,355,2025-05-18,1,366.29,15,Cash,311.35
13555,919,453,2024-02-13,1,352.14,15,PayPal,299.32
13556,592,406,2023-10-09,5,61.67,0,UPI,308.35
13557,877,423,2024-08-30,4,401.31,20,UPI,1284.19
13558,269,166,2024-04-12,1,473.71,5,PayPal,450.02
13559,523,149,2023-10-18,2,186.17,15,UPI,316.49
13560,952,423,2023-05-12,2,94.29,15,PayPal,160.29
13561,737,62,2024-09-01,2,279.35,5,PayPal,530.76
13562,336,132,2024-12-06,2,206.38,15,Cash,350.85
13563,384,280,2024-10-11,1,488.24,5,UPI,463.83
13564,790,241,2024-10-08,3,48.07,0,Card,144.21
13565,367,225,2023-03-27,2,406.25,10,Card,731.25
13566,422,458,2025-06-10,1,497.42,0,UPI,497.42
13567,668,352,2024-05-16,2,495.61,15,UPI,842.54
13568,888,260,2023-05-19,4,103.76,5,Cash,394.29
13569,565,103,2023-02-27,4,104.32,5,PayPal,396.42
13570,690,212,2024-12-27,5,180.6,10,Cash,812.7
13571,337,436,2024-04-05,1,397.37,0,UPI,397.37
13572,397,437,2024-05-28,2,306.6,20,UPI,490.56
13573,822,56,2025-01-11,5,126.12,5,UPI,599.07
13574,609,69,2024-04-19,1,237.74,10,Cash,213.97
13575,742,33,2023-01-21,1,160.06,20,UPI,128.05
13576,474,116,2024-02-08,4,361.78,15,Cash,1230.05
13577,835,481,2024-06-28,1,192.45,20,UPI,153.96
13578,471,167,2024-01-21,5,166.77,5,Cash,792.16
13579,382,190,2025-01-27,5,431.76,0,Card,2158.8
13580,192,112,2025-02-27,5,183.17,15,PayPal,778.47
13581,582,394,2023-10-22,2,439.45,0,UPI,878.9
13582,13,184,2025-04-29,2,63.76,0,Card,127.52
13583,338,50,2024-02-25,2,34.69,10,PayPal,62.44
13584,582,288,2024-03-17,2,168.49,20,PayPal,269.58
13585,419,444,2024-06-20,4,164.89,10,PayPal,593.6
13586,294,273,2023-05-24,2,418.14,0,UPI,836.28
13587,837,244,2023-02-09,2,261.24,10,PayPal,470.23
13588,526,264,2024-04-28,3,471.9,20,PayPal,1132.56
13589,263,374,2024-01-15,3,166.73,5,PayPal,475.18
13590,944,1,2023-05-28,2,395.48,20,UPI,632.77
13591,756,123,2023-02-26,1,366.28,5,PayPal,347.97
13592,935,456,2023-02-11,5,384.36,15,UPI,1633.53
13593,766,259,2023-11-26,2,64.54,10,Card,116.17
13594,549,253,2023-06-29,3,253.96,20,Card,609.5
13595,176,38,2024-10-21,5,479.33,15,UPI,2037.15
13596,990,419,2023-09-22,2,113.78,5,Card,216.18
13597,75,277,2023-11-29,2,21.14,20,UPI,33.82
13598,928,284,2023-02-08,2,110.34,15,Cash,187.58
13599,209,336,2023-10-18,1,119.69,10,PayPal,107.72
13600,624,396,2023-01-06,3,336.51,15,UPI,858.1
13601,74,258,2024-06-21,2,224.59,0,UPI,449.18
13602,362,380,2024-08-04,2,190.52,10,Card,342.94
13603,31,241,2024-10-30,2,401.7,5,UPI,763.23
13604,599,186,2023-04-22,5,361.26,5,Cash,1715.98
13605,741,436,2025-02-11,4,143.2,20,UPI,458.24
13606,445,71,2024-01-27,2,420.04,0,Card,840.08
13607,825,323,2024-03-31,3,97.27,0,UPI,291.81
13608,928,28,2024-03-19,1,167.16,10,UPI,150.44
13609,474,54,2024-07-18,4,375.76,5,Cash,1427.89
13610,426,389,2025-06-10,1,137.65,20,PayPal,110.12
13611,180,71,2023-03-25,3,58.35,5,PayPal,166.3
13612,274,357,2023-06-24,4,232.67,0,UPI,930.68
13613,311,415,2023-09-03,1,481.72,20,Cash,385.38
13614,51,212,2023-12-01,4,217.39,10,Card,782.6
13615,13,293,2025-05-23,2,146.49,20,Card,234.38
13616,27,475,2025-02-16,3,219.61,20,UPI,527.06
13617,261,181,2024-07-01,1,478.11,20,Card,382.49
13618,305,235,2024-03-19,1,134.15,5,Card,127.44
13619,990,11,2023-02-12,5,60.65,0,PayPal,303.25
13620,514,146,2023-04-12,2,42.74,10,UPI,76.93
13621,835,136,2024-11-06,2,125.2,15,Cash,212.84
13622,349,59,2024-01-30,2,402.64,15,Card,684.49
13623,832,124,2024-08-27,1,14.12,0,Card,14.12
13624,711,79,2023-08-13,3,50.03,5,PayPal,142.59
13625,587,410,2024-05-24,5,245.84,10,PayPal,1106.28
13626,591,414,2024-05-10,1,59.84,10,Cash,53.86
13627,393,315,2023-06-29,4,37.58,5,Cash,142.8
13628,523,304,2023-07-17,4,357.52,15,UPI,1215.57
13629,785,74,2024-04-15,1,15.62,15,PayPal,13.28
13630,643,47,2023-02-16,4,92.28,10,UPI,332.21
13631,800,127,2024-02-17,1,283.62,15,Cash,241.08
13632,80,313,2024-07-21,5,68.81,0,Cash,344.05
13633,901,298,2023-10-04,2,128.92,0,UPI,257.84
13634,963,166,2024-08-20,2,273.39,15,Cash,464.76
13635,700,80,2023-12-09,1,265.54,5,PayPal,252.26
13636,214,105,2023-07-29,5,141.43,20,UPI,565.72
13637,409,254,2025-03-22,2,251.22,15,Card,427.07
13638,851,399,2023-07-17,3,52.47,15,Card,133.8
13639,519,376,2025-06-04,4,39.66,20,Card,126.91
13640,445,85,2024-02-02,5,74.68,10,PayPal,336.06
13641,416,255,2023-05-15,4,192.83,10,Cash,694.19
13642,504,349,2023-06-08,2,206.65,20,PayPal,330.64
13643,507,82,2023-12-03,2,197.01,15,PayPal,334.92
13644,591,379,2024-03-02,4,122.41,0,Card,489.64
13645,864,41,2023-04-28,3,471.05,15,Card,1201.18
13646,3,335,2023-04-14,3,233.95,5,Cash,666.76
13647,197,242,2023-03-12,1,63.11,10,UPI,56.8
13648,329,181,2024-02-26,4,236.02,5,PayPal,896.88
13649,715,51,2024-01-19,1,464.27,10,Cash,417.84
13650,20,59,2023-02-18,5,13.84,10,Cash,62.28
13651,298,451,2023-01-11,2,392.13,0,PayPal,784.26
13652,229,139,2023-07-31,4,326.61,15,Cash,1110.47
13653,294,280,2023-01-22,3,231.18,0,UPI,693.54
13654,488,5,2024-05-27,4,157.18,5,PayPal,597.28
13655,788,486,2023-06-12,5,162.36,10,Cash,730.62
13656,120,497,2024-11-08,2,221.46,10,Cash,398.63
13657,969,165,2024-06-07,2,90.08,15,Card,153.14
13658,182,333,2023-11-15,4,271.03,20,UPI,867.3
13659,976,312,2023-11-04,4,220.01,15,UPI,748.03
13660,381,339,2023-06-02,4,285.19,10,UPI,1026.68
13661,613,21,2023-07-13,4,127.95,5,Cash,486.21
13662,644,348,2024-10-24,3,392.4,15,Card,1000.62
13663,47,184,2023-08-28,2,360.62,15,UPI,613.05
13664,759,214,2024-07-16,2,147.93,10,Card,266.27
13665,937,59,2024-11-21,1,194.65,0,UPI,194.65
13666,360,263,2023-12-08,5,400.09,0,PayPal,2000.45
13667,160,485,2024-10-21,3,425.76,20,Card,1021.82
13668,881,397,2024-08-14,2,176.03,10,PayPal,316.85
13669,474,353,2024-05-01,3,11.04,15,Cash,28.15
13670,51,479,2025-05-30,1,322.34,10,PayPal,290.11
13671,726,3,2024-01-03,4,400.53,10,Card,1441.91
13672,392,389,2024-03-02,2,390.74,5,Card,742.41
13673,824,175,2023-04-09,1,385.55,10,UPI,347.0
13674,891,87,2024-09-26,1,472.13,10,UPI,424.92
13675,404,164,2025-05-21,5,237.66,0,PayPal,1188.3
13676,784,459,2023-10-21,4,389.19,15,PayPal,1323.25
13677,906,361,2024-12-04,5,255.13,20,Card,1020.52
13678,143,363,2025-04-01,5,91.32,20,UPI,365.28
13679,956,112,2023-11-12,3,118.9,5,UPI,338.87
13680,601,301,2023-02-12,3,267.44,5,Card,762.2
13681,629,446,2023-08-03,4,225.9,20,Card,722.88
13682,893,310,2023-02-17,5,318.62,20,PayPal,1274.48
13683,856,369,2024-11-21,4,59.09,15,UPI,200.91
13684,805,53,2025-04-30,4,131.96,20,Card,422.27
13685,579,147,2024-02-14,2,244.2,15,UPI,415.14
13686,225,137,2023-01-05,3,442.02,5,Cash,1259.76
13687,170,339,2023-07-04,1,400.61,5,PayPal,380.58
13688,50,108,2024-11-30,2,395.63,15,PayPal,672.57
13689,773,231,2023-12-26,2,396.55,5,Cash,753.44
13690,313,68,2025-03-21,5,371.95,15,PayPal,1580.79
13691,912,422,2024-08-19,5,335.76,20,Cash,1343.04
13692,244,124,2024-02-01,5,423.79,5,Card,2013.0
13693,999,431,2024-05-21,1,192.48,0,Cash,192.48
13694,168,500,2024-01-19,5,110.05,5,UPI,522.74
13695,753,420,2024-10-31,4,249.53,0,UPI,998.12
13696,382,202,2025-05-10,1,316.02,0,PayPal,316.02
13697,87,5,2024-02-10,5,134.61,20,Card,538.44
13698,58,192,2023-03-27,3,19.61,10,UPI,52.95
13699,510,5,2024-07-05,2,346.99,15,Cash,589.88
13700,290,36,2025-03-08,4,88.5,15,UPI,300.9
13701,464,87,2025-02-17,1,275.57,15,PayPal,234.23
13702,606,299,2023-06-17,2,448.7,15,PayPal,762.79
13703,929,158,2025-02-09,2,94.85,15,Card,161.24
13704,391,456,2024-02-23,5,80.56,15,Card,342.38
13705,235,377,2023-01-03,5,214.25,5,PayPal,1017.69
13706,48,85,2023-12-14,2,86.71,20,UPI,138.74
13707,855,60,2023-10-17,2,232.78,15,PayPal,395.73
13708,397,40,2024-06-03,2,374.68,20,PayPal,599.49
13709,145,346,2023-12-08,2,373.23,0,UPI,746.46
13710,309,463,2024-12-09,1,456.72,5,PayPal,433.88
13711,863,402,2024-09-15,5,295.31,0,PayPal,1476.55
13712,967,439,2024-09-29,2,395.46,15,UPI,672.28
13713,234,26,2024-05-30,4,129.57,0,Cash,518.28
13714,318,226,2023-05-31,3,52.35,10,PayPal,141.35
13715,716,270,2025-06-07,2,289.42,0,UPI,578.84
13716,825,283,2024-04-17,3,351.5,15,PayPal,896.32
13717,797,53,2023-07-29,3,253.3,10,Card,683.91
13718,231,55,2024-03-29,3,245.56,0,Cash,736.68
13719,305,156,2024-10-24,5,253.14,10,Cash,1139.13
13720,82,366,2023-04-11,4,373.91,5,Cash,1420.86
13721,203,143,2024-03-23,5,97.45,15,Cash,414.16
13722,653,4,2024-09-27,3,136.33,10,Cash,368.09
13723,556,370,2024-02-13,1,374.82,5,Cash,356.08
13724,785,283,2024-11-04,1,209.94,5,Card,199.44
13725,222,298,2024-01-18,4,40.08,10,UPI,144.29
13726,710,267,2024-09-25,4,268.39,20,PayPal,858.85
13727,957,88,2023-04-19,1,215.61,20,Cash,172.49
13728,917,281,2024-05-26,1,246.31,15,PayPal,209.36
13729,926,474,2024-03-16,2,408.15,5,Cash,775.48
13730,87,399,2025-05-05,5,143.79,20,PayPal,575.16
13731,386,257,2023-09-12,4,442.45,15,Cash,1504.33
13732,675,320,2024-11-17,1,188.49,0,Cash,188.49
13733,83,462,2024-10-27,2,366.24,5,UPI,695.86
13734,52,463,2024-07-23,3,469.3,15,PayPal,1196.72
13735,144,339,2024-06-22,3,420.17,20,UPI,1008.41
13736,210,391,2023-06-06,2,106.04,15,Card,180.27
13737,858,441,2025-04-22,4,194.39,10,Card,699.8
13738,292,227,2023-06-09,4,10.6,0,PayPal,42.4
13739,703,147,2024-12-15,2,417.06,5,Card,792.41
13740,506,63,2023-12-10,4,105.34,15,Card,358.16
13741,940,274,2024-11-07,4,321.99,10,PayPal,1159.16
13742,966,243,2025-05-27,4,221.29,5,UPI,840.9
13743,754,42,2024-08-11,4,58.65,20,Card,187.68
13744,376,366,2024-08-04,3,271.97,10,PayPal,734.32
13745,374,334,2023-07-08,5,149.6,5,Cash,710.6
13746,608,4,2023-03-01,3,63.93,5,PayPal,182.2
13747,200,380,2024-09-27,4,458.0,5,Card,1740.4
13748,320,121,2024-09-21,2,130.18,10,Cash,234.32
13749,964,470,2023-10-26,1,245.32,5,Cash,233.05
13750,815,363,2024-12-08,4,223.22,5,Card,848.24
13751,511,256,2025-06-17,1,468.19,10,PayPal,421.37
13752,746,446,2024-02-25,3,196.86,10,PayPal,531.52
13753,123,476,2023-07-10,1,403.18,0,Card,403.18
13754,271,418,2023-10-24,2,372.33,5,PayPal,707.43
13755,113,127,2024-06-13,5,264.91,10,Cash,1192.1
13756,947,93,2024-02-13,2,377.26,15,Cash,641.34
13757,715,298,2024-09-26,1,12.84,0,Card,12.84
13758,600,150,2023-07-24,2,245.76,10,Card,442.37
13759,789,424,2025-06-12,1,286.3,10,Card,257.67
13760,216,144,2023-03-08,3,100.23,10,Card,270.62
13761,559,247,2024-09-11,5,288.91,15,PayPal,1227.87
13762,356,74,2023-05-12,3,17.28,10,UPI,46.66
13763,786,299,2023-02-25,1,231.92,20,Card,185.54
13764,363,371,2023-07-10,2,492.85,20,Cash,788.56
13765,815,130,2024-02-25,3,390.07,20,Card,936.17
13766,890,286,2025-06-17,4,193.71,15,Cash,658.61
13767,343,211,2024-01-17,1,133.6,0,UPI,133.6
13768,533,433,2024-06-07,4,301.74,20,Cash,965.57
13769,839,484,2023-08-09,3,410.87,5,PayPal,1170.98
13770,333,330,2024-05-11,2,457.27,10,Cash,823.09
13771,474,347,2023-02-20,1,349.96,20,Card,279.97
13772,10,348,2024-11-16,5,388.84,10,Cash,1749.78
13773,180,445,2023-11-29,1,406.94,0,UPI,406.94
13774,325,63,2025-03-25,4,15.97,0,UPI,63.88
13775,806,454,2024-06-20,2,133.57,20,UPI,213.71
13776,477,168,2024-03-16,2,141.23,10,Cash,254.21
13777,469,18,2025-04-04,1,195.15,10,UPI,175.64
13778,376,168,2023-11-23,2,54.07,20,Cash,86.51
13779,295,417,2025-01-19,3,483.49,0,Card,1450.47
13780,69,391,2024-03-06,5,85.93,15,Cash,365.2
13781,737,448,2024-02-16,5,428.15,0,PayPal,2140.75
13782,471,81,2023-03-17,5,138.62,15,Card,589.13
13783,639,321,2025-05-23,3,248.04,15,UPI,632.5
13784,30,485,2024-12-29,5,50.76,5,PayPal,241.11
13785,565,419,2023-06-08,2,499.66,15,UPI,849.42
13786,650,101,2025-04-27,5,33.22,15,Cash,141.19
13787,339,232,2025-03-29,1,93.54,15,Card,79.51
13788,246,28,2023-10-03,4,347.39,10,UPI,1250.6
13789,794,356,2024-08-29,5,425.3,10,Cash,1913.85
13790,663,483,2024-05-22,4,347.38,10,UPI,1250.57
13791,939,154,2024-06-04,1,200.57,0,Cash,200.57
13792,499,183,2023-01-13,5,282.82,5,Cash,1343.39
13793,275,334,2023-11-26,1,36.17,5,PayPal,34.36
13794,391,345,2025-05-17,1,246.56,10,PayPal,221.9
13795,191,180,2024-07-29,4,7.75,0,UPI,31.0
13796,906,303,2024-10-04,4,462.5,5,Card,1757.5
13797,408,23,2024-06-17,3,353.27,0,UPI,1059.81
13798,953,122,2025-02-13,5,213.32,0,PayPal,1066.6
13799,404,287,2024-08-14,4,426.95,20,Card,1366.24
13800,627,247,2024-09-14,1,88.35,10,PayPal,79.52
13801,777,393,2024-03-06,1,428.83,10,Cash,385.95
13802,849,332,2024-06-10,1,345.2,0,Card,345.2
13803,397,202,2024-02-11,2,20.91,15,PayPal,35.55
13804,356,316,2024-03-18,2,78.93,5,UPI,149.97
13805,376,359,2023-11-12,4,107.16,20,Cash,342.91
13806,661,270,2025-01-22,5,183.5,0,UPI,917.5
13807,465,359,2024-09-07,2,158.72,15,Card,269.82
13808,222,280,2023-01-27,1,437.97,5,Cash,416.07
13809,491,279,2024-04-03,4,264.36,15,UPI,898.82
13810,435,166,2024-04-22,5,206.43,15,Cash,877.33
13811,722,316,2024-06-07,2,440.33,5,Cash,836.63
13812,436,418,2023-07-03,5,219.89,20,Cash,879.56
13813,485,193,2023-04-06,4,489.33,0,Cash,1957.32
13814,398,297,2023-11-20,2,62.21,5,Card,118.2
13815,346,339,2024-12-09,1,340.49,5,UPI,323.47
13816,423,143,2023-08-14,4,241.41,20,PayPal,772.51
13817,199,328,2024-03-24,2,89.69,10,Card,161.44
13818,377,451,2024-01-06,1,397.56,0,Cash,397.56
13819,347,359,2024-12-29,2,372.54,0,UPI,745.08
13820,72,411,2023-02-14,4,395.59,20,UPI,1265.89
13821,910,236,2024-09-01,1,232.57,20,PayPal,186.06
13822,706,163,2024-05-08,2,281.89,10,Cash,507.4
13823,90,253,2024-07-23,4,260.12,20,PayPal,832.38
13824,147,43,2023-11-03,1,312.26,20,Card,249.81
13825,811,48,2024-11-11,5,355.65,10,PayPal,1600.42
13826,907,461,2024-11-24,5,498.76,0,UPI,2493.8
13827,347,71,2024-10-03,4,265.56,10,UPI,956.02
13828,414,71,2025-04-03,3,19.55,10,PayPal,52.79
13829,550,241,2024-03-22,1,65.38,10,Card,58.84
13830,137,359,2023-08-30,3,286.8,5,PayPal,817.38
13831,802,446,2024-08-05,1,72.39,15,PayPal,61.53
13832,704,311,2024-03-12,4,303.82,20,Card,972.22
13833,436,137,2024-08-25,3,426.3,15,UPI,1087.07
13834,49,409,2023-10-06,3,170.52,20,Card,409.25
13835,932,392,2023-01-24,2,178.19,15,UPI,302.92
13836,432,111,2023-11-29,5,366.48,0,Card,1832.4
13837,352,75,2023-06-16,4,95.12,20,PayPal,304.38
13838,349,111,2025-05-08,4,8.43,0,PayPal,33.72
13839,837,131,2023-08-30,1,406.0,15,Cash,345.1
13840,997,416,2023-01-15,5,471.0,0,PayPal,2355.0
13841,42,367,2025-06-08,5,342.5,10,UPI,1541.25
13842,409,370,2023-12-19,2,9.39,5,UPI,17.84
13843,312,460,2024-12-13,4,142.95,5,Cash,543.21
13844,506,86,2025-03-31,4,485.18,20,Card,1552.58
13845,451,102,2023-02-18,2,83.05,15,PayPal,141.19
13846,346,327,2023-05-10,4,288.42,10,PayPal,1038.31
13847,393,443,2024-08-16,2,219.09,20,PayPal,350.54
13848,314,262,2023-05-09,4,74.79,20,PayPal,239.33
13849,766,145,2023-12-26,1,78.82,10,Card,70.94
13850,106,255,2023-06-21,4,470.22,5,Cash,1786.84
13851,467,213,2024-11-14,3,414.08,5,Cash,1180.13
13852,884,164,2023-02-24,2,223.29,0,Card,446.58
13853,567,124,2024-01-09,5,352.33,5,PayPal,1673.57
13854,982,370,2024-10-11,1,322.02,10,Card,289.82
13855,468,459,2024-01-15,2,68.21,10,PayPal,122.78
13856,540,127,2023-09-14,3,53.39,20,PayPal,128.14
13857,41,51,2025-03-31,2,56.12,10,Card,101.02
13858,735,50,2025-06-03,2,314.61,5,PayPal,597.76
13859,293,249,2024-06-28,1,394.48,0,PayPal,394.48
13860,875,200,2024-05-18,5,88.58,20,Card,354.32
13861,892,318,2024-10-06,2,170.72,0,PayPal,341.44
13862,704,163,2024-03-30,3,51.62,20,Card,123.89
13863,722,314,2024-07-16,2,123.04,0,Cash,246.08
13864,659,63,2024-07-08,2,310.36,0,Card,620.72
13865,493,367,2025-03-04,5,448.91,10,UPI,2020.1
13866,763,189,2025-04-03,4,423.54,5,Cash,1609.45
13867,275,337,2024-05-28,2,72.27,0,UPI,144.54
13868,468,312,2023-03-01,3,368.9,10,UPI,996.03
13869,920,417,2023-11-09,3,97.1,20,UPI,233.04
13870,449,31,2024-04-24,1,376.96,15,UPI,320.42
13871,382,103,2023-09-14,3,6.01,20,UPI,14.42
13872,83,309,2023-01-23,2,494.77,5,UPI,940.06
13873,865,127,2023-03-25,2,138.74,0,Cash,277.48
13874,781,298,2024-07-28,3,191.43,20,Card,459.43
13875,455,199,2023-01-12,5,272.56,20,Card,1090.24
13876,4,407,2023-09-09,4,157.7,0,Card,630.8
13877,397,142,2023-12-15,5,497.71,5,Card,2364.12
13878,617,463,2025-06-15,1,350.18,0,Cash,350.18
13879,781,208,2023-02-25,1,200.54,20,UPI,160.43
13880,261,47,2025-05-08,2,410.46,10,Cash,738.83
13881,28,417,2025-06-13,1,337.33,20,UPI,269.86
13882,523,103,2024-02-23,5,260.82,20,PayPal,1043.28
13883,749,117,2023-04-02,3,142.12,20,Cash,341.09
13884,945,47,2023-10-03,2,459.78,5,Card,873.58
13885,907,204,2025-01-08,3,299.47,15,Card,763.65
13886,374,195,2023-11-20,2,349.91,10,PayPal,629.84
13887,303,50,2024-10-26,5,309.16,0,UPI,1545.8
13888,704,129,2023-11-16,4,287.23,10,UPI,1034.03
13889,502,70,2024-03-01,5,450.53,15,UPI,1914.75
13890,923,384,2023-11-23,2,296.33,20,UPI,474.13
13891,334,14,2024-04-15,1,42.64,10,Card,38.38
13892,431,40,2025-03-03,3,302.81,10,Cash,817.59
13893,478,315,2023-04-13,3,414.37,0,Card,1243.11
13894,689,194,2023-03-14,2,433.12,0,PayPal,866.24
13895,28,340,2023-12-06,5,431.88,5,UPI,2051.43
13896,440,385,2025-02-23,4,317.54,0,Card,1270.16
13897,346,240,2025-03-26,4,108.48,15,Cash,368.83
13898,550,183,2024-01-21,1,218.05,5,Card,207.15
13899,972,109,2023-05-17,3,164.22,0,UPI,492.66
13900,717,267,2023-05-29,5,130.33,20,Cash,521.32
13901,690,236,2025-01-23,3,463.18,10,PayPal,1250.59
13902,162,63,2024-08-17,1,47.37,10,Card,42.63
13903,606,483,2025-01-13,5,51.12,5,Cash,242.82
13904,477,300,2024-02-22,3,201.78,15,Cash,514.54
13905,644,110,2023-01-26,1,346.0,0,UPI,346.0
13906,584,281,2025-03-29,1,86.8,20,Cash,69.44
13907,344,287,2025-05-22,1,182.63,15,PayPal,155.24
13908,349,52,2025-01-14,1,344.14,10,PayPal,309.73
13909,757,277,2024-11-30,1,437.27,10,Card,393.54
13910,11,269,2024-08-26,4,487.0,10,PayPal,1753.2
13911,253,11,2023-05-30,1,163.71,0,Card,163.71
13912,914,205,2024-05-07,4,224.15,10,PayPal,806.94
13913,53,34,2023-08-03,3,345.05,20,PayPal,828.12
13914,106,144,2024-01-13,5,23.68,15,Card,100.64
13915,662,124,2025-02-10,5,477.17,15,PayPal,2027.97
13916,582,30,2023-09-27,2,196.54,0,UPI,393.08
13917,784,130,2024-05-17,5,437.49,10,UPI,1968.7
13918,872,74,2024-03-15,5,308.14,0,Card,1540.7
13919,466,122,2023-10-09,2,224.99,20,UPI,359.98
13920,707,479,2024-11-06,1,128.95,20,Cash,103.16
13921,801,335,2023-05-24,3,394.64,15,Cash,1006.33
13922,632,296,2024-05-15,1,143.64,5,Card,136.46
13923,530,453,2023-07-14,4,33.65,10,UPI,121.14
13924,234,476,2024-07-27,3,387.87,15,PayPal,989.07
13925,96,145,2024-10-28,5,151.14,15,PayPal,642.34
13926,485,156,2023-01-20,2,14.56,10,UPI,26.21
13927,426,408,2024-10-31,1,86.02,5,Cash,81.72
13928,702,199,2024-12-12,3,134.42,5,Cash,383.1
13929,545,380,2024-01-05,2,306.42,0,PayPal,612.84
13930,648,62,2023-12-13,3,365.02,15,PayPal,930.8
13931,472,341,2024-02-16,4,408.31,20,UPI,1306.59
13932,618,301,2023-10-12,2,311.58,5,Card,592.0
13933,92,190,2023-03-24,1,144.04,20,PayPal,115.23
13934,487,441,2023-01-02,4,224.27,15,Card,762.52
13935,99,301,2023-07-03,4,239.64,5,Card,910.63
13936,524,178,2025-05-20,5,320.12,0,Card,1600.6
13937,842,231,2024-02-02,1,202.63,0,PayPal,202.63
13938,49,61,2024-04-26,5,397.14,20,PayPal,1588.56
13939,106,46,2024-11-18,5,431.91,0,Card,2159.55
13940,647,368,2024-04-30,4,250.8,20,Card,802.56
13941,67,189,2023-01-19,1,251.56,5,Card,238.98
13942,643,246,2024-04-07,2,327.44,20,UPI,523.9
13943,793,342,2025-03-27,1,443.46,5,Cash,421.29
13944,952,154,2024-04-28,3,49.21,5,UPI,140.25
13945,269,381,2024-02-04,4,209.87,0,UPI,839.48
13946,462,411,2025-01-11,4,289.8,5,Cash,1101.24
13947,47,133,2023-06-10,5,312.43,20,Cash,1249.72
13948,263,241,2025-03-18,1,457.67,5,PayPal,434.79
13949,342,371,2024-07-24,1,305.39,15,Card,259.58
13950,975,357,2024-08-03,2,344.83,15,PayPal,586.21
13951,94,237,2024-03-08,4,484.88,5,UPI,1842.54
13952,747,378,2023-12-08,1,256.04,20,Card,204.83
13953,361,361,2025-03-14,2,208.06,15,Cash,353.7
13954,840,118,2025-06-16,4,441.49,5,Card,1677.66
13955,654,6,2024-11-27,5,334.84,10,Card,1506.78
13956,686,3,2024-01-21,1,89.7,10,Cash,80.73
13957,117,83,2023-09-14,1,332.26,0,PayPal,332.26
13958,433,320,2025-04-09,2,426.16,0,Cash,852.32
13959,154,143,2023-11-26,5,292.02,10,UPI,1314.09
13960,483,412,2023-06-18,2,391.97,0,Cash,783.94
13961,816,282,2023-03-05,4,297.47,15,Card,1011.4
13962,683,196,2024-07-31,1,278.47,5,UPI,264.55
13963,497,365,2025-06-05,5,468.26,0,PayPal,2341.3
13964,473,462,2024-07-21,2,71.93,15,PayPal,122.28
13965,675,36,2024-11-21,1,198.81,10,UPI,178.93
13966,241,314,2024-11-10,3,467.48,10,PayPal,1262.2
13967,606,103,2025-01-26,3,55.14,0,Cash,165.42
13968,947,402,2024-07-12,4,153.18,10,Card,551.45
13969,957,1,2023-11-17,5,217.58,5,PayPal,1033.51
13970,342,364,2023-06-21,5,255.4,20,UPI,1021.6
13971,509,222,2023-12-10,1,168.97,5,UPI,160.52
13972,172,463,2023-11-25,3,11.97,20,Cash,28.73
13973,932,439,2024-04-21,2,250.86,5,Card,476.63
13974,868,428,2023-08-07,3,134.35,10,UPI,362.74
13975,219,205,2023-02-06,4,209.57,20,Cash,670.62
13976,466,263,2023-04-23,5,151.75,0,Cash,758.75
13977,746,195,2025-02-26,3,346.89,0,PayPal,1040.67
13978,324,203,2024-11-23,4,279.13,15,Cash,949.04
13979,853,471,2023-02-10,4,85.21,5,Card,323.8
13980,485,183,2023-08-26,1,124.44,20,UPI,99.55
13981,26,374,2023-01-27,5,348.42,0,Card,1742.1
13982,140,238,2023-12-08,4,284.25,20,Cash,909.6
13983,180,286,2023-10-10,4,347.18,5,Cash,1319.28
13984,26,353,2025-04-28,5,332.18,15,Card,1411.77
13985,690,55,2024-04-23,4,388.36,20,UPI,1242.75
13986,963,38,2023-04-16,3,266.37,20,Cash,639.29
13987,434,39,2025-02-18,3,403.88,5,Cash,1151.06
13988,791,332,2023-08-16,2,40.72,5,UPI,77.37
13989,535,213,2023-07-11,1,263.22,15,Card,223.74
13990,249,210,2023-11-29,1,140.28,10,Cash,126.25
13991,647,162,2024-04-16,3,95.87,0,Cash,287.61
13992,926,321,2024-11-25,5,190.43,10,Card,856.94
13993,47,289,2024-12-22,3,185.89,20,UPI,446.14
13994,656,364,2023-02-03,2,480.13,5,PayPal,912.25
13995,403,20,2023-11-11,5,257.14,0,PayPal,1285.7
13996,833,443,2023-12-01,3,279.58,15,PayPal,712.93
13997,18,34,2025-02-01,3,223.69,10,PayPal,603.96
13998,740,128,2023-03-23,5,86.91,10,Cash,391.09
13999,175,278,2023-03-29,1,71.36,5,UPI,67.79
14000,512,258,2023-10-05,2,182.89,10,UPI,329.2
14001,352,315,2024-02-14,1,185.08,15,Card,157.32
14002,407,93,2024-03-20,1,167.04,5,UPI,158.69
14003,54,197,2023-02-05,2,497.05,5,Cash,944.39
14004,362,104,2025-04-16,4,291.28,20,Cash,932.1
14005,786,416,2024-04-25,1,215.29,15,Cash,183.0
14006,626,258,2025-01-17,5,255.54,15,Card,1086.05
14007,620,242,2023-07-24,2,458.28,15,Cash,779.08
14008,977,282,2023-07-12,1,228.96,15,Cash,194.62
14009,698,77,2025-03-15,1,326.2,15,Cash,277.27
14010,771,143,2024-06-13,5,496.59,20,Card,1986.36
14011,544,39,2023-06-03,4,87.29,5,Cash,331.7
14012,704,397,2024-07-11,2,80.57,5,Card,153.08
14013,372,219,2025-01-06,1,318.89,15,PayPal,271.06
14014,523,139,2024-05-14,1,251.33,0,Card,251.33
14015,52,203,2023-10-14,4,32.63,10,Cash,117.47
14016,94,395,2023-04-15,3,68.12,0,PayPal,204.36
14017,3,488,2023-06-05,5,254.13,10,Card,1143.59
14018,842,302,2023-11-10,1,215.39,5,PayPal,204.62
14019,683,48,2024-09-15,3,361.81,0,Cash,1085.43
14020,552,85,2023-11-01,3,40.91,10,Cash,110.46
14021,830,214,2023-02-27,3,26.35,5,PayPal,75.1
14022,994,212,2023-11-11,2,263.33,10,Card,473.99
14023,138,384,2023-04-24,3,473.88,15,Cash,1208.39
14024,619,91,2025-03-27,3,298.35,0,UPI,895.05
14025,694,50,2025-06-05,4,35.47,10,Cash,127.69
14026,415,402,2024-05-23,1,27.27,5,Card,25.91
14027,825,45,2024-02-14,5,376.96,10,PayPal,1696.32
14028,488,21,2025-05-08,4,370.38,0,PayPal,1481.52
14029,803,168,2023-06-22,2,17.99,20,PayPal,28.78
14030,122,191,2024-08-02,4,223.38,0,PayPal,893.52
14031,775,37,2024-06-16,5,429.39,10,Card,1932.25
14032,738,45,2024-12-07,4,105.34,5,Cash,400.29
14033,619,316,2023-02-15,4,57.18,15,UPI,194.41
14034,680,423,2025-02-10,3,67.14,20,Cash,161.14
14035,641,138,2024-06-01,5,17.14,10,Card,77.13
14036,411,456,2023-02-27,5,49.27,15,Cash,209.4
14037,862,321,2023-11-08,2,392.97,10,Card,707.35
14038,799,448,2025-06-03,5,448.4,20,UPI,1793.6
14039,942,73,2025-02-07,1,452.33,20,Card,361.86
14040,289,284,2024-05-10,5,306.6,0,Cash,1533.0
14041,198,263,2023-04-06,5,338.24,10,Cash,1522.08
14042,217,315,2024-06-25,1,414.51,20,Card,331.61
14043,601,52,2023-11-29,2,429.24,5,UPI,815.56
14044,863,455,2024-12-30,4,365.25,15,Card,1241.85
14045,844,256,2024-01-19,2,341.91,20,PayPal,547.06
14046,503,278,2023-05-23,2,141.05,10,UPI,253.89
14047,959,61,2024-01-10,3,242.36,10,PayPal,654.37
14048,530,268,2023-09-06,4,308.94,20,PayPal,988.61
14049,545,482,2024-03-24,3,275.65,10,Cash,744.25
14050,791,312,2024-02-07,1,145.09,0,Cash,145.09
14051,27,430,2023-09-19,5,230.52,15,PayPal,979.71
14052,564,274,2024-05-16,4,7.24,0,Card,28.96
14053,632,361,2023-03-15,3,331.71,20,Cash,796.1
14054,406,223,2024-06-05,2,55.48,10,PayPal,99.86
14055,48,39,2023-05-02,4,287.37,0,Cash,1149.48
14056,617,162,2023-04-20,4,20.53,5,PayPal,78.01
14057,149,90,2023-05-26,2,425.56,5,PayPal,808.56
14058,763,408,2025-02-23,1,263.66,10,Card,237.29
14059,679,285,2023-05-09,4,397.66,15,Card,1352.04
14060,557,26,2024-07-01,5,13.13,5,PayPal,62.37
14061,840,38,2023-04-22,1,355.83,20,Cash,284.66
14062,722,473,2023-03-31,4,464.89,10,PayPal,1673.6
14063,541,162,2024-10-22,5,252.96,0,Card,1264.8
14064,971,4,2024-06-18,4,472.77,0,PayPal,1891.08
14065,161,156,2023-05-15,1,441.28,15,Cash,375.09
14066,645,426,2024-02-13,5,476.18,5,Cash,2261.86
14067,129,28,2023-08-01,1,422.12,5,UPI,401.01
14068,702,472,2024-09-30,4,222.32,15,UPI,755.89
14069,21,325,2024-02-23,1,166.27,15,PayPal,141.33
14070,828,246,2023-07-12,2,498.91,5,PayPal,947.93
14071,667,372,2024-02-12,2,164.4,5,UPI,312.36
14072,644,138,2023-03-17,4,85.86,20,PayPal,274.75
14073,402,134,2023-06-21,2,147.25,20,Card,235.6
14074,965,149,2024-02-14,4,217.65,15,Card,740.01
14075,545,212,2023-03-19,5,337.66,15,Cash,1435.06
14076,643,137,2024-01-16,3,57.98,20,Card,139.15
14077,977,277,2024-01-23,1,368.92,0,PayPal,368.92
14078,760,271,2023-08-05,3,433.61,15,UPI,1105.71
14079,254,92,2025-03-04,4,211.28,0,PayPal,845.12
14080,539,299,2024-11-19,3,48.09,0,UPI,144.27
14081,90,177,2024-02-22,5,239.13,5,PayPal,1135.87
14082,630,320,2024-02-13,2,147.36,15,Cash,250.51
14083,374,498,2023-03-25,4,180.93,10,UPI,651.35
14084,69,179,2024-03-19,3,210.44,10,Card,568.19
14085,790,124,2024-05-20,2,315.47,0,PayPal,630.94
14086,956,38,2025-02-12,5,473.72,5,Cash,2250.17
14087,570,367,2024-11-29,5,24.56,10,Card,110.52
14088,466,143,2023-08-20,1,178.5,20,Card,142.8
14089,750,436,2023-05-05,2,122.44,10,Cash,220.39
14090,335,238,2023-12-05,1,394.47,10,UPI,355.02
14091,434,150,2023-08-06,1,222.41,10,Card,200.17
14092,938,451,2023-07-31,1,69.2,10,Card,62.28
14093,283,241,2023-09-27,4,369.05,20,PayPal,1180.96
14094,646,54,2023-10-27,2,15.2,15,Card,25.84
14095,54,22,2024-12-13,1,107.35,15,PayPal,91.25
14096,825,348,2024-03-06,5,259.78,15,Cash,1104.06
14097,541,244,2024-03-18,5,366.93,5,UPI,1742.92
14098,599,286,2024-12-25,5,392.38,20,UPI,1569.52
14099,773,435,2023-06-13,4,101.61,20,Card,325.15
14100,3,484,2024-06-19,5,282.79,0,UPI,1413.95
14101,204,30,2025-02-18,2,461.74,15,PayPal,784.96
14102,292,419,2024-09-25,3,410.86,10,UPI,1109.32
14103,543,440,2023-09-14,4,126.9,5,UPI,482.22
14104,306,229,2024-03-13,4,379.35,15,PayPal,1289.79
14105,800,213,2024-01-10,3,402.98,20,PayPal,967.15
14106,378,166,2023-05-08,1,93.77,15,PayPal,79.7
14107,807,36,2023-01-10,2,212.05,10,PayPal,381.69
14108,807,135,2023-04-09,1,204.15,0,Cash,204.15
14109,637,170,2025-06-04,1,356.8,20,Cash,285.44
14110,456,121,2023-12-19,4,273.9,20,PayPal,876.48
14111,626,199,2025-06-10,2,44.92,15,Cash,76.36
14112,705,77,2024-03-16,3,317.45,15,Cash,809.5
14113,225,440,2024-07-04,3,8.85,15,UPI,22.57
14114,334,376,2025-03-06,1,139.77,0,Card,139.77
14115,287,19,2023-01-10,3,302.09,0,Card,906.27
14116,910,325,2023-10-21,4,214.29,10,UPI,771.44
14117,1000,229,2023-11-14,3,397.94,15,PayPal,1014.75
14118,2,66,2023-06-15,2,319.78,15,Cash,543.63
14119,102,43,2023-11-03,5,30.13,0,Card,150.65
14120,960,182,2024-12-20,5,111.77,5,Cash,530.91
14121,881,394,2023-06-18,1,363.98,0,Card,363.98
14122,50,178,2023-07-04,1,183.52,20,Card,146.82
14123,843,426,2023-09-25,2,143.75,10,PayPal,258.75
14124,303,221,2025-02-19,4,205.7,5,Cash,781.66
14125,811,279,2025-06-09,2,254.02,20,UPI,406.43
14126,850,482,2023-01-26,4,19.74,20,Card,63.17
14127,683,256,2023-04-14,4,365.0,15,Cash,1241.0
14128,555,285,2023-08-13,3,104.1,5,UPI,296.68
14129,598,168,2023-11-25,5,381.53,15,Cash,1621.5
14130,338,90,2024-11-18,5,193.09,15,Card,820.63
14131,14,213,2024-06-30,3,283.22,10,PayPal,764.69
14132,419,456,2023-04-07,3,8.32,0,Cash,24.96
14133,696,215,2024-11-15,5,284.07,20,Cash,1136.28
14134,199,285,2024-11-25,5,64.9,15,UPI,275.82
14135,810,37,2024-01-21,2,227.87,10,Card,410.17
14136,694,416,2023-12-29,5,475.53,5,PayPal,2258.77
14137,668,267,2025-02-02,2,276.11,20,Card,441.78
14138,173,43,2023-04-11,1,392.57,15,Cash,333.68
14139,866,403,2025-01-25,2,62.76,10,UPI,112.97
14140,217,493,2025-06-10,3,171.93,20,PayPal,412.63
14141,266,247,2024-09-28,3,477.51,20,UPI,1146.02
14142,18,61,2023-12-06,1,435.04,15,UPI,369.78
14143,785,178,2023-12-17,2,436.46,10,PayPal,785.63
14144,345,56,2024-02-11,3,45.44,20,PayPal,109.06
14145,234,382,2024-05-23,1,211.88,0,UPI,211.88
14146,920,140,2023-07-05,1,340.06,15,UPI,289.05
14147,839,422,2025-05-01,4,62.06,15,Card,211.0
14148,135,196,2023-02-01,5,276.53,20,UPI,1106.12
14149,984,185,2023-06-01,5,403.69,20,UPI,1614.76
14150,81,425,2023-10-16,4,196.36,0,UPI,785.44
14151,312,178,2023-02-12,3,355.39,10,Cash,959.55
14152,473,306,2023-06-07,5,499.65,10,UPI,2248.43
14153,521,251,2023-06-27,2,81.4,15,UPI,138.38
14154,529,171,2024-02-17,2,11.48,10,UPI,20.66
14155,892,355,2023-12-10,3,298.6,5,PayPal,851.01
14156,436,258,2023-06-20,5,131.86,20,UPI,527.44
14157,815,398,2024-09-24,2,135.41,5,Card,257.28
14158,709,134,2023-12-16,2,376.84,20,PayPal,602.94
14159,802,259,2023-09-21,5,21.4,15,PayPal,90.95
14160,271,66,2024-07-24,2,39.82,10,PayPal,71.68
14161,395,206,2023-06-26,5,446.24,10,PayPal,2008.08
14162,379,325,2023-03-19,4,47.89,0,Card,191.56
14163,691,210,2023-07-12,4,415.73,5,Cash,1579.77
14164,817,362,2024-05-25,3,154.54,0,Cash,463.62
14165,467,30,2023-11-27,3,86.72,5,PayPal,247.15
14166,847,296,2024-08-21,4,124.38,10,Cash,447.77
14167,151,82,2024-07-30,2,358.66,15,Cash,609.72
14168,584,144,2023-07-23,1,15.15,5,Card,14.39
14169,831,149,2024-01-27,5,207.82,10,PayPal,935.19
14170,498,463,2025-01-09,5,446.24,15,Card,1896.52
14171,94,253,2023-04-27,3,39.89,0,Card,119.67
14172,633,386,2023-12-10,2,170.52,5,Card,323.99
14173,163,150,2023-06-17,5,151.14,20,Cash,604.56
14174,853,97,2023-09-20,3,132.94,0,UPI,398.82
14175,71,249,2023-03-20,2,493.57,15,Cash,839.07
14176,490,158,2024-12-10,4,197.02,20,Card,630.46
14177,909,50,2024-05-22,2,175.09,10,PayPal,315.16
14178,810,20,2023-11-03,1,270.12,20,Card,216.1
14179,73,269,2024-09-22,2,422.59,5,Cash,802.92
14180,556,101,2023-06-30,3,77.26,5,PayPal,220.19
14181,639,266,2024-04-19,5,175.9,20,UPI,703.6
14182,675,57,2024-10-27,5,195.98,5,Cash,930.9
14183,729,100,2023-11-13,5,434.13,5,UPI,2062.12
14184,561,484,2025-02-02,4,451.87,10,Card,1626.73
14185,124,229,2023-02-18,4,16.11,10,UPI,58.0
14186,394,452,2024-07-24,5,474.09,0,PayPal,2370.45
14187,795,470,2024-08-15,2,147.48,15,Card,250.72
14188,280,335,2024-08-10,2,85.65,20,UPI,137.04
14189,379,360,2023-07-01,3,189.4,10,Cash,511.38
14190,140,209,2023-02-08,4,111.27,10,UPI,400.57
14191,381,408,2024-07-11,5,134.31,15,Card,570.82
14192,166,326,2023-07-26,5,216.01,20,PayPal,864.04
14193,907,392,2024-07-10,1,149.31,10,Cash,134.38
14194,858,319,2025-06-14,2,135.9,20,Card,217.44
14195,123,137,2023-03-16,3,390.81,0,Cash,1172.43
14196,392,390,2024-12-28,3,244.44,20,Card,586.66
14197,226,133,2023-04-02,3,205.79,20,Cash,493.9
14198,328,251,2024-08-17,4,180.71,15,UPI,614.41
14199,466,2,2023-09-12,4,81.19,15,Cash,276.05
14200,957,349,2023-02-08,4,41.53,5,Cash,157.81
14201,60,330,2025-06-09,3,400.43,10,UPI,1081.16
14202,53,147,2024-02-23,4,217.88,0,PayPal,871.52
14203,845,155,2023-07-31,4,20.73,0,Card,82.92
14204,536,413,2024-10-12,2,174.67,15,PayPal,296.94
14205,457,17,2024-08-23,2,119.68,20,Cash,191.49
14206,36,186,2024-02-24,4,402.89,15,Card,1369.83
14207,253,157,2024-06-17,2,439.51,5,PayPal,835.07
14208,533,337,2025-05-29,3,165.82,20,Card,397.97
14209,228,366,2023-12-24,3,418.92,20,Cash,1005.41
14210,651,474,2024-08-01,3,18.55,10,PayPal,50.09
14211,787,11,2023-12-20,2,87.37,10,Cash,157.27
14212,158,375,2023-12-03,5,119.02,5,Cash,565.35
14213,252,113,2023-08-11,2,377.43,15,UPI,641.63
14214,604,347,2023-05-24,3,44.72,0,UPI,134.16
14215,496,32,2023-11-17,5,346.8,15,Cash,1473.9
14216,393,131,2023-05-08,1,206.84,5,UPI,196.5
14217,788,147,2025-03-27,4,212.1,0,Cash,848.4
14218,67,334,2024-01-22,4,147.77,20,Card,472.86
14219,934,7,2024-11-17,1,221.51,10,UPI,199.36
14220,228,30,2025-03-08,4,177.43,20,Card,567.78
14221,441,310,2024-08-01,1,243.71,15,Cash,207.15
14222,327,178,2025-04-02,2,402.32,0,Cash,804.64
14223,984,425,2024-06-25,5,328.79,0,Cash,1643.95
14224,491,269,2024-04-15,3,424.52,0,Cash,1273.56
14225,250,435,2025-03-12,3,117.94,10,Card,318.44
14226,261,208,2024-08-02,1,357.43,15,UPI,303.82
14227,154,159,2025-03-23,2,451.31,10,Cash,812.36
14228,253,324,2023-04-26,5,229.22,20,UPI,916.88
14229,788,247,2023-08-15,5,399.99,10,UPI,1799.96
14230,91,128,2023-05-11,3,314.86,0,UPI,944.58
14231,859,337,2023-05-27,4,370.8,10,Cash,1334.88
14232,234,161,2024-09-11,5,158.17,15,Cash,672.22
14233,470,407,2024-09-27,3,154.9,15,Cash,395.0
14234,216,396,2024-02-22,1,80.14,0,UPI,80.14
14235,694,155,2023-05-18,1,161.96,5,Cash,153.86
14236,913,320,2024-04-14,4,194.45,15,Cash,661.13
14237,595,91,2024-03-07,2,45.39,20,PayPal,72.62
14238,164,470,2024-01-20,3,161.41,15,Cash,411.6
14239,760,290,2025-03-08,4,128.33,10,PayPal,461.99
14240,822,14,2024-02-14,1,439.72,0,Cash,439.72
14241,583,70,2023-01-31,4,147.27,10,PayPal,530.17
14242,949,325,2024-05-17,4,43.92,15,PayPal,149.33
14243,984,161,2024-04-21,1,291.75,15,PayPal,247.99
14244,267,390,2023-02-08,4,243.11,15,Cash,826.57
14245,77,215,2024-12-29,4,489.36,5,PayPal,1859.57
14246,395,493,2023-04-15,3,248.4,20,Card,596.16
14247,275,437,2025-06-10,1,347.52,10,Cash,312.77
14248,239,151,2024-03-14,1,102.34,15,Card,86.99
14249,319,302,2024-01-29,2,9.1,10,Cash,16.38
14250,348,29,2025-04-06,1,54.19,0,Cash,54.19
14251,688,497,2023-09-12,1,86.63,5,PayPal,82.3
14252,253,481,2025-06-18,2,448.21,10,PayPal,806.78
14253,633,197,2024-09-27,4,287.9,5,Cash,1094.02
14254,410,151,2023-09-23,4,155.44,15,Cash,528.5
14255,547,479,2023-04-10,2,455.08,5,Card,864.65
14256,639,452,2023-12-01,5,259.95,15,PayPal,1104.79
14257,857,172,2023-03-04,4,86.78,15,Card,295.05
14258,713,251,2025-02-16,1,170.8,20,PayPal,136.64
14259,577,128,2024-09-09,2,122.23,5,PayPal,232.24
14260,966,420,2024-08-25,4,98.01,5,Card,372.44
14261,205,126,2023-04-03,4,74.93,15,UPI,254.76
14262,132,142,2023-05-09,2,238.44,0,Card,476.88
14263,261,424,2023-04-15,2,369.6,5,Card,702.24
14264,55,70,2025-01-26,1,84.8,0,PayPal,84.8
14265,852,247,2023-11-11,4,50.43,0,Card,201.72
14266,902,199,2024-07-14,1,16.22,20,UPI,12.98
14267,490,424,2024-02-08,1,454.41,20,Card,363.53
14268,744,392,2023-06-29,3,185.46,5,PayPal,528.56
14269,994,466,2024-01-13,1,490.99,0,PayPal,490.99
14270,8,93,2023-04-17,2,247.66,5,PayPal,470.55
14271,506,351,2023-10-22,1,41.66,10,UPI,37.49
14272,128,259,2024-03-21,1,429.41,15,PayPal,365.0
14273,858,211,2024-04-28,3,264.63,5,UPI,754.2
14274,955,379,2025-06-06,1,42.13,0,PayPal,42.13
14275,243,118,2024-11-22,3,341.21,20,Cash,818.9
14276,860,39,2025-05-09,4,346.63,15,Cash,1178.54
14277,623,487,2023-10-19,3,63.4,15,Card,161.67
14278,615,247,2024-07-22,1,94.04,20,UPI,75.23
14279,824,314,2024-03-25,3,344.92,0,Cash,1034.76
14280,199,323,2024-11-17,2,391.79,20,UPI,626.86
14281,583,226,2025-02-01,2,374.62,20,UPI,599.39
14282,953,101,2024-08-26,2,119.79,0,Card,239.58
14283,642,89,2024-09-09,3,104.21,15,Card,265.74
14284,997,19,2023-08-09,1,123.26,5,Cash,117.1
14285,757,98,2023-04-18,5,418.88,15,PayPal,1780.24
14286,725,116,2024-09-28,1,204.29,0,UPI,204.29
14287,244,9,2024-08-04,2,473.8,5,Card,900.22
14288,798,135,2024-07-31,1,9.9,5,PayPal,9.4
14289,362,137,2023-03-08,1,416.58,10,Cash,374.92
14290,620,170,2023-06-19,2,487.31,10,Cash,877.16
14291,164,203,2024-12-07,4,271.37,0,Card,1085.48
14292,226,28,2024-02-20,5,202.7,5,UPI,962.82
14293,84,235,2024-07-01,4,318.66,10,PayPal,1147.18
14294,149,111,2025-06-06,3,260.97,5,PayPal,743.76
14295,38,290,2025-02-15,4,311.25,5,UPI,1182.75
14296,785,336,2024-08-30,5,162.44,20,Cash,649.76
14297,503,336,2023-11-10,2,414.7,10,Card,746.46
14298,52,178,2025-02-05,3,340.5,10,Card,919.35
14299,293,330,2023-09-01,3,10.65,5,Cash,30.35
14300,319,226,2025-01-19,3,89.04,20,UPI,213.7
14301,22,247,2025-04-25,3,55.52,15,UPI,141.58
14302,896,492,2025-02-12,4,156.36,5,Cash,594.17
14303,399,66,2025-02-23,5,166.86,5,UPI,792.59
14304,53,112,2024-05-30,3,361.19,10,Cash,975.21
14305,617,452,2023-10-19,4,78.72,15,UPI,267.65
14306,99,172,2025-04-14,1,363.09,5,PayPal,344.94
14307,562,271,2025-01-21,2,95.33,0,Card,190.66
14308,661,469,2023-11-13,4,137.79,15,Cash,468.49
14309,79,315,2025-05-09,1,267.91,0,UPI,267.91
14310,636,407,2024-08-07,3,113.3,5,Card,322.9
14311,531,463,2023-11-28,3,40.99,15,Cash,104.52
14312,49,492,2023-03-28,1,496.66,20,PayPal,397.33
14313,983,296,2023-01-19,1,247.35,5,PayPal,234.98
14314,704,170,2023-12-30,3,428.63,10,Card,1157.3
14315,39,376,2023-11-04,1,212.14,5,PayPal,201.53
14316,635,418,2025-04-17,1,62.9,20,Cash,50.32
14317,58,160,2024-10-31,4,317.05,10,UPI,1141.38
14318,735,222,2025-02-28,2,225.06,0,PayPal,450.12
14319,315,277,2024-04-10,5,327.83,15,Card,1393.28
14320,786,100,2023-12-21,1,465.6,15,PayPal,395.76
14321,781,143,2024-02-01,2,43.33,5,Cash,82.33
14322,422,301,2025-03-12,3,401.7,20,Cash,964.08
14323,90,86,2023-10-28,4,118.65,0,Cash,474.6
14324,211,181,2023-11-09,1,196.54,20,PayPal,157.23
14325,608,293,2023-12-23,5,132.06,0,UPI,660.3
14326,892,19,2025-06-18,4,174.82,20,PayPal,559.42
14327,740,382,2024-12-19,1,204.24,0,PayPal,204.24
14328,755,223,2024-09-15,3,189.1,15,Card,482.2
14329,980,295,2024-04-26,5,70.83,20,Card,283.32
14330,112,487,2025-04-19,4,351.39,15,PayPal,1194.73
14331,956,93,2023-11-11,1,146.65,0,PayPal,146.65
14332,860,40,2023-01-22,4,179.62,15,PayPal,610.71
14333,737,364,2025-02-17,2,89.85,10,UPI,161.73
14334,790,355,2025-01-22,1,202.5,5,UPI,192.38
14335,16,80,2024-05-23,5,242.27,10,PayPal,1090.22
14336,958,472,2023-12-07,1,18.16,5,Card,17.25
14337,64,425,2024-01-08,2,195.12,10,UPI,351.22
14338,76,194,2024-11-01,4,474.85,15,PayPal,1614.49
14339,125,89,2023-05-23,2,116.46,20,Card,186.34
14340,557,343,2023-06-06,5,264.37,15,UPI,1123.57
14341,125,154,2024-01-13,4,45.87,15,UPI,155.96
14342,311,126,2023-11-03,4,199.11,5,Cash,756.62
14343,7,275,2023-11-10,2,418.93,15,Cash,712.18
14344,677,1,2023-04-29,4,88.87,20,Card,284.38
14345,798,386,2023-02-17,4,75.8,10,PayPal,272.88
14346,465,73,2024-02-15,2,474.87,15,PayPal,807.28
14347,425,212,2025-01-27,3,237.94,0,Card,713.82
14348,324,67,2023-06-02,5,259.58,5,UPI,1233.0
14349,189,70,2024-08-02,2,317.15,0,Cash,634.3
14350,21,364,2024-10-25,5,209.93,5,Cash,997.17
14351,274,388,2024-07-04,3,23.94,15,UPI,61.05
14352,972,470,2023-08-09,1,433.83,5,Cash,412.14
14353,887,468,2023-03-18,1,12.52,10,PayPal,11.27
14354,56,183,2023-02-21,1,182.72,15,PayPal,155.31
14355,879,52,2023-07-13,4,456.26,10,PayPal,1642.54
14356,947,251,2024-02-02,3,190.63,10,UPI,514.7
14357,859,3,2023-10-14,5,360.37,10,UPI,1621.66
14358,761,2,2025-01-19,2,499.73,10,Cash,899.51
14359,223,323,2024-07-19,1,93.38,10,Card,84.04
14360,94,269,2024-06-09,2,50.59,20,Cash,80.94
14361,987,154,2024-06-11,5,466.15,20,PayPal,1864.6
14362,763,21,2024-02-11,4,483.23,15,UPI,1642.98
14363,276,1,2023-02-12,5,69.94,15,Cash,297.25
14364,895,439,2024-02-06,4,449.4,20,UPI,1438.08
14365,800,97,2024-10-08,5,380.24,0,PayPal,1901.2
14366,424,152,2024-02-17,1,297.28,20,PayPal,237.82
14367,628,350,2023-06-26,1,243.33,0,Card,243.33
14368,324,210,2024-08-22,3,232.48,10,Cash,627.7
14369,326,109,2023-10-31,4,45.15,5,Cash,171.57
14370,912,150,2024-06-01,5,189.81,10,UPI,854.14
14371,132,339,2025-02-15,2,235.6,15,Card,400.52
14372,998,397,2023-06-28,3,144.0,0,UPI,432.0
14373,893,249,2023-02-16,1,272.95,0,Cash,272.95
14374,529,369,2023-04-27,2,389.0,10,Cash,700.2
14375,202,357,2023-08-07,2,9.91,20,UPI,15.86
14376,250,259,2023-03-17,2,327.25,10,PayPal,589.05
14377,757,349,2025-01-30,1,481.0,20,Card,384.8
14378,447,146,2024-06-09,3,350.3,10,Card,945.81
14379,16,15,2025-03-24,1,139.41,15,PayPal,118.5
14380,332,51,2023-04-20,4,472.21,0,PayPal,1888.84
14381,807,270,2024-09-04,1,24.36,10,Cash,21.92
14382,779,462,2024-01-27,5,235.0,10,PayPal,1057.5
14383,328,126,2023-02-12,3,444.35,5,Cash,1266.4
14384,812,76,2025-05-02,4,22.11,15,PayPal,75.17
14385,351,408,2024-01-09,3,89.89,5,Card,256.19
14386,615,341,2024-02-22,1,67.68,5,Card,64.3
14387,210,69,2024-12-18,5,461.8,10,UPI,2078.1
14388,192,493,2024-12-20,2,216.8,20,Cash,346.88
14389,376,253,2023-02-10,4,237.4,0,UPI,949.6
14390,823,205,2024-03-22,3,471.9,10,Card,1274.13
14391,250,23,2023-11-26,5,395.83,15,PayPal,1682.28
14392,687,304,2024-10-27,5,376.81,15,UPI,1601.44
14393,114,251,2023-04-24,1,186.12,20,PayPal,148.9
14394,419,20,2024-01-19,2,95.93,10,PayPal,172.67
14395,979,478,2024-08-30,3,498.09,0,Cash,1494.27
14396,530,395,2025-04-06,2,297.81,0,PayPal,595.62
14397,804,151,2025-01-03,4,123.11,5,Cash,467.82
14398,725,55,2023-01-31,5,146.98,20,Cash,587.92
14399,316,147,2023-01-16,2,47.35,10,Cash,85.23
14400,425,61,2023-02-09,3,312.75,10,UPI,844.43
14401,821,481,2023-03-27,1,232.4,5,Cash,220.78
14402,226,426,2024-03-21,1,334.29,10,Card,300.86
14403,470,12,2023-10-19,1,428.82,20,PayPal,343.06
14404,290,1,2023-02-23,2,162.93,0,UPI,325.86
14405,377,361,2023-10-27,3,313.1,10,UPI,845.37
14406,248,68,2024-11-14,5,271.91,15,PayPal,1155.62
14407,423,469,2024-07-20,4,63.28,20,UPI,202.5
14408,893,22,2024-12-04,1,282.3,5,Cash,268.19
14409,677,446,2025-03-12,4,73.71,0,UPI,294.84
14410,815,430,2024-04-03,1,217.37,0,PayPal,217.37
14411,306,203,2023-11-06,5,437.29,20,Cash,1749.16
14412,7,294,2025-04-09,5,440.89,10,UPI,1984.0
14413,70,344,2025-04-30,3,148.04,5,UPI,421.91
14414,418,423,2024-01-03,4,9.06,15,Card,30.8
14415,336,169,2023-02-16,4,482.83,10,UPI,1738.19
14416,275,461,2023-03-04,5,170.42,0,UPI,852.1
14417,740,110,2025-04-14,5,492.09,5,UPI,2337.43
14418,645,391,2025-06-16,3,140.12,20,PayPal,336.29
14419,547,465,2024-12-17,4,450.08,0,PayPal,1800.32
14420,675,136,2024-06-17,5,22.5,15,Card,95.62
14421,280,229,2024-01-29,2,338.27,0,Card,676.54
14422,341,286,2025-02-27,3,358.23,20,UPI,859.75
14423,836,159,2023-09-12,3,334.11,20,UPI,801.86
14424,976,22,2024-06-01,5,184.62,20,UPI,738.48
14425,739,94,2024-10-26,4,48.69,20,Card,155.81
14426,279,304,2024-02-14,1,78.15,5,Card,74.24
14427,277,6,2023-03-07,3,218.08,15,Cash,556.1
14428,208,429,2023-07-05,5,47.06,15,UPI,200.0
14429,331,83,2025-01-30,3,458.31,15,UPI,1168.69
14430,966,71,2023-06-08,1,449.71,0,UPI,449.71
14431,766,213,2023-01-24,2,179.02,20,PayPal,286.43
14432,719,447,2023-04-06,2,316.61,15,PayPal,538.24
14433,517,12,2023-01-13,1,372.28,15,Card,316.44
14434,157,35,2025-03-15,2,100.14,0,Card,200.28
14435,142,423,2025-02-17,5,459.08,20,PayPal,1836.32
14436,939,422,2024-02-03,2,13.29,20,UPI,21.26
14437,329,56,2023-01-26,5,325.0,20,Cash,1300.0
14438,775,76,2024-08-29,5,381.25,20,UPI,1525.0
14439,726,279,2024-02-27,4,427.98,0,Card,1711.92
14440,298,127,2023-10-09,5,246.68,5,PayPal,1171.73
14441,741,339,2025-06-15,1,49.39,5,PayPal,46.92
14442,239,430,2024-06-16,3,369.84,5,PayPal,1054.04
14443,801,293,2024-12-12,3,485.07,15,Card,1236.93
14444,46,421,2024-11-26,4,367.32,20,Cash,1175.42
14445,480,143,2023-10-03,4,163.35,20,UPI,522.72
14446,697,462,2023-06-10,2,45.73,0,Cash,91.46
14447,738,172,2023-07-26,2,99.43,20,Card,159.09
14448,990,253,2024-06-21,1,233.73,20,Card,186.98
14449,729,64,2024-05-31,2,234.49,10,Cash,422.08
14450,968,205,2023-04-26,1,338.15,15,Card,287.43
14451,815,498,2024-01-25,4,374.11,15,UPI,1271.97
14452,13,99,2025-02-27,1,294.86,20,Card,235.89
14453,104,32,2023-01-08,4,169.5,5,Cash,644.1
14454,946,332,2023-07-29,4,210.3,15,UPI,715.02
14455,66,354,2023-01-21,3,240.78,0,Cash,722.34
14456,173,126,2025-04-27,4,290.09,0,Card,1160.36
14457,698,211,2024-07-16,4,80.81,15,Cash,274.75
14458,465,57,2024-11-26,4,48.55,20,PayPal,155.36
14459,898,430,2024-12-19,3,134.3,5,PayPal,382.75
14460,610,99,2024-10-01,4,378.64,20,Card,1211.65
14461,218,220,2023-07-12,2,200.84,10,Cash,361.51
14462,846,389,2023-01-07,5,192.69,10,Card,867.11
14463,218,266,2024-09-27,2,62.5,15,UPI,106.25
14464,306,210,2023-03-10,2,308.1,15,UPI,523.77
14465,519,18,2023-05-21,4,346.11,0,PayPal,1384.44
14466,130,464,2024-01-20,1,457.16,5,Card,434.3
14467,308,280,2024-02-04,3,88.53,10,Cash,239.03
14468,980,343,2024-06-18,5,410.31,0,UPI,2051.55
14469,235,277,2025-01-18,2,28.41,15,Cash,48.3
14470,971,425,2023-12-25,2,239.92,20,Cash,383.87
14471,619,184,2023-07-15,4,431.69,5,UPI,1640.42
14472,314,364,2023-04-01,3,265.41,15,Cash,676.8
14473,880,320,2025-03-28,4,214.91,20,UPI,687.71
14474,741,393,2023-12-08,1,383.23,20,Cash,306.58
14475,975,104,2023-07-31,2,241.28,0,Cash,482.56
14476,915,100,2024-07-30,3,231.9,5,PayPal,660.91
14477,938,305,2023-06-11,2,83.23,0,Cash,166.46
14478,478,134,2023-05-10,4,283.02,0,Card,1132.08
14479,418,113,2024-06-18,1,321.75,20,Cash,257.4
14480,553,460,2023-12-14,5,214.6,0,Cash,1073.0
14481,864,314,2023-07-04,1,99.11,5,UPI,94.15
14482,932,96,2023-01-20,2,355.52,5,UPI,675.49
14483,83,369,2024-09-25,2,273.25,0,Card,546.5
14484,73,62,2023-09-05,3,169.5,15,PayPal,432.22
14485,53,269,2025-01-28,5,355.71,10,Card,1600.69
14486,731,470,2023-08-08,4,21.03,20,Card,67.3
14487,100,379,2023-11-03,1,41.86,20,Cash,33.49
14488,817,135,2023-09-15,4,93.97,15,PayPal,319.5
14489,7,201,2023-04-05,5,71.15,0,PayPal,355.75
14490,865,392,2025-01-16,2,266.56,5,UPI,506.46
14491,717,377,2024-12-03,4,129.34,20,Cash,413.89
14492,831,247,2024-06-30,4,345.43,0,Cash,1381.72
14493,419,357,2024-09-28,1,342.79,0,UPI,342.79
14494,594,7,2024-02-20,4,316.55,15,Cash,1076.27
14495,539,350,2025-05-29,5,254.98,0,Card,1274.9
14496,170,248,2024-02-21,5,314.4,10,Cash,1414.8
14497,936,300,2024-03-08,4,487.74,0,UPI,1950.96
14498,780,162,2024-12-12,2,86.2,15,PayPal,146.54
14499,610,316,2023-11-23,3,125.59,0,Card,376.77
14500,812,470,2024-03-25,4,155.42,20,PayPal,497.34
14501,534,53,2025-02-25,3,465.74,15,Cash,1187.64
14502,376,123,2023-05-22,1,479.21,20,PayPal,383.37
14503,678,78,2023-10-06,3,153.88,15,UPI,392.39
14504,453,107,2025-03-23,2,132.6,20,UPI,212.16
14505,830,318,2024-03-21,4,419.46,5,Card,1593.95
14506,314,366,2023-01-16,3,114.97,15,PayPal,293.17
14507,928,451,2023-04-07,2,383.99,20,Cash,614.38
14508,46,101,2023-08-01,3,463.65,0,PayPal,1390.95
14509,793,182,2025-06-08,1,375.54,5,UPI,356.76
14510,711,41,2024-04-01,5,97.2,10,PayPal,437.4
14511,88,421,2025-04-24,3,475.91,20,Cash,1142.18
14512,946,379,2023-02-16,4,369.6,0,Card,1478.4
14513,988,314,2025-06-14,2,29.21,20,UPI,46.74
14514,696,302,2023-08-31,3,370.14,0,UPI,1110.42
14515,358,483,2023-10-29,5,237.29,20,Card,949.16
14516,944,374,2024-09-24,1,263.56,20,Card,210.85
14517,597,179,2023-12-17,5,326.95,5,PayPal,1553.01
14518,787,97,2024-08-09,2,57.54,15,PayPal,97.82
14519,544,433,2025-04-05,3,170.09,0,Card,510.27
14520,642,36,2025-05-03,3,178.93,20,UPI,429.43
14521,252,205,2025-04-19,2,287.25,20,Card,459.6
14522,674,286,2025-03-26,1,239.69,5,Cash,227.71
14523,888,56,2024-01-10,4,80.42,15,UPI,273.43
14524,280,446,2023-12-19,5,155.72,15,UPI,661.81
14525,149,89,2025-05-05,1,254.01,15,PayPal,215.91
14526,884,68,2023-08-19,1,226.04,0,PayPal,226.04
14527,983,112,2023-11-24,2,361.41,20,Cash,578.26
14528,716,422,2023-12-21,5,90.81,20,PayPal,363.24
14529,572,332,2024-12-12,4,267.56,15,PayPal,909.7
14530,50,407,2023-09-03,4,18.63,20,Cash,59.62
14531,380,259,2024-04-05,5,444.61,0,PayPal,2223.05
14532,756,86,2024-08-07,3,151.98,20,Cash,364.75
14533,212,32,2024-01-22,1,145.74,15,Card,123.88
14534,125,389,2024-04-27,4,243.36,15,PayPal,827.42
14535,562,247,2023-04-09,1,430.56,5,UPI,409.03
14536,646,194,2023-03-10,5,490.5,10,UPI,2207.25
14537,469,216,2025-04-11,2,406.02,0,UPI,812.04
14538,932,367,2024-04-30,3,113.24,10,Cash,305.75
14539,474,129,2023-12-08,5,78.02,10,Card,351.09
14540,586,135,2023-08-27,4,45.87,5,Card,174.31
14541,188,292,2023-06-25,3,218.1,0,UPI,654.3
14542,662,195,2024-03-02,1,416.82,15,Cash,354.3
14543,935,131,2023-09-28,4,210.83,20,PayPal,674.66
14544,766,473,2023-01-01,5,326.91,5,PayPal,1552.82
14545,80,457,2024-04-02,5,359.16,5,PayPal,1706.01
14546,262,281,2025-03-11,4,189.16,10,Cash,680.98
14547,830,380,2023-11-09,4,189.67,20,Card,606.94
14548,416,12,2025-06-06,5,457.8,10,UPI,2060.1
14549,966,224,2023-01-25,2,422.2,20,Cash,675.52
14550,770,52,2024-04-19,2,78.69,0,UPI,157.38
14551,5,352,2023-04-26,3,151.74,10,PayPal,409.7
14552,71,82,2023-04-03,2,332.37,20,UPI,531.79
14553,629,137,2023-06-28,2,373.81,20,PayPal,598.1
14554,318,142,2023-11-22,2,30.46,5,UPI,57.87
14555,79,382,2024-04-18,1,478.3,0,Card,478.3
14556,930,392,2024-08-17,3,67.13,10,UPI,181.25
14557,147,12,2025-02-14,3,57.36,10,PayPal,154.87
14558,165,237,2024-04-15,1,168.91,15,Card,143.57
14559,977,82,2025-01-03,4,56.61,15,Card,192.47
14560,376,192,2025-01-10,5,145.92,20,PayPal,583.68
14561,850,454,2023-08-02,5,173.98,10,UPI,782.91
14562,312,270,2024-07-18,5,43.31,15,UPI,184.07
14563,917,318,2023-12-15,4,121.67,20,UPI,389.34
14564,833,456,2024-02-18,3,84.2,0,Card,252.6
14565,642,271,2023-07-10,5,355.88,5,Cash,1690.43
14566,713,342,2024-04-07,5,9.94,15,UPI,42.24
14567,469,420,2023-08-12,3,21.55,10,Cash,58.19
14568,997,465,2024-07-20,5,456.71,0,UPI,2283.55
14569,63,350,2024-01-11,4,188.53,0,PayPal,754.12
14570,882,447,2023-05-28,1,232.07,15,PayPal,197.26
14571,122,105,2024-04-28,5,59.66,20,UPI,238.64
14572,903,132,2025-01-22,5,91.85,10,Cash,413.32
14573,365,267,2023-05-31,3,308.54,0,Cash,925.62
14574,508,272,2024-04-24,4,414.66,0,UPI,1658.64
14575,177,324,2025-03-02,4,442.57,5,PayPal,1681.77
14576,328,442,2024-04-21,2,285.35,10,UPI,513.63
14577,204,82,2024-02-26,5,194.03,10,PayPal,873.13
14578,406,200,2024-12-12,5,415.7,5,UPI,1974.57
14579,879,441,2024-10-26,5,66.69,0,Card,333.45
14580,31,112,2024-09-06,4,310.82,0,Cash,1243.28
14581,22,279,2024-08-16,3,283.4,10,UPI,765.18
14582,553,87,2024-01-14,1,166.91,5,PayPal,158.56
14583,780,243,2023-02-22,1,19.44,0,Cash,19.44
14584,836,289,2024-10-20,3,278.48,0,UPI,835.44
14585,560,221,2024-10-07,2,482.13,20,PayPal,771.41
14586,259,35,2023-10-03,2,338.29,0,Cash,676.58
14587,421,313,2024-07-22,5,130.01,10,Cash,585.04
14588,125,402,2023-02-19,4,337.92,20,Cash,1081.34
14589,375,195,2024-06-14,3,52.91,0,PayPal,158.73
14590,887,48,2024-08-16,3,393.71,10,Card,1063.02
14591,586,82,2023-02-18,1,205.87,5,Card,195.58
14592,575,363,2025-01-21,1,376.5,5,PayPal,357.68
14593,73,172,2025-05-13,3,445.57,15,PayPal,1136.2
14594,179,275,2025-04-30,2,490.7,10,Cash,883.26
14595,699,341,2024-09-27,5,238.63,5,PayPal,1133.49
14596,427,245,2025-06-19,2,20.58,10,UPI,37.04
14597,715,397,2024-06-02,2,159.59,15,UPI,271.3
14598,504,284,2024-01-11,5,359.19,20,UPI,1436.76
14599,541,376,2025-01-01,1,12.95,5,Cash,12.3
14600,861,478,2023-08-18,5,24.27,0,Card,121.35
14601,461,44,2025-05-28,1,65.07,20,PayPal,52.06
14602,674,376,2024-06-18,4,277.85,15,UPI,944.69
14603,541,441,2025-03-23,3,15.44,20,Card,37.06
14604,728,192,2024-10-06,5,166.58,0,Card,832.9
14605,150,493,2023-11-11,1,58.3,0,UPI,58.3
14606,621,94,2025-03-25,2,251.21,0,PayPal,502.42
14607,979,98,2023-08-01,4,168.01,0,Card,672.04
14608,8,39,2025-04-29,2,491.01,20,UPI,785.62
14609,509,161,2024-03-02,4,244.52,5,Cash,929.18
14610,326,291,2025-03-03,1,397.78,15,Cash,338.11
14611,591,381,2024-12-01,1,252.03,5,Cash,239.43
14612,847,147,2023-11-27,5,221.15,10,Cash,995.18
14613,698,120,2023-06-16,5,243.01,10,Card,1093.55
14614,654,22,2024-06-07,1,382.76,10,PayPal,344.48
14615,788,362,2024-03-19,5,452.41,0,UPI,2262.05
14616,105,312,2023-08-26,3,158.38,0,Card,475.14
14617,664,242,2024-04-04,3,373.03,15,UPI,951.23
14618,874,345,2024-10-25,2,154.69,0,Card,309.38
14619,591,328,2023-09-09,4,72.35,0,PayPal,289.4
14620,564,476,2023-02-19,4,363.37,5,Cash,1380.81
14621,318,382,2025-01-31,1,286.05,10,PayPal,257.44
14622,69,449,2023-12-25,3,288.53,20,Card,692.47
14623,191,319,2024-02-08,5,121.23,0,UPI,606.15
14624,802,41,2024-05-16,2,423.02,15,UPI,719.13
14625,896,148,2025-02-13,3,225.52,5,UPI,642.73
14626,516,461,2023-03-16,4,322.74,0,Cash,1290.96
14627,502,483,2023-10-12,5,186.96,15,Cash,794.58
14628,707,298,2024-01-04,2,284.93,0,UPI,569.86
14629,442,28,2025-02-18,2,232.61,5,Cash,441.96
14630,57,371,2024-01-15,2,136.15,0,PayPal,272.3
14631,821,251,2023-01-23,5,233.55,0,Card,1167.75
14632,381,377,2025-01-26,2,387.53,0,PayPal,775.06
14633,956,169,2024-07-05,2,333.35,10,UPI,600.03
14634,765,259,2024-07-23,2,163.41,10,PayPal,294.14
14635,804,376,2023-06-01,2,467.23,5,Card,887.74
14636,636,282,2023-01-16,5,32.26,0,UPI,161.3
14637,533,480,2025-04-02,4,436.92,0,Card,1747.68
14638,998,65,2024-01-21,3,247.86,5,Cash,706.4
14639,575,380,2024-04-09,3,24.9,15,PayPal,63.49
14640,39,192,2023-12-10,2,304.49,10,Cash,548.08
14641,912,332,2024-12-23,4,76.96,15,UPI,261.66
14642,935,418,2023-10-21,2,388.05,5,Card,737.29
14643,442,365,2024-03-09,5,182.85,20,Cash,731.4
14644,370,381,2024-02-18,2,325.88,5,PayPal,619.17
14645,756,338,2024-01-31,5,351.44,15,UPI,1493.62
14646,371,156,2024-10-23,3,266.45,10,PayPal,719.41
14647,534,219,2024-10-31,1,107.78,20,PayPal,86.22
14648,797,211,2025-01-13,2,470.41,0,Cash,940.82
14649,967,43,2023-02-26,3,45.28,15,PayPal,115.46
14650,611,428,2024-02-07,4,243.5,5,Cash,925.3
14651,180,126,2025-03-06,4,232.09,5,Card,881.94
14652,370,227,2024-08-21,3,48.81,0,PayPal,146.43
14653,806,367,2025-01-07,4,82.2,5,Card,312.36
14654,175,342,2023-12-31,2,229.93,10,Cash,413.87
14655,35,443,2024-04-23,1,106.12,5,Cash,100.81
14656,909,460,2025-02-22,3,391.44,0,Card,1174.32
14657,219,44,2023-03-18,5,373.31,10,Cash,1679.89
14658,703,396,2024-01-28,2,458.7,20,Card,733.92
14659,375,175,2024-09-12,3,393.23,20,Cash,943.75
14660,265,469,2024-07-31,4,442.29,20,UPI,1415.33
14661,624,68,2023-06-25,3,10.42,10,Cash,28.13
14662,609,400,2025-03-04,5,40.79,0,Cash,203.95
14663,265,380,2023-03-21,4,352.28,0,Card,1409.12
14664,685,478,2023-04-10,3,464.7,15,UPI,1184.98
14665,447,456,2024-03-09,1,155.83,5,Card,148.04
14666,31,64,2024-09-01,2,492.04,15,UPI,836.47
14667,58,345,2024-08-11,2,487.83,20,Cash,780.53
14668,571,51,2024-12-03,2,329.44,5,Cash,625.94
14669,728,454,2024-08-13,2,200.52,20,PayPal,320.83
14670,198,478,2025-02-22,2,384.59,15,PayPal,653.8
14671,997,351,2024-09-24,5,32.83,5,Card,155.94
14672,760,436,2023-07-21,5,16.54,0,UPI,82.7
14673,711,196,2024-08-11,3,309.03,15,Card,788.03
14674,746,268,2025-05-16,1,303.79,5,UPI,288.6
14675,876,485,2023-04-28,2,492.72,15,Card,837.62
14676,447,58,2023-10-18,3,241.84,10,UPI,652.97
14677,749,285,2023-08-30,4,359.79,5,PayPal,1367.2
14678,191,70,2024-08-17,4,229.93,10,UPI,827.75
14679,550,272,2024-03-19,3,184.7,5,Card,526.39
14680,32,183,2024-05-31,1,76.73,10,PayPal,69.06
14681,814,154,2024-06-15,4,292.61,20,Card,936.35
14682,151,105,2023-07-20,3,353.59,20,UPI,848.62
14683,633,306,2024-09-03,3,181.55,5,Card,517.42
14684,138,158,2024-06-09,2,471.28,0,Card,942.56
14685,712,468,2023-05-25,1,109.54,5,Cash,104.06
14686,412,180,2024-12-10,1,143.21,0,PayPal,143.21
14687,81,302,2024-11-23,5,486.34,0,Card,2431.7
14688,587,406,2024-07-08,3,51.38,20,Card,123.31
14689,347,447,2024-01-06,5,35.78,10,Cash,161.01
14690,491,291,2024-03-23,3,186.13,0,PayPal,558.39
14691,983,384,2023-04-13,1,385.95,0,Cash,385.95
14692,995,57,2023-03-21,4,171.03,15,UPI,581.5
14693,215,432,2025-02-22,1,243.94,15,Card,207.35
14694,613,21,2024-06-07,5,363.21,5,Cash,1725.25
14695,313,45,2023-04-27,5,277.28,15,UPI,1178.44
14696,920,102,2023-08-29,2,365.32,5,Card,694.11
14697,693,68,2025-03-29,2,38.91,15,Card,66.15
14698,326,94,2024-07-08,3,464.18,20,Cash,1114.03
14699,372,261,2023-04-15,1,237.15,5,UPI,225.29
14700,626,97,2024-10-06,3,56.66,0,PayPal,169.98
14701,960,327,2024-06-11,1,308.08,5,Card,292.68
14702,373,333,2023-09-12,3,234.32,10,Cash,632.66
14703,945,100,2024-10-25,3,428.81,15,PayPal,1093.47
14704,125,145,2023-08-31,5,175.62,15,Card,746.38
14705,430,62,2025-04-30,5,53.21,20,Cash,212.84
14706,997,113,2025-03-13,1,75.59,0,PayPal,75.59
14707,90,403,2024-01-01,5,269.75,0,UPI,1348.75
14708,285,8,2023-02-10,2,61.11,5,UPI,116.11
14709,73,418,2024-12-16,2,51.87,20,PayPal,82.99
14710,798,30,2025-04-30,2,418.27,0,UPI,836.54
14711,116,416,2024-12-29,2,258.5,5,Cash,491.15
14712,637,302,2024-09-11,1,488.99,0,Cash,488.99
14713,55,327,2024-10-24,3,73.58,0,PayPal,220.74
14714,578,424,2024-08-08,3,347.02,15,PayPal,884.9
14715,270,178,2023-03-14,4,181.57,5,PayPal,689.97
14716,498,62,2024-03-19,3,75.33,20,PayPal,180.79
14717,430,457,2024-02-24,5,436.95,15,Card,1857.04
14718,52,329,2024-07-25,4,321.37,10,PayPal,1156.93
14719,83,326,2024-10-31,5,408.56,10,UPI,1838.52
14720,654,332,2025-02-09,4,112.89,0,UPI,451.56
14721,840,61,2025-02-19,1,145.23,20,Cash,116.18
14722,556,492,2025-03-01,5,380.5,5,Card,1807.38
14723,906,87,2023-01-24,4,436.64,20,PayPal,1397.25
14724,87,463,2023-06-13,3,499.94,5,Cash,1424.83
14725,732,31,2025-05-20,1,6.77,15,Cash,5.75
14726,210,296,2024-08-02,4,87.61,5,PayPal,332.92
14727,669,426,2023-07-05,2,358.43,5,UPI,681.02
14728,258,331,2023-11-07,5,296.1,0,Card,1480.5
14729,257,75,2023-04-14,4,204.33,5,Cash,776.45
14730,657,392,2024-03-14,4,414.28,15,Cash,1408.55
14731,622,479,2023-02-24,5,222.68,20,Card,890.72
14732,439,154,2023-04-14,4,147.77,0,UPI,591.08
14733,794,413,2024-03-20,1,97.93,5,Cash,93.03
14734,746,149,2023-08-18,5,47.51,10,Card,213.79
14735,645,345,2023-12-01,3,129.03,20,PayPal,309.67
14736,305,340,2025-03-02,2,323.02,15,PayPal,549.13
14737,286,204,2024-05-04,1,338.71,0,PayPal,338.71
14738,23,150,2023-09-17,3,88.51,0,Card,265.53
14739,417,378,2025-02-25,4,207.51,10,Card,747.04
14740,189,344,2024-01-27,4,360.36,20,UPI,1153.15
14741,49,131,2023-04-22,3,366.95,15,PayPal,935.72
14742,541,262,2023-04-19,4,164.81,0,Card,659.24
14743,788,401,2025-03-28,4,250.72,0,Cash,1002.88
14744,607,376,2023-10-20,4,258.26,20,PayPal,826.43
14745,976,391,2024-04-12,1,11.85,10,PayPal,10.66
14746,295,124,2024-06-22,1,6.39,15,Cash,5.43
14747,86,253,2023-09-03,1,259.3,5,UPI,246.34
14748,336,67,2023-09-26,4,149.36,5,UPI,567.57
14749,32,425,2023-03-18,4,5.69,20,Cash,18.21
14750,186,42,2023-07-17,3,479.44,20,Card,1150.66
14751,219,73,2023-02-09,3,406.48,15,Cash,1036.52
14752,116,129,2024-12-08,3,14.12,20,UPI,33.89
14753,464,75,2023-02-25,4,281.07,10,Cash,1011.85
14754,478,78,2023-02-14,4,397.59,20,PayPal,1272.29
14755,764,386,2024-07-08,2,15.42,10,Card,27.76
14756,551,75,2025-01-19,2,311.01,15,UPI,528.72
14757,505,219,2023-09-02,4,37.43,15,PayPal,127.26
14758,308,143,2024-11-17,5,230.69,15,PayPal,980.43
14759,606,252,2025-04-01,1,127.15,10,Card,114.44
14760,291,145,2024-07-29,5,290.85,15,UPI,1236.11
14761,452,373,2023-04-29,5,351.18,5,Cash,1668.11
14762,257,148,2024-10-07,1,159.65,20,Card,127.72
14763,292,87,2023-01-30,2,49.04,20,Cash,78.46
14764,726,362,2024-01-08,1,102.74,20,Cash,82.19
14765,121,350,2023-11-18,5,465.48,0,PayPal,2327.4
14766,600,492,2023-06-13,4,61.1,20,Cash,195.52
14767,37,119,2023-03-13,1,432.35,15,Cash,367.5
14768,107,226,2023-04-04,3,78.25,15,PayPal,199.54
14769,734,252,2024-01-25,1,396.54,5,Card,376.71
14770,446,461,2025-01-29,3,333.3,0,Cash,999.9
14771,111,258,2025-06-16,5,195.07,15,Cash,829.05
14772,688,440,2025-04-27,1,111.08,15,Card,94.42
14773,843,100,2024-01-24,3,300.99,20,PayPal,722.38
14774,756,244,2025-01-06,5,205.2,0,PayPal,1026.0
14775,990,61,2025-04-02,4,418.07,20,Cash,1337.82
14776,562,46,2025-04-14,5,331.55,5,UPI,1574.86
14777,485,315,2023-10-19,1,352.82,20,PayPal,282.26
14778,53,143,2024-02-14,2,186.69,10,PayPal,336.04
14779,117,286,2023-11-03,5,145.41,0,Card,727.05
14780,519,345,2025-03-03,1,251.18,0,Cash,251.18
14781,603,141,2023-08-17,1,310.8,0,UPI,310.8
14782,19,121,2024-03-27,2,349.07,10,Cash,628.33
14783,200,431,2023-09-16,4,244.93,15,PayPal,832.76
14784,758,162,2025-03-04,2,357.87,5,UPI,679.95
14785,884,249,2025-02-28,1,291.02,20,UPI,232.82
14786,105,216,2024-04-14,4,342.18,10,PayPal,1231.85
14787,904,199,2023-11-02,4,129.85,15,UPI,441.49
14788,651,72,2023-12-16,3,313.5,15,Card,799.42
14789,645,472,2024-12-10,1,264.43,5,Cash,251.21
14790,907,364,2023-09-05,5,245.09,5,UPI,1164.18
14791,335,369,2024-02-17,2,319.39,15,UPI,542.96
14792,707,312,2023-01-15,4,116.02,20,Cash,371.26
14793,115,311,2024-10-19,4,208.69,10,Card,751.28
14794,808,153,2024-12-04,2,412.32,5,UPI,783.41
14795,200,158,2025-03-24,2,181.52,5,Card,344.89
14796,554,242,2024-06-15,3,187.11,10,Cash,505.2
14797,968,148,2024-12-29,3,452.37,15,Cash,1153.54
14798,880,79,2025-02-08,1,318.93,20,PayPal,255.14
14799,528,238,2024-10-09,4,478.72,10,Card,1723.39
14800,46,282,2025-01-22,4,42.6,5,Cash,161.88
14801,612,14,2023-01-18,5,299.44,20,Cash,1197.76
14802,673,159,2023-12-29,3,467.67,20,Cash,1122.41
14803,413,261,2024-11-16,1,112.61,10,Card,101.35
14804,886,458,2023-11-28,5,408.81,0,PayPal,2044.05
14805,534,217,2023-03-22,3,182.07,15,PayPal,464.28
14806,730,363,2023-01-31,2,442.66,5,PayPal,841.05
14807,629,352,2023-08-23,3,333.61,0,PayPal,1000.83
14808,958,5,2024-11-09,4,232.24,15,Card,789.62
14809,615,355,2025-05-07,1,67.39,0,Card,67.39
14810,874,471,2023-03-29,3,212.58,15,Card,542.08
14811,70,323,2024-07-04,3,379.48,20,PayPal,910.75
14812,871,283,2024-01-10,3,74.83,5,UPI,213.27
14813,388,51,2024-08-23,2,469.32,10,UPI,844.78
14814,513,4,2023-04-23,1,65.74,20,UPI,52.59
14815,614,112,2024-08-11,1,244.84,20,UPI,195.87
14816,216,483,2025-03-04,4,154.78,20,UPI,495.3
14817,6,161,2023-02-20,4,411.38,10,PayPal,1480.97
14818,423,129,2024-03-30,4,40.49,15,Card,137.67
14819,791,112,2024-03-11,5,379.59,15,UPI,1613.26
14820,215,298,2024-05-17,2,14.22,20,Card,22.75
14821,779,481,2023-02-14,1,399.43,20,UPI,319.54
14822,414,128,2024-09-11,5,197.01,20,UPI,788.04
14823,751,26,2023-03-26,5,209.43,10,PayPal,942.44
14824,379,187,2023-07-16,1,297.96,15,UPI,253.27
14825,379,246,2023-12-23,4,184.82,0,UPI,739.28
14826,948,322,2024-05-19,2,432.9,20,PayPal,692.64
14827,981,146,2023-06-16,1,161.84,15,UPI,137.56
14828,988,397,2023-07-26,4,345.97,0,Cash,1383.88
14829,266,129,2023-06-21,3,306.14,15,Card,780.66
14830,333,122,2024-11-09,1,81.78,0,PayPal,81.78
14831,88,488,2024-02-04,2,477.06,0,UPI,954.12
14832,862,35,2025-05-02,2,74.2,0,UPI,148.4
14833,740,419,2024-09-15,1,235.06,0,Cash,235.06
14834,215,293,2023-06-30,3,149.1,15,Card,380.2
14835,112,250,2024-10-17,1,131.33,15,PayPal,111.63
14836,99,459,2024-03-27,3,75.0,10,UPI,202.5
14837,502,116,2024-06-29,5,152.98,5,Cash,726.65
14838,806,244,2023-12-20,4,120.97,5,UPI,459.69
14839,836,85,2024-08-03,3,74.87,0,PayPal,224.61
14840,327,39,2023-03-21,4,24.89,15,UPI,84.63
14841,642,333,2023-04-09,5,490.09,15,Card,2082.88
14842,887,422,2023-04-22,4,467.77,20,Cash,1496.86
14843,356,128,2025-01-18,2,499.71,20,Card,799.54
14844,528,78,2023-08-10,1,201.07,0,PayPal,201.07
14845,230,89,2024-12-30,2,238.93,15,UPI,406.18
14846,592,183,2023-10-11,3,78.49,0,UPI,235.47
14847,446,296,2024-04-17,4,494.85,15,Cash,1682.49
14848,39,219,2023-05-24,4,87.24,0,PayPal,348.96
14849,855,272,2023-05-12,3,224.45,20,Cash,538.68
14850,868,389,2024-06-19,3,138.78,5,PayPal,395.52
14851,996,210,2023-05-31,2,99.52,10,PayPal,179.14
14852,849,374,2025-01-30,4,216.45,20,Cash,692.64
14853,315,333,2025-06-16,1,175.29,10,Cash,157.76
14854,291,42,2025-02-07,1,92.36,10,PayPal,83.12
14855,967,131,2023-03-20,4,447.48,20,Card,1431.94
14856,803,270,2023-02-07,4,194.13,5,PayPal,737.69
14857,441,304,2023-05-12,4,368.89,10,Card,1328.0
14858,772,54,2023-03-21,4,477.1,20,UPI,1526.72
14859,205,66,2024-06-25,4,208.49,5,Card,792.26
14860,177,86,2023-05-27,1,107.04,15,UPI,90.98
14861,932,139,2024-08-14,5,32.77,0,Card,163.85
14862,141,126,2024-09-05,1,12.98,20,PayPal,10.38
14863,420,329,2023-09-02,4,123.13,5,PayPal,467.89
14864,102,461,2023-03-27,3,187.42,15,UPI,477.92
14865,647,280,2025-04-30,2,29.1,5,Card,55.29
14866,753,253,2025-04-22,5,326.86,15,Card,1389.16
14867,298,468,2024-03-22,4,221.82,5,UPI,842.92
14868,675,467,2025-01-01,3,283.65,10,Card,765.85
14869,848,306,2023-06-07,3,448.0,5,UPI,1276.8
14870,327,329,2023-07-28,5,486.82,0,UPI,2434.1
14871,383,468,2023-01-02,3,243.35,10,Card,657.04
14872,852,350,2024-04-16,3,333.12,0,Card,999.36
14873,280,492,2023-11-17,4,414.33,20,Cash,1325.86
14874,260,193,2024-03-29,1,39.13,20,Card,31.3
14875,358,105,2023-09-06,2,82.02,15,Card,139.43
14876,258,245,2024-07-19,4,489.01,0,Cash,1956.04
14877,492,6,2024-11-13,3,30.65,5,Card,87.35
14878,563,470,2023-01-16,3,213.67,0,UPI,641.01
14879,264,217,2023-12-18,2,79.31,0,PayPal,158.62
14880,69,346,2023-07-04,1,393.46,15,PayPal,334.44
14881,794,87,2023-04-04,4,212.67,5,PayPal,808.15
14882,926,271,2023-12-11,4,493.72,0,PayPal,1974.88
14883,675,179,2025-02-07,4,427.04,5,UPI,1622.75
14884,286,212,2023-01-13,4,47.54,15,UPI,161.64
14885,693,291,2024-07-09,1,384.88,5,PayPal,365.64
14886,399,285,2023-01-12,5,381.31,5,Card,1811.22
14887,474,243,2023-04-01,2,211.5,5,UPI,401.85
14888,580,418,2024-01-28,1,380.37,0,UPI,380.37
14889,834,187,2025-01-05,5,23.47,20,UPI,93.88
14890,886,480,2023-11-26,5,266.78,20,Cash,1067.12
14891,918,127,2023-08-10,1,462.97,15,Cash,393.52
14892,280,231,2024-02-04,2,76.93,0,Cash,153.86
14893,180,93,2024-01-03,2,191.61,20,Card,306.58
14894,765,49,2024-10-07,5,310.47,15,PayPal,1319.5
14895,202,290,2024-07-06,5,457.68,15,Card,1945.14
14896,978,453,2023-08-06,3,411.11,10,PayPal,1110.0
14897,969,15,2024-11-30,2,383.6,20,PayPal,613.76
14898,905,331,2023-05-18,1,29.8,10,UPI,26.82
14899,934,159,2024-05-31,1,50.35,0,UPI,50.35
14900,56,415,2025-04-18,3,23.77,0,PayPal,71.31
14901,574,46,2025-05-31,3,442.65,15,PayPal,1128.76
14902,880,286,2023-10-08,2,225.39,20,PayPal,360.62
14903,99,22,2025-06-14,5,332.14,20,Cash,1328.56
14904,8,43,2023-04-22,2,130.57,20,UPI,208.91
14905,227,375,2023-03-27,1,434.37,15,Card,369.21
14906,666,495,2024-12-14,5,486.82,10,PayPal,2190.69
14907,640,495,2025-03-15,3,303.65,20,Card,728.76
14908,623,169,2024-01-08,3,81.71,0,UPI,245.13
14909,112,283,2024-06-30,1,102.87,0,Card,102.87
14910,936,186,2023-06-09,5,30.25,5,Cash,143.69
14911,635,466,2023-05-31,3,303.89,20,PayPal,729.34
14912,117,311,2023-04-26,5,444.36,5,PayPal,2110.71
14913,231,250,2024-01-07,4,362.21,5,Card,1376.4
14914,776,205,2024-10-29,5,358.62,0,Cash,1793.1
14915,891,219,2024-03-13,1,308.26,5,Card,292.85
14916,363,200,2024-04-12,2,403.28,20,Card,645.25
14917,577,344,2025-03-01,5,396.18,15,UPI,1683.77
14918,55,77,2025-03-29,4,57.92,0,PayPal,231.68
14919,203,12,2024-08-08,1,361.23,20,UPI,288.98
14920,381,25,2025-01-11,5,326.32,0,Card,1631.6
14921,789,181,2024-12-02,2,148.22,20,PayPal,237.15
14922,604,285,2024-06-29,4,132.75,15,Card,451.35
14923,723,128,2024-09-29,5,77.85,10,Card,350.32
14924,456,238,2024-03-27,2,310.51,5,UPI,589.97
14925,523,107,2025-01-18,2,92.45,5,Cash,175.66
14926,990,403,2023-01-19,1,376.67,20,PayPal,301.34
14927,16,142,2023-01-10,4,159.22,10,PayPal,573.19
14928,302,176,2023-07-29,3,389.14,5,PayPal,1109.05
14929,940,36,2025-06-19,5,120.0,0,PayPal,600.0
14930,304,267,2024-07-01,1,264.88,20,Card,211.9
14931,980,112,2023-02-18,4,93.79,20,Card,300.13
14932,381,484,2023-04-29,5,183.23,15,Card,778.73
14933,77,275,2023-02-05,1,136.29,10,PayPal,122.66
14934,510,436,2023-01-19,1,80.88,15,Card,68.75
14935,115,10,2024-06-01,4,460.6,0,Card,1842.4
14936,703,120,2024-05-23,2,149.81,0,Cash,299.62
14937,594,388,2025-06-07,3,28.72,5,UPI,81.85
14938,46,70,2023-01-05,2,398.09,10,PayPal,716.56
14939,21,178,2024-08-14,3,451.89,20,Cash,1084.54
14940,489,210,2023-05-26,3,154.03,20,UPI,369.67
14941,660,142,2024-09-23,4,303.89,20,UPI,972.45
14942,684,479,2024-11-28,4,463.71,20,Cash,1483.87
14943,943,60,2024-01-16,5,163.1,5,Card,774.72
14944,708,142,2023-09-26,4,426.76,15,Cash,1450.98
14945,860,353,2025-04-18,2,409.02,0,Card,818.04
14946,388,442,2023-03-11,5,118.92,15,Cash,505.41
14947,802,386,2024-09-05,5,463.76,5,UPI,2202.86
14948,657,474,2024-07-24,3,430.32,20,UPI,1032.77
14949,333,39,2025-03-15,4,246.25,10,UPI,886.5
14950,37,191,2023-03-24,3,167.26,15,Card,426.51
14951,901,233,2023-12-11,5,477.51,10,UPI,2148.8
14952,806,109,2025-04-08,4,402.33,10,Cash,1448.39
14953,413,198,2025-06-02,2,325.96,10,Cash,586.73
14954,76,476,2024-10-01,4,461.71,20,PayPal,1477.47
14955,785,6,2024-06-07,2,469.0,20,Card,750.4
14956,109,380,2025-01-29,5,47.21,5,UPI,224.25
14957,38,367,2024-02-09,2,343.84,20,UPI,550.14
14958,867,411,2024-03-22,5,169.83,0,Cash,849.15
14959,365,93,2024-10-28,4,258.34,0,PayPal,1033.36
14960,174,491,2023-05-21,2,346.28,5,PayPal,657.93
14961,184,452,2025-04-07,5,218.71,0,PayPal,1093.55
14962,224,304,2025-04-01,2,97.18,5,PayPal,184.64
14963,769,78,2023-05-03,4,188.27,10,UPI,677.77
14964,159,480,2025-01-31,1,461.41,10,PayPal,415.27
14965,862,310,2024-10-15,1,105.68,10,PayPal,95.11
14966,988,355,2023-08-22,1,76.76,15,Cash,65.25
14967,470,105,2025-01-31,5,215.68,15,Card,916.64
14968,446,286,2024-05-22,3,94.7,15,Cash,241.49
14969,650,271,2023-05-23,2,460.55,10,UPI,828.99
14970,550,101,2023-08-23,3,114.35,15,PayPal,291.59
14971,104,484,2024-01-01,3,83.82,20,Card,201.17
14972,217,46,2023-04-17,4,145.28,20,UPI,464.9
14973,729,67,2023-10-25,4,38.61,20,Cash,123.55
14974,377,230,2023-11-01,3,385.05,20,UPI,924.12
14975,834,183,2024-12-04,2,355.85,0,PayPal,711.7
14976,431,275,2024-06-06,4,124.37,0,UPI,497.48
14977,52,146,2023-10-31,4,388.66,20,UPI,1243.71
14978,95,277,2023-01-10,1,298.58,20,UPI,238.86
14979,959,24,2025-04-22,3,487.62,5,Card,1389.72
14980,947,203,2024-09-11,2,174.01,5,Cash,330.62
14981,98,56,2023-06-05,2,174.17,10,UPI,313.51
14982,890,23,2024-03-27,5,347.29,15,UPI,1475.98
14983,935,261,2024-08-13,2,148.89,20,Card,238.22
14984,878,105,2025-01-21,3,199.66,0,UPI,598.98
14985,488,32,2023-12-07,3,385.48,5,Cash,1098.62
14986,889,25,2023-03-11,3,84.05,20,PayPal,201.72
14987,972,231,2024-12-17,2,383.22,10,Card,689.8
14988,337,493,2023-05-01,2,51.95,15,Card,88.31
14989,923,35,2025-02-14,2,325.81,5,Card,619.04
14990,348,183,2024-01-11,4,92.23,20,Card,295.14
14991,737,434,2023-06-26,1,271.97,5,Card,258.37
14992,248,151,2024-10-26,3,10.14,20,UPI,24.34
14993,244,292,2023-03-31,1,457.63,5,Cash,434.75
14994,663,428,2023-06-21,3,151.37,15,Cash,385.99
14995,58,55,2023-05-16,1,76.05,0,Card,76.05
14996,119,123,2023-10-31,4,270.28,20,UPI,864.9
14997,540,487,2025-05-05,2,121.21,15,Cash,206.06
14998,925,290,2023-05-09,4,320.01,0,PayPal,1280.04
14999,755,52,2023-01-29,3,14.12,20,Card,33.89
15000,557,481,2024-06-15,1,464.94,20,Card,371.95
15001,54,176,2024-11-01,5,488.43,20,Card,1953.72
15002,728,285,2025-03-22,3,333.36,5,UPI,950.08
15003,924,300,2023-07-26,5,176.28,5,Card,837.33
15004,138,410,2023-08-04,4,97.52,0,Cash,390.08
15005,895,88,2024-05-04,1,139.57,0,UPI,139.57
15006,236,315,2023-12-30,3,430.81,0,Card,1292.43
15007,63,40,2024-05-13,5,84.81,10,UPI,381.65
15008,227,21,2023-07-09,5,360.93,0,UPI,1804.65
15009,338,24,2025-02-17,3,288.2,0,PayPal,864.6
15010,61,302,2023-10-28,1,382.2,0,PayPal,382.2
15011,616,258,2023-03-11,5,226.94,20,Card,907.76
15012,722,152,2023-10-14,1,219.79,0,PayPal,219.79
15013,392,473,2025-01-21,5,295.4,20,Card,1181.6
15014,839,111,2024-08-02,1,292.22,5,UPI,277.61
15015,944,486,2023-05-04,5,114.7,0,Cash,573.5
15016,138,78,2024-02-13,1,422.71,15,Cash,359.3
15017,640,86,2023-09-11,5,402.47,0,Cash,2012.35
15018,899,462,2025-06-09,4,168.33,0,Cash,673.32
15019,538,30,2023-11-07,4,366.76,5,PayPal,1393.69
15020,377,112,2024-10-09,3,473.36,20,Cash,1136.06
15021,935,71,2024-02-16,2,435.32,15,Card,740.04
15022,779,347,2025-03-17,1,51.14,5,Card,48.58
15023,637,165,2024-08-24,3,318.46,0,UPI,955.38
15024,449,298,2023-06-06,4,263.23,15,UPI,894.98
15025,706,402,2025-04-29,1,202.16,5,PayPal,192.05
15026,605,345,2023-07-29,4,352.54,20,PayPal,1128.13
15027,622,150,2023-02-23,2,69.72,20,UPI,111.55
15028,160,57,2023-06-27,2,101.86,0,PayPal,203.72
15029,902,155,2024-02-09,2,208.15,10,UPI,374.67
15030,772,380,2023-03-23,1,18.12,10,Card,16.31
15031,457,76,2023-06-29,4,405.2,15,UPI,1377.68
15032,288,409,2024-11-18,1,277.41,5,Card,263.54
15033,1,241,2025-05-22,4,228.67,20,UPI,731.74
15034,807,160,2024-06-12,3,369.49,10,UPI,997.62
15035,926,279,2024-03-09,2,163.17,5,Cash,310.02
15036,733,265,2025-02-23,4,244.35,20,PayPal,781.92
15037,312,90,2023-03-01,3,489.58,10,PayPal,1321.87
15038,326,155,2025-02-02,2,318.12,15,Cash,540.8
15039,110,233,2023-11-14,1,254.88,10,Cash,229.39
15040,161,321,2024-02-06,1,226.6,0,PayPal,226.6
15041,956,323,2024-08-19,2,481.33,0,Cash,962.66
15042,361,141,2025-04-20,1,227.21,5,PayPal,215.85
15043,938,344,2023-11-26,4,59.95,15,UPI,203.83
15044,463,267,2023-11-30,1,395.7,10,Cash,356.13
15045,773,308,2023-12-09,3,377.06,15,PayPal,961.5
15046,296,64,2024-01-02,2,124.56,0,PayPal,249.12
15047,677,246,2023-02-24,1,415.64,10,PayPal,374.08
15048,511,280,2025-06-13,2,483.76,20,PayPal,774.02
15049,629,410,2025-03-06,2,496.15,20,Cash,793.84
15050,777,250,2023-07-27,5,68.7,10,UPI,309.15
15051,355,79,2024-06-11,5,28.39,15,UPI,120.66
15052,17,324,2024-04-12,5,474.14,10,Cash,2133.63
15053,439,97,2024-04-17,1,404.06,5,Cash,383.86
15054,12,32,2024-07-09,5,126.85,15,Cash,539.11
15055,169,447,2024-04-08,2,368.54,5,PayPal,700.23
15056,336,165,2024-08-08,1,492.93,5,Cash,468.28
15057,486,100,2024-10-17,4,315.23,20,Cash,1008.74
15058,259,78,2024-03-24,2,21.08,20,Cash,33.73
15059,850,255,2025-03-19,3,178.85,0,UPI,536.55
15060,963,29,2023-06-20,4,493.64,0,Cash,1974.56
15061,968,324,2024-07-10,3,287.59,20,Cash,690.22
15062,324,128,2024-02-29,4,53.92,5,UPI,204.9
15063,768,97,2024-10-10,4,202.32,0,PayPal,809.28
15064,419,453,2023-08-02,2,67.53,20,Cash,108.05
15065,775,415,2024-08-17,1,280.1,20,UPI,224.08
15066,613,226,2024-02-16,2,13.63,20,PayPal,21.81
15067,489,328,2024-01-18,2,387.78,0,Cash,775.56
15068,987,437,2023-10-29,3,253.44,5,UPI,722.3
15069,747,357,2024-04-17,1,128.94,20,PayPal,103.15
15070,631,2,2025-02-03,3,54.21,10,PayPal,146.37
15071,989,109,2024-01-16,3,136.24,0,Cash,408.72
15072,975,402,2023-02-15,3,99.8,15,UPI,254.49
15073,100,500,2023-06-16,5,438.38,0,Card,2191.9
15074,224,447,2024-04-17,3,24.43,0,UPI,73.29
15075,123,455,2024-10-08,5,203.76,15,Cash,865.98
15076,813,376,2025-01-19,5,134.9,20,Card,539.6
15077,813,319,2023-09-24,2,112.51,5,Card,213.77
15078,656,40,2023-06-15,4,444.46,5,PayPal,1688.95
15079,233,378,2023-05-13,1,153.74,20,UPI,122.99
15080,800,126,2025-01-21,5,243.08,15,Cash,1033.09
15081,300,279,2024-02-19,4,105.43,20,Card,337.38
15082,25,481,2024-01-26,2,287.82,5,PayPal,546.86
15083,646,466,2024-05-02,5,419.86,20,UPI,1679.44
15084,97,487,2023-12-07,4,492.19,15,UPI,1673.45
15085,485,204,2025-04-29,2,38.22,10,Card,68.8
15086,994,345,2024-05-19,2,459.92,10,PayPal,827.86
15087,218,34,2023-10-13,4,63.55,0,Cash,254.2
15088,538,350,2023-05-20,2,202.04,0,Cash,404.08
15089,443,308,2024-07-06,1,322.81,15,Card,274.39
15090,332,325,2025-01-30,3,285.79,15,PayPal,728.76
15091,921,414,2023-11-22,4,55.73,20,PayPal,178.34
15092,333,230,2023-02-08,4,485.96,10,Cash,1749.46
15093,284,472,2023-08-28,1,449.95,20,PayPal,359.96
15094,851,60,2023-12-15,3,102.53,20,PayPal,246.07
15095,965,275,2023-08-09,2,127.18,0,PayPal,254.36
15096,968,89,2023-12-16,2,13.1,0,Card,26.2
15097,898,290,2023-07-29,4,237.54,15,Cash,807.64
15098,188,435,2024-06-07,2,441.12,10,PayPal,794.02
15099,713,193,2023-06-20,3,330.82,10,PayPal,893.21
15100,948,90,2023-11-17,3,276.27,20,Card,663.05
15101,478,274,2025-05-08,4,295.45,15,UPI,1004.53
15102,44,425,2023-01-12,2,124.5,0,Cash,249.0
15103,483,500,2025-03-07,2,139.79,15,Cash,237.64
15104,436,449,2024-11-17,3,7.1,10,Cash,19.17
15105,440,347,2024-04-21,4,215.92,0,UPI,863.68
15106,476,264,2023-05-02,1,169.2,15,PayPal,143.82
15107,888,331,2024-09-08,5,453.57,20,Card,1814.28
15108,280,53,2023-01-01,4,11.83,0,PayPal,47.32
15109,681,107,2024-04-01,4,37.47,0,PayPal,149.88
15110,923,207,2025-05-05,5,216.41,0,Card,1082.05
15111,109,189,2023-01-30,2,319.78,10,Card,575.6
15112,867,94,2024-09-27,5,181.4,20,Cash,725.6
15113,198,100,2023-04-30,4,233.29,0,UPI,933.16
15114,747,371,2024-12-18,2,347.05,5,UPI,659.39
15115,348,253,2023-09-19,1,40.18,0,Card,40.18
15116,299,158,2023-01-01,3,125.67,0,Card,377.01
15117,836,164,2024-09-19,2,128.5,0,Cash,257.0
15118,409,152,2023-04-20,3,451.26,15,Cash,1150.71
15119,636,176,2025-03-17,1,237.29,0,Cash,237.29
15120,207,452,2023-07-23,1,43.47,5,Card,41.3
15121,155,152,2024-09-05,3,293.41,10,PayPal,792.21
15122,529,44,2024-07-20,2,95.53,15,UPI,162.4
15123,186,453,2025-02-03,2,330.49,15,PayPal,561.83
15124,799,340,2025-06-06,3,306.8,15,PayPal,782.34
15125,850,189,2025-01-18,4,86.77,15,UPI,295.02
15126,632,314,2024-10-07,5,223.5,15,UPI,949.88
15127,658,409,2023-07-18,3,174.4,5,UPI,497.04
15128,624,462,2024-06-20,5,80.69,10,UPI,363.11
15129,112,379,2023-03-07,5,391.16,0,PayPal,1955.8
15130,401,313,2025-03-18,3,285.52,5,PayPal,813.73
15131,259,9,2024-05-04,2,21.7,15,UPI,36.89
15132,878,246,2024-05-22,4,176.95,5,Cash,672.41
15133,45,392,2023-12-31,1,325.92,5,UPI,309.62
15134,988,45,2025-05-12,3,107.65,10,Card,290.66
15135,559,164,2025-01-25,4,112.21,5,UPI,426.4
15136,483,185,2023-10-18,3,75.93,10,PayPal,205.01
15137,862,486,2024-05-28,5,97.96,0,Cash,489.8
15138,546,93,2023-07-10,4,324.17,5,Cash,1231.85
15139,862,68,2023-08-29,3,462.62,0,UPI,1387.86
15140,199,123,2024-10-30,3,360.5,10,PayPal,973.35
15141,745,372,2025-04-17,5,226.72,5,Card,1076.92
15142,371,261,2025-04-08,1,167.25,0,Card,167.25
15143,710,97,2025-03-15,2,462.68,0,Cash,925.36
15144,640,281,2023-06-25,5,463.22,15,Cash,1968.69
15145,729,308,2023-12-13,3,214.23,10,Card,578.42
15146,586,56,2023-10-02,2,425.19,15,PayPal,722.82
15147,910,407,2024-07-29,5,185.28,0,PayPal,926.4
15148,167,461,2024-08-11,2,491.6,5,Cash,934.04
15149,510,325,2025-01-09,5,143.45,20,UPI,573.8
15150,644,320,2025-02-17,1,493.3,10,Card,443.97
15151,853,193,2024-06-20,2,215.27,0,PayPal,430.54
15152,576,169,2025-04-06,1,248.66,5,PayPal,236.23
15153,131,115,2024-08-22,3,406.06,10,Cash,1096.36
15154,794,367,2023-11-22,4,45.94,15,PayPal,156.2
15155,791,59,2023-07-31,4,239.01,20,UPI,764.83
15156,730,24,2023-11-02,2,102.3,0,PayPal,204.6
15157,413,176,2024-11-14,4,363.44,10,Cash,1308.38
15158,719,166,2024-08-12,3,248.53,10,Cash,671.03
15159,421,115,2023-10-27,5,456.0,20,UPI,1824.0
15160,189,455,2025-06-19,1,370.04,0,UPI,370.04
15161,678,43,2025-04-29,4,430.01,20,UPI,1376.03
15162,462,264,2024-10-16,4,297.99,0,Card,1191.96
15163,691,165,2023-11-10,2,165.96,15,Card,282.13
15164,55,404,2023-12-13,2,283.46,0,UPI,566.92
15165,393,292,2023-10-14,5,416.83,15,UPI,1771.53
15166,24,169,2023-12-19,4,35.98,15,Cash,122.33
15167,696,217,2024-07-27,4,330.41,0,UPI,1321.64
15168,492,74,2024-02-22,2,74.0,0,Card,148.0
15169,897,438,2023-11-09,3,134.35,20,UPI,322.44
15170,31,225,2023-04-17,3,40.0,5,Cash,114.0
15171,701,345,2025-03-16,5,273.96,0,Card,1369.8
15172,175,293,2025-03-25,2,312.13,15,PayPal,530.62
15173,239,176,2025-03-16,5,5.07,0,PayPal,25.35
15174,6,170,2025-06-09,5,285.07,20,UPI,1140.28
15175,829,334,2025-03-22,5,173.86,10,Cash,782.37
15176,135,150,2024-10-23,1,166.27,10,UPI,149.64
15177,531,11,2024-03-13,1,126.9,20,Cash,101.52
15178,662,14,2023-06-07,5,339.25,15,PayPal,1441.81
15179,942,87,2023-03-10,2,393.66,15,PayPal,669.22
15180,946,91,2023-04-16,4,246.13,20,Card,787.62
15181,33,415,2023-05-12,5,184.83,20,UPI,739.32
15182,145,332,2024-05-16,5,95.71,5,PayPal,454.62
15183,636,153,2024-08-01,5,159.02,5,UPI,755.35
15184,604,118,2023-07-14,1,189.13,10,Card,170.22
15185,452,443,2024-12-05,5,127.32,0,PayPal,636.6
15186,400,317,2024-04-12,4,280.53,0,Card,1122.12
15187,629,164,2024-04-06,4,413.65,5,Cash,1571.87
15188,602,93,2025-05-16,3,169.08,10,PayPal,456.52
15189,970,300,2023-08-15,2,306.11,10,Card,551.0
15190,334,490,2024-01-11,5,191.28,10,Card,860.76
15191,930,328,2023-06-04,4,185.45,10,Cash,667.62
15192,606,475,2023-12-24,2,230.35,0,PayPal,460.7
15193,614,178,2023-08-28,2,212.1,20,Card,339.36
15194,378,462,2024-08-27,4,135.49,15,Cash,460.67
15195,938,256,2024-09-22,1,107.45,10,Card,96.7
15196,73,202,2023-03-10,4,230.39,15,Cash,783.33
15197,349,332,2023-06-13,2,37.46,0,Card,74.92
15198,774,248,2023-12-09,1,67.63,5,Cash,64.25
15199,208,488,2023-10-28,4,349.48,0,UPI,1397.92
15200,707,411,2024-09-18,1,66.01,5,Card,62.71
15201,901,74,2023-03-07,2,43.0,20,UPI,68.8
15202,714,345,2025-05-30,3,215.1,15,Card,548.5
15203,105,149,2023-04-28,4,344.81,0,Cash,1379.24
15204,938,124,2023-08-17,4,94.6,10,Cash,340.56
15205,524,470,2023-07-03,4,195.55,5,Card,743.09
15206,386,207,2023-02-19,5,340.84,5,Cash,1618.99
15207,129,375,2024-06-27,5,277.91,10,Cash,1250.6
15208,691,231,2024-07-08,1,375.75,10,Cash,338.18
15209,618,380,2025-03-04,2,338.83,20,PayPal,542.13
15210,855,346,2024-11-19,2,482.35,15,Cash,820.0
15211,202,30,2024-06-13,3,51.41,15,UPI,131.1
15212,830,249,2024-03-31,1,423.88,10,Cash,381.49
15213,7,206,2024-04-11,1,156.38,0,UPI,156.38
15214,167,192,2025-06-09,5,218.31,5,Cash,1036.97
15215,433,333,2023-03-31,2,466.19,0,PayPal,932.38
15216,120,407,2023-01-31,1,84.06,10,Card,75.65
15217,383,310,2023-05-14,3,433.46,20,Card,1040.3
15218,678,144,2023-11-05,1,313.22,20,Cash,250.58
15219,257,421,2024-11-19,2,249.79,20,Cash,399.66
15220,586,319,2024-05-17,2,139.18,0,PayPal,278.36
15221,673,378,2024-02-05,4,483.16,15,UPI,1642.74
15222,788,78,2024-11-18,5,489.64,20,Card,1958.56
15223,731,378,2025-02-06,2,71.73,15,Card,121.94
15224,453,47,2024-03-10,5,209.77,15,UPI,891.52
15225,97,92,2024-12-17,1,476.33,20,Cash,381.06
15226,569,374,2023-09-05,3,443.95,5,UPI,1265.26
15227,404,126,2025-04-13,5,394.99,10,Card,1777.46
15228,849,85,2024-09-02,1,90.85,5,UPI,86.31
15229,495,41,2024-12-24,2,477.36,15,Cash,811.51
15230,319,85,2023-06-07,5,367.81,15,Cash,1563.19
15231,491,181,2024-11-15,3,446.25,20,UPI,1071.0
15232,704,452,2024-08-27,5,345.48,5,Cash,1641.03
15233,782,275,2023-07-12,1,304.21,0,PayPal,304.21
15234,56,18,2024-04-20,1,147.16,15,Card,125.09
15235,419,127,2024-06-17,4,274.11,15,PayPal,931.97
15236,374,363,2024-12-08,3,442.29,20,Cash,1061.5
15237,138,77,2024-10-07,3,439.89,5,Card,1253.69
15238,694,98,2024-12-18,4,170.56,20,Card,545.79
15239,411,19,2023-11-20,5,69.78,5,Cash,331.45
15240,237,242,2023-10-02,4,187.23,15,UPI,636.58
15241,134,290,2024-11-06,2,351.06,0,Card,702.12
15242,307,81,2023-09-16,3,185.11,15,UPI,472.03
15243,301,455,2024-05-11,5,23.27,20,UPI,93.08
15244,898,462,2024-10-08,5,56.56,0,UPI,282.8
15245,943,435,2024-04-23,4,97.68,5,Card,371.18
15246,386,10,2023-10-08,5,27.69,15,Cash,117.68
15247,933,330,2023-09-27,5,433.64,15,PayPal,1842.97
15248,336,226,2024-05-19,5,154.43,20,Card,617.72
15249,533,404,2023-08-17,4,474.26,0,PayPal,1897.04
15250,827,291,2024-12-21,5,126.06,5,Card,598.78
15251,402,481,2023-05-05,4,12.95,15,UPI,44.03
15252,601,412,2025-02-06,4,204.65,15,UPI,695.81
15253,167,260,2023-05-04,5,266.83,5,Card,1267.44
15254,292,134,2024-07-28,1,414.83,10,Card,373.35
15255,851,212,2023-09-18,2,205.71,0,Cash,411.42
15256,591,227,2023-07-26,1,405.02,0,Card,405.02
15257,272,237,2024-02-20,1,279.13,20,UPI,223.3
15258,981,87,2023-11-05,5,199.18,20,Card,796.72
15259,882,382,2024-12-28,4,279.81,5,Card,1063.28
15260,623,13,2025-01-26,5,6.83,5,PayPal,32.44
15261,823,24,2023-04-16,3,484.96,10,UPI,1309.39
15262,361,106,2025-02-13,5,385.47,10,UPI,1734.62
15263,985,152,2024-12-20,2,260.57,20,PayPal,416.91
15264,149,375,2023-08-29,2,373.37,10,Card,672.07
15265,530,226,2023-08-28,1,181.36,10,UPI,163.22
15266,334,474,2023-06-26,2,416.79,5,UPI,791.9
15267,26,257,2024-02-02,1,425.69,10,PayPal,383.12
15268,459,329,2024-03-23,4,458.16,20,UPI,1466.11
15269,113,82,2023-03-12,2,206.38,5,Cash,392.12
15270,598,234,2024-07-17,2,272.63,10,UPI,490.73
15271,483,18,2023-11-29,3,477.38,5,Cash,1360.53
15272,354,156,2023-05-31,1,152.27,5,UPI,144.66
15273,433,268,2024-07-14,4,157.06,10,Card,565.42
15274,197,265,2024-11-12,1,396.52,0,PayPal,396.52
15275,49,1,2024-11-27,2,212.95,20,Card,340.72
15276,834,187,2023-12-10,5,356.72,15,Cash,1516.06
15277,972,187,2023-01-06,2,488.14,10,Card,878.65
15278,385,1,2023-11-16,5,385.09,10,Card,1732.9
15279,374,304,2024-07-28,2,274.55,10,UPI,494.19
15280,281,268,2023-10-03,5,27.71,10,Cash,124.7
15281,728,142,2023-01-28,5,89.46,0,Cash,447.3
15282,499,216,2025-06-18,5,422.88,10,UPI,1902.96
15283,8,301,2023-09-27,4,243.38,10,Card,876.17
15284,477,264,2023-12-04,2,469.79,5,PayPal,892.6
15285,381,16,2024-03-15,1,419.49,10,Cash,377.54
15286,32,362,2023-11-26,4,391.92,15,UPI,1332.53
15287,205,82,2024-03-23,3,236.38,15,Cash,602.77
15288,809,247,2023-10-04,5,287.21,15,Cash,1220.64
15289,345,338,2024-01-24,4,251.36,20,PayPal,804.35
15290,139,250,2023-02-08,5,164.83,10,PayPal,741.74
15291,451,225,2023-03-15,1,68.92,15,Card,58.58
15292,507,126,2024-04-16,3,397.71,0,UPI,1193.13
15293,611,274,2024-09-04,4,476.41,5,Card,1810.36
15294,31,288,2024-04-13,1,460.5,5,Card,437.47
15295,583,44,2025-01-23,1,364.18,5,PayPal,345.97
15296,585,232,2024-02-03,2,421.94,5,Card,801.69
15297,287,345,2023-12-10,3,489.44,10,UPI,1321.49
15298,431,45,2023-04-23,4,21.95,5,PayPal,83.41
15299,234,234,2023-02-12,2,64.6,15,Card,109.82
15300,435,275,2025-05-28,2,26.4,0,Card,52.8
15301,43,221,2025-05-18,4,219.89,15,Cash,747.63
15302,725,12,2025-05-02,2,268.64,0,UPI,537.28
15303,639,307,2024-07-02,1,146.5,10,PayPal,131.85
15304,479,356,2024-11-04,5,182.1,10,PayPal,819.45
15305,479,40,2023-10-25,4,119.3,15,UPI,405.62
15306,577,378,2023-09-24,1,456.56,20,UPI,365.25
15307,319,100,2024-08-23,5,52.06,0,UPI,260.3
15308,804,57,2024-04-08,2,425.87,0,UPI,851.74
15309,734,51,2024-12-19,2,198.98,10,Cash,358.16
15310,98,127,2024-05-08,3,163.03,5,PayPal,464.64
15311,433,141,2025-04-01,3,399.54,20,Card,958.9
15312,238,231,2024-02-05,5,433.63,20,Cash,1734.52
15313,186,53,2024-12-21,4,180.1,5,Card,684.38
15314,234,220,2024-12-13,2,338.48,0,UPI,676.96
15315,532,44,2023-07-03,4,373.98,10,Card,1346.33
15316,895,81,2023-11-16,2,431.66,10,PayPal,776.99
15317,711,460,2024-10-23,1,498.68,0,UPI,498.68
15318,751,291,2023-09-27,3,270.03,0,UPI,810.09
15319,693,464,2024-02-17,1,162.71,0,PayPal,162.71
15320,897,160,2024-09-21,5,126.6,15,Card,538.05
15321,667,23,2023-11-30,2,196.45,5,PayPal,373.25
15322,376,360,2024-09-19,1,267.4,0,PayPal,267.4
15323,992,108,2024-07-25,4,202.58,10,Cash,729.29
15324,893,192,2025-03-21,1,337.46,15,PayPal,286.84
15325,306,194,2025-01-04,4,479.46,20,Cash,1534.27
15326,917,465,2025-05-28,4,67.08,10,PayPal,241.49
15327,846,282,2024-08-23,1,204.71,15,PayPal,174.0
15328,106,108,2023-11-11,2,266.52,15,PayPal,453.08
15329,937,299,2025-05-08,5,340.7,20,UPI,1362.8
15330,692,315,2023-07-21,2,216.25,15,Card,367.62
15331,75,427,2024-05-18,4,274.67,20,Cash,878.94
15332,40,217,2025-01-28,4,258.53,20,UPI,827.3
15333,217,386,2023-01-20,5,445.95,20,UPI,1783.8
15334,689,21,2025-06-03,1,34.96,10,Card,31.46
15335,67,493,2025-06-11,1,59.34,0,PayPal,59.34
15336,658,337,2024-05-07,2,250.95,10,Cash,451.71
15337,48,401,2023-11-10,1,53.57,5,Cash,50.89
15338,81,423,2023-12-27,1,437.31,15,Card,371.71
15339,743,225,2024-03-22,3,24.61,10,Card,66.45
15340,11,89,2024-06-24,4,404.71,0,Cash,1618.84
15341,477,472,2023-08-22,2,218.04,10,Card,392.47
15342,44,311,2025-03-05,2,108.51,0,Card,217.02
15343,681,427,2024-12-25,4,230.43,10,Card,829.55
15344,146,388,2025-05-12,1,386.54,10,Cash,347.89
15345,880,473,2023-03-09,5,40.98,0,PayPal,204.9
15346,177,497,2023-03-31,3,144.16,15,Card,367.61
15347,658,187,2023-10-26,2,257.16,10,UPI,462.89
15348,746,357,2024-08-19,1,432.38,10,PayPal,389.14
15349,726,321,2023-08-23,2,241.87,20,UPI,386.99
15350,228,416,2024-06-23,4,444.01,20,PayPal,1420.83
15351,17,369,2025-05-25,5,289.6,0,UPI,1448.0
15352,980,402,2025-01-07,4,79.58,5,Cash,302.4
15353,801,286,2025-06-19,4,138.63,15,Card,471.34
15354,588,338,2024-12-31,5,380.05,20,Cash,1520.2
15355,611,343,2024-07-21,5,453.63,10,PayPal,2041.34
15356,933,394,2024-12-31,2,486.15,20,UPI,777.84
15357,77,232,2024-07-02,2,137.03,10,UPI,246.65
15358,967,475,2024-09-24,3,410.07,5,Cash,1168.7
15359,756,129,2023-06-10,2,388.47,5,PayPal,738.09
15360,666,381,2024-12-22,5,59.78,0,UPI,298.9
15361,631,6,2024-05-02,1,202.12,10,Card,181.91
15362,952,106,2024-06-06,3,319.65,15,UPI,815.11
15363,150,179,2023-07-24,1,454.35,15,Card,386.2
15364,660,391,2024-09-12,1,320.11,20,UPI,256.09
15365,476,470,2024-11-14,3,150.56,20,UPI,361.34
15366,143,51,2023-03-04,1,54.18,0,PayPal,54.18
15367,180,27,2023-10-22,3,78.23,5,UPI,222.96
15368,875,62,2024-08-23,2,175.44,10,Cash,315.79
15369,971,418,2023-11-21,1,252.6,20,Cash,202.08
15370,649,367,2025-05-10,4,298.44,0,Card,1193.76
15371,824,22,2025-05-16,4,286.91,5,Card,1090.26
15372,295,440,2023-01-22,1,162.65,5,Cash,154.52
15373,170,438,2024-09-01,3,88.15,5,PayPal,251.23
15374,137,393,2023-09-12,5,324.64,15,Card,1379.72
15375,72,231,2023-09-07,5,243.7,15,Card,1035.72
15376,502,223,2024-04-16,3,285.77,10,Card,771.58
15377,669,401,2023-11-10,3,491.92,20,Cash,1180.61
15378,25,290,2024-05-18,3,205.49,15,PayPal,524.0
15379,736,82,2023-09-13,3,132.77,0,UPI,398.31
15380,365,333,2023-05-05,4,427.37,0,UPI,1709.48
15381,163,223,2024-12-09,3,396.63,0,Card,1189.89
15382,772,443,2023-01-16,1,405.05,10,UPI,364.55
15383,449,73,2024-08-17,2,499.16,0,Cash,998.32
15384,139,324,2025-03-20,2,391.18,0,Cash,782.36
15385,893,494,2023-07-07,5,132.55,15,UPI,563.34
15386,847,465,2023-08-06,5,175.77,20,Cash,703.08
15387,59,51,2025-03-29,3,275.59,5,Cash,785.43
15388,97,243,2023-10-12,3,390.33,15,Cash,995.34
15389,547,153,2025-03-26,3,60.7,20,Cash,145.68
15390,860,43,2025-06-03,1,272.64,0,Cash,272.64
15391,884,474,2023-12-23,5,317.72,15,Cash,1350.31
15392,647,43,2025-03-25,1,17.35,5,UPI,16.48
15393,123,429,2023-08-04,5,279.38,15,Card,1187.37
15394,912,359,2023-07-09,3,498.55,5,PayPal,1420.87
15395,834,15,2024-08-05,3,425.11,5,UPI,1211.56
15396,489,423,2023-10-13,5,74.81,20,UPI,299.24
15397,861,364,2025-02-14,1,274.14,10,Cash,246.73
15398,388,374,2024-07-21,1,119.99,15,UPI,101.99
15399,644,416,2023-11-22,3,125.24,15,UPI,319.36
15400,10,431,2024-02-27,3,279.98,20,Card,671.95
15401,787,82,2024-11-07,1,70.88,5,UPI,67.34
15402,426,288,2025-03-16,5,109.54,10,Cash,492.93
15403,988,17,2025-04-05,4,299.04,0,PayPal,1196.16
15404,897,398,2024-12-10,5,21.01,15,Cash,89.29
15405,524,371,2025-05-13,5,91.17,20,PayPal,364.68
15406,750,460,2024-12-17,4,459.8,20,Card,1471.36
15407,740,80,2024-02-01,1,246.39,20,Card,197.11
15408,539,190,2023-09-29,5,108.01,20,Card,432.04
15409,105,500,2025-05-20,3,51.77,20,Card,124.25
15410,186,128,2024-10-17,5,373.83,0,UPI,1869.15
15411,48,128,2023-10-23,2,17.49,5,Card,33.23
15412,943,87,2023-03-09,1,485.97,0,Cash,485.97
15413,306,66,2023-09-02,4,20.28,15,Cash,68.95
15414,307,487,2023-07-07,5,457.5,20,PayPal,1830.0
15415,18,257,2024-01-21,5,220.7,0,UPI,1103.5
15416,760,385,2024-10-23,4,491.25,20,Cash,1572.0
15417,822,354,2024-11-14,3,456.11,0,PayPal,1368.33
15418,48,176,2025-01-22,4,18.54,15,Cash,63.04
15419,495,277,2023-07-12,5,133.05,15,Card,565.46
15420,419,452,2023-09-01,2,448.55,5,PayPal,852.25
15421,296,301,2024-07-03,4,90.34,5,Card,343.29
15422,688,410,2024-01-20,3,248.37,15,UPI,633.34
15423,940,418,2023-03-07,2,23.56,0,Card,47.12
15424,511,47,2025-05-23,3,153.4,15,Card,391.17
15425,285,166,2025-05-30,5,343.5,5,PayPal,1631.62
15426,592,219,2023-08-30,5,255.81,5,Card,1215.1
15427,580,240,2025-03-27,3,297.33,5,UPI,847.39
15428,560,221,2023-05-24,5,29.57,10,Card,133.06
15429,972,232,2025-01-14,3,140.88,10,UPI,380.38
15430,111,105,2024-01-21,2,384.72,20,Card,615.55
15431,4,250,2023-04-07,1,229.81,20,Card,183.85
15432,476,279,2023-05-18,1,322.34,5,Card,306.22
15433,465,202,2023-11-21,2,26.4,0,PayPal,52.8
15434,796,110,2025-04-02,2,489.83,5,UPI,930.68
15435,972,357,2024-12-02,2,52.35,15,Cash,89.0
15436,761,217,2024-07-14,3,272.41,0,Card,817.23
15437,626,385,2024-06-08,2,43.91,15,UPI,74.65
15438,154,38,2024-05-16,2,45.11,10,PayPal,81.2
15439,271,18,2024-01-14,2,351.32,15,UPI,597.24
15440,924,158,2023-01-27,5,232.65,0,PayPal,1163.25
15441,362,493,2024-01-17,4,100.87,5,Card,383.31
15442,877,150,2023-04-19,1,27.37,10,PayPal,24.63
15443,875,191,2024-02-02,1,373.5,20,Cash,298.8
15444,96,175,2024-12-08,3,283.52,5,UPI,808.03
15445,589,275,2023-08-11,3,251.97,0,Card,755.91
15446,486,150,2024-12-12,1,184.23,10,PayPal,165.81
15447,883,123,2024-05-14,3,485.76,5,PayPal,1384.42
15448,312,330,2024-03-22,3,430.57,10,UPI,1162.54
15449,600,335,2023-04-06,3,342.82,15,UPI,874.19
15450,925,370,2023-03-13,3,60.41,10,PayPal,163.11
15451,714,40,2023-02-01,4,311.55,10,PayPal,1121.58
15452,68,340,2023-06-13,2,35.52,10,UPI,63.94
15453,371,159,2023-01-26,2,244.32,20,Card,390.91
15454,150,487,2025-04-07,1,100.72,10,PayPal,90.65
15455,405,335,2024-02-29,4,164.55,20,Cash,526.56
15456,933,177,2024-07-17,1,120.61,0,Cash,120.61
15457,990,362,2024-06-01,3,161.57,10,Card,436.24
15458,184,141,2024-09-17,1,351.72,20,UPI,281.38
15459,194,318,2023-10-15,2,184.44,15,Cash,313.55
15460,424,58,2023-11-05,2,314.14,15,Cash,534.04
15461,979,235,2025-01-01,2,63.94,15,Card,108.7
15462,349,254,2024-05-23,3,29.49,20,UPI,70.78
15463,854,480,2023-08-30,1,129.02,20,PayPal,103.22
15464,259,110,2024-01-15,5,326.9,10,Cash,1471.05
15465,833,5,2024-01-24,5,129.23,20,PayPal,516.92
15466,391,210,2023-01-30,2,16.21,20,PayPal,25.94
15467,671,371,2025-03-06,5,190.81,15,PayPal,810.94
15468,81,56,2024-04-16,3,477.33,0,PayPal,1431.99
15469,854,390,2023-10-05,2,382.28,0,Cash,764.56
15470,830,143,2023-12-20,1,154.61,15,Cash,131.42
15471,963,136,2023-08-06,3,439.14,20,Card,1053.94
15472,311,457,2025-02-03,4,297.07,0,Card,1188.28
15473,300,307,2023-03-17,2,380.49,10,PayPal,684.88
15474,576,132,2024-02-06,4,116.33,10,Cash,418.79
15475,836,96,2025-02-20,5,191.78,5,Card,910.95
15476,581,208,2025-02-10,2,397.67,0,PayPal,795.34
15477,705,409,2024-08-02,3,408.28,5,Card,1163.6
15478,874,126,2023-09-10,3,440.65,15,PayPal,1123.66
15479,684,370,2023-04-18,3,279.81,10,Cash,755.49
15480,84,185,2025-03-14,1,231.37,10,Cash,208.23
15481,532,443,2023-05-22,5,442.11,5,Cash,2100.02
15482,293,346,2023-05-22,2,64.72,20,UPI,103.55
15483,455,437,2023-06-24,1,47.06,5,PayPal,44.71
15484,630,50,2025-02-24,3,336.01,10,UPI,907.23
15485,724,65,2024-04-23,2,324.55,10,PayPal,584.19
15486,761,154,2024-03-13,2,202.13,10,Card,363.83
15487,797,345,2023-01-08,1,261.8,10,Cash,235.62
15488,482,136,2024-02-18,1,278.65,10,PayPal,250.78
15489,911,241,2024-11-03,1,453.99,5,Card,431.29
15490,130,241,2024-10-07,2,126.0,5,Cash,239.4
15491,913,439,2025-06-02,5,329.14,10,PayPal,1481.13
15492,979,219,2023-10-24,1,297.06,5,Cash,282.21
15493,294,220,2024-02-08,3,217.47,15,PayPal,554.55
15494,748,481,2025-03-30,2,89.4,0,Card,178.8
15495,194,352,2023-08-30,5,409.24,10,Card,1841.58
15496,601,114,2023-05-30,1,448.91,10,PayPal,404.02
15497,126,159,2025-04-17,5,398.12,15,PayPal,1692.01
15498,932,463,2024-07-21,2,206.5,5,Cash,392.35
15499,475,29,2023-12-26,3,97.63,10,PayPal,263.6
15500,447,219,2024-06-04,5,434.0,10,Card,1953.0
15501,655,154,2024-08-10,4,407.68,5,Cash,1549.18
15502,121,141,2025-02-05,2,432.91,20,Cash,692.66
15503,168,479,2023-12-29,1,32.95,0,UPI,32.95
15504,935,39,2025-02-20,3,454.32,10,PayPal,1226.66
15505,604,3,2024-10-23,3,168.88,20,UPI,405.31
15506,234,384,2023-11-20,1,440.52,10,UPI,396.47
15507,595,315,2023-11-23,1,288.65,15,UPI,245.35
15508,75,344,2025-06-19,2,275.59,15,UPI,468.5
15509,945,42,2023-07-27,1,390.89,0,Cash,390.89
15510,767,335,2023-12-03,5,466.54,15,UPI,1982.8
15511,817,164,2023-11-03,1,48.78,0,UPI,48.78
15512,203,388,2023-05-17,2,406.8,5,Cash,772.92
15513,369,369,2023-12-27,1,417.29,15,Cash,354.7
15514,610,289,2023-12-01,5,232.3,5,Card,1103.42
15515,401,63,2025-03-31,4,432.0,5,Card,1641.6
15516,192,117,2023-02-28,5,163.38,20,PayPal,653.52
15517,421,205,2023-06-01,3,397.04,15,PayPal,1012.45
15518,479,438,2024-01-27,3,306.58,15,UPI,781.78
15519,524,215,2024-07-21,5,393.75,15,Cash,1673.44
15520,563,242,2023-02-02,4,422.53,15,Cash,1436.6
15521,632,354,2023-04-10,3,82.35,5,UPI,234.7
15522,129,305,2025-01-15,2,348.29,10,Cash,626.92
15523,168,214,2024-01-10,3,276.76,15,UPI,705.74
15524,584,467,2023-11-23,1,120.55,0,Cash,120.55
15525,460,125,2023-01-24,1,183.26,5,Cash,174.1
15526,187,135,2023-10-01,3,157.09,20,PayPal,377.02
15527,87,216,2024-01-25,5,444.42,20,Card,1777.68
15528,250,367,2024-07-21,5,449.58,0,UPI,2247.9
15529,398,219,2023-12-21,5,192.7,15,UPI,818.98
15530,202,478,2024-06-12,3,235.62,0,Card,706.86
15531,271,191,2024-06-26,3,366.96,0,PayPal,1100.88
15532,613,124,2023-11-13,5,161.24,20,PayPal,644.96
15533,124,316,2023-10-03,2,257.54,5,UPI,489.33
15534,452,94,2023-02-12,1,57.47,15,Cash,48.85
15535,296,392,2024-10-08,5,386.91,0,UPI,1934.55
15536,727,257,2023-08-19,5,127.36,20,Card,509.44
15537,6,465,2024-09-08,1,304.44,15,Card,258.77
15538,686,71,2025-04-09,1,197.11,15,UPI,167.54
15539,819,481,2023-01-01,3,327.43,0,PayPal,982.29
15540,200,386,2025-05-20,5,82.0,15,PayPal,348.5
15541,426,408,2023-11-14,2,445.76,0,UPI,891.52
15542,966,70,2025-06-13,2,204.35,10,UPI,367.83
15543,573,498,2024-10-10,5,472.19,0,Card,2360.95
15544,328,330,2025-02-08,5,208.19,5,UPI,988.9
15545,586,118,2025-03-24,3,352.55,20,Card,846.12
15546,567,392,2024-06-12,1,249.82,20,PayPal,199.86
15547,559,95,2024-05-02,5,77.07,15,Card,327.55
15548,892,346,2024-10-17,5,184.95,15,Cash,786.04
15549,672,125,2024-07-28,2,285.07,10,UPI,513.13
15550,990,131,2024-06-13,4,73.75,15,Cash,250.75
15551,877,486,2025-02-23,2,167.83,20,UPI,268.53
15552,533,307,2024-06-05,3,325.46,5,UPI,927.56
15553,812,361,2023-02-05,5,196.97,10,PayPal,886.37
15554,265,261,2023-01-30,1,277.28,5,Card,263.42
15555,915,268,2023-07-11,4,322.5,15,Card,1096.5
15556,78,247,2025-02-15,2,241.92,0,Cash,483.84
15557,216,172,2023-12-13,4,278.58,5,Cash,1058.6
15558,356,247,2024-01-02,5,242.29,15,PayPal,1029.73
15559,624,45,2025-03-03,4,115.95,10,Cash,417.42
15560,167,175,2024-08-17,2,439.75,10,UPI,791.55
15561,219,163,2025-03-29,2,294.09,10,Cash,529.36
15562,824,292,2025-06-01,4,98.85,15,Cash,336.09
15563,447,420,2023-02-25,4,297.24,15,PayPal,1010.62
15564,574,335,2024-01-26,4,388.86,10,Cash,1399.9
15565,495,80,2024-04-15,2,282.92,0,PayPal,565.84
15566,903,11,2025-04-14,4,188.87,20,Card,604.38
15567,59,19,2024-10-21,4,399.92,20,UPI,1279.74
15568,121,434,2024-04-03,2,114.85,15,PayPal,195.24
15569,142,67,2024-04-07,5,448.02,10,Cash,2016.09
15570,263,305,2024-09-25,4,244.47,5,Cash,928.99
15571,613,381,2024-05-31,2,208.87,5,UPI,396.85
15572,775,5,2023-08-23,1,158.45,20,Cash,126.76
15573,559,131,2024-08-18,2,54.68,0,UPI,109.36
15574,755,205,2024-08-28,4,191.07,0,UPI,764.28
15575,663,390,2023-07-01,3,35.97,20,Cash,86.33
15576,267,3,2023-03-19,2,145.42,20,PayPal,232.67
15577,142,97,2023-09-22,2,220.47,5,Card,418.89
15578,854,198,2024-11-30,1,496.07,15,PayPal,421.66
15579,690,205,2025-04-25,4,374.75,5,Card,1424.05
15580,803,409,2023-11-05,5,134.67,20,UPI,538.68
15581,408,54,2023-11-07,4,176.54,0,Card,706.16
15582,925,286,2024-12-03,5,64.65,0,Card,323.25
15583,119,87,2025-03-01,5,342.02,5,Card,1624.59
15584,635,395,2023-07-18,4,211.15,0,PayPal,844.6
15585,329,363,2025-01-22,3,180.22,0,PayPal,540.66
15586,540,62,2023-02-23,2,385.27,10,Cash,693.49
15587,967,377,2023-07-15,5,263.1,0,UPI,1315.5
15588,220,108,2023-11-05,3,199.37,5,Card,568.2
15589,546,329,2024-11-11,2,336.73,10,Card,606.11
15590,73,244,2023-11-20,2,264.69,5,UPI,502.91
15591,972,60,2025-02-05,5,198.55,10,Cash,893.48
15592,85,240,2024-10-13,2,426.91,0,Cash,853.82
15593,488,231,2024-03-28,2,34.71,15,Cash,59.01
15594,362,167,2024-02-18,3,430.73,5,Cash,1227.58
15595,247,318,2025-05-15,5,152.68,15,Cash,648.89
15596,46,365,2023-11-08,2,220.81,20,Card,353.3
15597,102,465,2024-10-30,2,485.93,15,Card,826.08
15598,594,449,2024-07-02,5,106.42,0,UPI,532.1
15599,290,487,2024-08-05,1,452.08,20,PayPal,361.66
15600,120,258,2023-02-24,1,158.82,10,Card,142.94
15601,865,430,2024-05-15,3,24.83,10,Cash,67.04
15602,777,413,2023-09-11,3,305.81,20,Cash,733.94
15603,376,439,2024-05-26,5,268.7,5,UPI,1276.33
15604,217,314,2023-08-13,4,265.31,5,PayPal,1008.18
15605,621,431,2025-05-31,4,292.37,5,PayPal,1111.01
15606,297,135,2023-05-07,5,326.77,10,PayPal,1470.46
15607,408,219,2023-03-02,1,192.13,15,Cash,163.31
15608,449,436,2024-07-16,3,199.76,5,Cash,569.32
15609,447,290,2023-02-22,2,133.85,20,PayPal,214.16
15610,313,71,2023-09-09,2,204.81,5,Cash,389.14
15611,418,4,2025-02-24,4,446.37,15,Cash,1517.66
15612,810,360,2024-12-09,3,458.99,0,UPI,1376.97
15613,178,482,2023-08-15,3,47.0,15,Card,119.85
15614,575,165,2024-06-17,3,282.75,0,Cash,848.25
15615,836,61,2023-02-12,4,441.51,10,Card,1589.44
15616,586,250,2023-08-02,3,260.37,20,PayPal,624.89
15617,823,145,2024-10-02,1,247.3,10,Cash,222.57
15618,326,473,2023-03-10,1,313.62,20,Card,250.9
15619,146,134,2023-03-04,4,100.64,5,Card,382.43
15620,701,399,2023-01-20,1,267.52,15,UPI,227.39
15621,372,371,2024-06-24,4,211.81,15,PayPal,720.15
15622,170,186,2023-08-13,1,374.3,10,Card,336.87
15623,283,402,2023-02-04,5,428.87,15,Cash,1822.7
15624,742,85,2023-04-13,4,47.81,5,UPI,181.68
15625,858,23,2025-05-06,1,82.44,15,Card,70.07
15626,245,158,2025-04-15,1,424.69,20,UPI,339.75
15627,486,168,2023-06-18,1,275.77,0,PayPal,275.77
15628,102,273,2025-03-06,1,477.91,5,Card,454.01
15629,949,306,2023-01-15,3,447.07,15,Card,1140.03
15630,914,34,2023-11-21,1,19.99,20,UPI,15.99
15631,225,146,2024-04-15,3,278.31,0,Card,834.93
15632,752,12,2023-02-28,3,464.57,15,PayPal,1184.65
15633,811,75,2023-05-19,5,244.46,20,UPI,977.84
15634,781,173,2025-04-17,2,381.99,5,UPI,725.78
15635,667,230,2023-05-27,2,282.02,15,Cash,479.43
15636,23,189,2023-09-08,5,369.65,0,Cash,1848.25
15637,250,452,2025-01-18,1,241.78,10,PayPal,217.6
15638,389,444,2024-03-16,1,84.58,0,Cash,84.58
15639,358,316,2024-01-07,4,229.22,15,Cash,779.35
15640,766,381,2024-01-16,3,308.74,10,Cash,833.6
15641,591,354,2023-03-25,4,222.6,5,UPI,845.88
15642,717,423,2023-11-21,1,406.58,0,Card,406.58
15643,827,294,2024-12-15,5,148.28,20,UPI,593.12
15644,10,283,2023-06-02,1,36.74,15,UPI,31.23
15645,200,276,2023-01-05,4,358.63,20,Card,1147.62
15646,356,156,2024-10-21,3,196.83,5,Cash,560.97
15647,452,285,2023-11-18,2,312.09,15,PayPal,530.55
15648,549,182,2023-03-31,5,253.64,20,Cash,1014.56
15649,556,30,2024-02-20,5,230.45,20,Cash,921.8
15650,926,314,2025-05-03,1,134.64,20,Card,107.71
15651,609,495,2023-01-29,2,394.69,15,Card,670.97
15652,356,474,2025-01-16,3,470.09,0,Cash,1410.27
15653,933,179,2025-04-12,1,378.26,10,UPI,340.43
15654,260,358,2025-03-13,3,150.81,5,Cash,429.81
15655,251,45,2024-02-23,1,447.32,5,Cash,424.95
15656,11,221,2024-04-05,2,117.7,0,PayPal,235.4
15657,478,172,2023-03-31,1,237.35,20,UPI,189.88
15658,674,444,2023-11-26,4,287.67,15,PayPal,978.08
15659,721,282,2024-03-31,4,35.43,5,PayPal,134.63
15660,215,208,2023-11-07,3,36.08,15,PayPal,92.0
15661,634,436,2024-01-27,3,245.25,5,PayPal,698.96
15662,959,10,2024-06-23,3,218.45,5,Card,622.58
15663,56,1,2024-01-21,2,88.54,10,Cash,159.37
15664,145,145,2024-02-06,5,290.88,5,UPI,1381.68
15665,419,81,2023-10-29,1,109.21,10,PayPal,98.29
15666,164,64,2023-11-07,1,480.39,15,UPI,408.33
15667,46,220,2025-05-09,2,257.67,5,Cash,489.57
15668,389,447,2023-01-09,2,30.4,20,Cash,48.64
15669,614,434,2023-04-30,1,66.55,10,Cash,59.89
15670,542,460,2023-06-13,2,244.28,20,Cash,390.85
15671,592,477,2024-04-22,3,464.5,15,Cash,1184.47
15672,43,42,2023-04-24,5,100.59,20,PayPal,402.36
15673,988,366,2023-07-13,5,223.65,0,UPI,1118.25
15674,801,87,2025-03-19,1,338.75,20,Card,271.0
15675,916,178,2023-05-14,3,461.8,15,Card,1177.59
15676,141,200,2025-01-19,1,127.64,5,PayPal,121.26
15677,364,364,2023-01-30,4,129.73,0,Card,518.92
15678,182,95,2023-04-29,3,411.53,20,UPI,987.67
15679,851,340,2024-01-26,1,252.31,15,Cash,214.46
15680,1000,212,2023-11-08,3,388.91,0,UPI,1166.73
15681,6,156,2023-04-16,4,233.96,0,UPI,935.84
15682,432,98,2023-12-22,5,301.98,0,PayPal,1509.9
15683,526,196,2025-03-17,3,291.78,10,Cash,787.81
15684,708,368,2025-05-21,3,134.24,20,UPI,322.18
15685,78,351,2023-12-01,5,220.47,0,Cash,1102.35
15686,78,347,2025-06-08,3,184.91,0,UPI,554.73
15687,447,202,2024-11-20,4,360.09,0,UPI,1440.36
15688,160,358,2025-03-10,5,470.84,10,Card,2118.78
15689,227,336,2024-12-11,4,194.86,15,Cash,662.52
15690,811,250,2023-03-20,2,404.03,20,Cash,646.45
15691,231,146,2023-03-17,3,389.58,20,UPI,934.99
15692,885,155,2023-08-12,1,264.66,20,PayPal,211.73
15693,117,12,2024-11-28,2,328.09,5,UPI,623.37
15694,807,385,2024-03-12,3,194.01,0,PayPal,582.03
15695,180,128,2023-12-06,4,153.17,15,PayPal,520.78
15696,942,475,2023-05-12,1,458.92,0,Cash,458.92
15697,93,490,2024-01-17,1,317.96,5,Card,302.06
15698,580,343,2023-02-18,1,250.47,15,PayPal,212.9
15699,686,160,2023-02-26,2,181.85,5,PayPal,345.51
15700,302,465,2023-05-02,5,302.47,20,UPI,1209.88
15701,983,415,2025-05-15,5,222.6,5,PayPal,1057.35
15702,33,6,2023-02-13,1,375.03,5,Cash,356.28
15703,932,418,2024-11-17,2,475.39,0,UPI,950.78
15704,164,190,2024-02-17,5,204.94,15,Card,871.0
15705,97,227,2024-01-03,5,211.07,0,Card,1055.35
15706,372,403,2023-05-30,5,432.42,0,UPI,2162.1
15707,783,81,2025-01-03,4,397.79,15,UPI,1352.49
15708,716,203,2025-06-12,4,253.67,5,Cash,963.95
15709,946,393,2025-01-24,2,107.03,15,PayPal,181.95
15710,174,68,2025-05-03,1,56.01,20,Card,44.81
15711,25,277,2024-10-26,1,304.38,20,UPI,243.5
15712,546,458,2024-07-01,3,360.95,0,PayPal,1082.85
15713,188,103,2024-05-31,3,210.63,5,UPI,600.3
15714,244,368,2023-04-10,4,302.61,15,Card,1028.87
15715,22,281,2023-12-01,1,100.5,0,PayPal,100.5
15716,447,370,2024-05-20,2,251.89,10,Card,453.4
15717,887,220,2025-02-11,2,75.0,0,Cash,150.0
15718,452,339,2023-03-28,4,180.99,20,PayPal,579.17
15719,486,75,2024-05-10,4,254.43,10,Card,915.95
15720,464,173,2024-10-11,5,265.7,10,UPI,1195.65
15721,915,379,2024-12-27,4,457.27,5,UPI,1737.63
15722,38,94,2023-04-02,4,100.25,0,Cash,401.0
15723,224,262,2023-01-10,2,82.15,0,PayPal,164.3
15724,724,8,2023-11-30,4,228.11,0,PayPal,912.44
15725,833,24,2025-02-07,1,280.23,20,PayPal,224.18
15726,862,113,2025-05-13,1,335.66,5,PayPal,318.88
15727,216,126,2023-02-18,3,350.48,0,Card,1051.44
15728,948,231,2025-02-23,4,357.77,15,Cash,1216.42
15729,773,226,2024-09-17,1,159.71,0,Cash,159.71
15730,752,483,2024-04-16,5,405.71,10,PayPal,1825.69
15731,675,272,2023-08-10,3,48.56,10,PayPal,131.11
15732,723,102,2024-02-12,4,149.01,10,Card,536.44
15733,746,237,2025-03-03,3,498.03,5,Cash,1419.39
15734,42,196,2024-02-08,4,166.54,10,Card,599.54
15735,451,10,2024-06-04,5,488.14,20,Card,1952.56
15736,240,63,2024-11-21,5,468.04,5,UPI,2223.19
15737,810,116,2024-11-29,4,99.78,15,PayPal,339.25
15738,105,54,2025-01-08,2,58.16,10,Card,104.69
15739,833,320,2024-02-09,1,335.71,5,PayPal,318.92
15740,389,244,2023-11-10,2,165.29,20,PayPal,264.46
15741,897,255,2025-04-21,4,443.93,10,Card,1598.15
15742,91,486,2024-11-06,5,156.15,5,PayPal,741.71
15743,442,36,2023-01-01,5,484.9,10,UPI,2182.05
15744,969,311,2025-04-21,2,187.42,20,Cash,299.87
15745,620,15,2023-09-22,2,459.86,0,Cash,919.72
15746,732,183,2025-05-02,1,432.83,20,Card,346.26
15747,527,348,2025-05-12,5,161.59,20,UPI,646.36
15748,662,376,2024-12-03,4,363.77,15,UPI,1236.82
15749,138,277,2023-10-24,1,441.53,10,PayPal,397.38
15750,259,79,2024-02-24,1,214.56,0,PayPal,214.56
15751,437,55,2025-04-14,3,477.78,15,Card,1218.34
15752,359,467,2024-05-10,1,168.88,5,UPI,160.44
15753,224,256,2025-05-02,4,359.69,10,Cash,1294.88
15754,312,238,2024-10-06,5,380.05,15,PayPal,1615.21
15755,551,85,2023-04-27,1,262.97,15,PayPal,223.52
15756,83,456,2023-05-25,4,418.08,10,Card,1505.09
15757,740,92,2023-07-17,2,120.65,10,PayPal,217.17
15758,7,334,2024-07-13,5,459.78,15,PayPal,1954.06
15759,55,422,2023-04-29,2,60.76,5,Cash,115.44
15760,219,65,2023-06-01,5,211.31,0,Cash,1056.55
15761,592,248,2023-04-16,5,219.25,0,PayPal,1096.25
15762,548,476,2023-01-30,5,6.75,0,UPI,33.75
15763,489,70,2024-12-29,1,406.1,5,PayPal,385.8
15764,944,337,2024-02-19,5,11.39,10,UPI,51.26
15765,7,299,2023-02-10,3,6.28,15,Card,16.01
15766,906,34,2024-02-04,2,260.12,0,PayPal,520.24
15767,602,358,2024-02-23,2,272.71,15,Cash,463.61
15768,364,324,2024-10-09,3,414.41,0,Card,1243.23
15769,614,272,2025-04-18,5,18.12,0,PayPal,90.6
15770,280,42,2023-09-06,1,258.41,0,Cash,258.41
15771,836,429,2023-03-15,1,270.45,5,Card,256.93
15772,153,239,2023-08-04,1,332.07,5,PayPal,315.47
15773,451,365,2024-07-01,4,371.38,5,PayPal,1411.24
15774,157,166,2023-08-26,3,495.55,15,Card,1263.65
15775,960,389,2023-04-07,4,118.52,5,PayPal,450.38
15776,187,116,2024-12-07,5,38.09,10,Card,171.41
15777,452,21,2023-07-22,3,323.27,15,PayPal,824.34
15778,281,382,2023-03-28,1,23.2,10,Card,20.88
15779,488,410,2025-02-20,5,105.22,5,PayPal,499.8
15780,766,429,2023-04-21,5,425.65,15,Card,1809.01
15781,322,370,2023-06-26,3,83.67,10,PayPal,225.91
15782,840,414,2023-05-29,2,392.59,0,UPI,785.18
15783,947,483,2023-11-01,1,189.93,20,PayPal,151.94
15784,820,473,2024-11-24,1,388.25,20,UPI,310.6
15785,153,198,2024-03-04,4,114.84,15,Cash,390.46
15786,623,59,2024-07-08,3,290.48,10,PayPal,784.3
15787,326,362,2024-06-28,4,341.84,15,UPI,1162.26
15788,502,176,2023-04-10,5,183.0,15,Card,777.75
15789,70,132,2023-01-02,4,139.38,5,UPI,529.64
15790,994,439,2024-08-22,3,188.48,10,Card,508.9
15791,927,134,2025-05-20,1,254.72,5,PayPal,241.98
15792,966,265,2023-06-01,3,96.34,0,UPI,289.02
15793,693,425,2023-12-15,4,334.39,15,Card,1136.93
15794,129,72,2024-07-25,4,38.46,0,Cash,153.84
15795,249,138,2024-07-23,3,329.93,0,Card,989.79
15796,749,217,2023-01-17,5,222.63,20,Card,890.52
15797,621,296,2023-06-18,1,149.3,20,UPI,119.44
15798,992,290,2023-09-11,2,346.16,15,Cash,588.47
15799,662,244,2025-02-20,3,255.47,10,Card,689.77
15800,461,350,2024-01-04,2,188.0,10,PayPal,338.4
15801,649,109,2024-10-03,4,200.28,5,UPI,761.06
15802,440,412,2024-03-27,4,106.81,0,PayPal,427.24
15803,352,473,2024-02-01,5,89.49,20,PayPal,357.96
15804,179,179,2024-03-24,5,259.12,10,Cash,1166.04
15805,624,152,2024-05-18,4,304.48,5,Card,1157.02
15806,829,57,2024-03-28,1,86.84,20,Card,69.47
15807,371,206,2024-07-07,4,269.04,0,Card,1076.16
15808,931,349,2023-01-24,3,188.35,15,UPI,480.29
15809,262,482,2024-06-23,5,222.66,5,Card,1057.63
15810,320,244,2023-05-18,5,287.88,0,UPI,1439.4
15811,936,83,2025-04-17,5,105.46,20,UPI,421.84
15812,844,88,2024-10-15,3,85.59,10,PayPal,231.09
15813,563,239,2023-02-07,2,202.88,20,Cash,324.61
15814,883,375,2025-05-18,4,251.55,15,UPI,855.27
15815,724,407,2023-04-25,2,103.23,5,Cash,196.14
15816,242,410,2024-11-30,5,457.5,10,Cash,2058.75
15817,180,22,2023-04-02,5,215.86,0,Card,1079.3
15818,905,354,2024-03-20,1,66.73,5,Card,63.39
15819,641,114,2024-09-23,3,447.98,10,Cash,1209.55
15820,143,91,2025-03-03,5,270.6,5,Card,1285.35
15821,516,13,2023-11-05,4,468.06,10,PayPal,1685.02
15822,991,110,2023-10-03,2,130.99,5,UPI,248.88
15823,252,372,2023-12-26,3,165.37,5,PayPal,471.3
15824,790,190,2024-03-11,3,289.0,5,Card,823.65
15825,913,373,2025-05-12,5,143.25,20,Card,573.0
15826,601,319,2023-08-04,3,470.18,15,UPI,1198.96
15827,734,419,2023-07-09,5,325.02,0,Cash,1625.1
15828,861,273,2025-05-18,1,392.37,5,Cash,372.75
15829,909,355,2024-12-10,5,480.7,0,PayPal,2403.5
15830,864,49,2023-06-13,1,313.2,15,Card,266.22
15831,542,42,2024-11-22,2,233.82,20,UPI,374.11
15832,639,94,2024-12-06,2,347.13,20,UPI,555.41
15833,781,376,2025-02-11,5,21.0,10,PayPal,94.5
15834,332,331,2023-07-29,4,240.72,20,PayPal,770.3
15835,728,428,2024-09-08,2,283.45,20,UPI,453.52
15836,49,373,2024-05-12,1,259.62,20,PayPal,207.7
15837,217,10,2024-09-15,5,241.21,15,PayPal,1025.14
15838,526,255,2025-06-11,5,348.0,20,Card,1392.0
15839,336,485,2024-07-27,1,216.09,5,Card,205.29
15840,716,184,2023-08-27,5,207.51,15,Card,881.92
15841,833,150,2024-11-20,5,444.93,20,Card,1779.72
15842,469,430,2025-01-09,5,199.94,5,Cash,949.72
15843,441,68,2024-06-12,3,118.31,15,PayPal,301.69
15844,13,498,2023-01-14,1,131.17,0,UPI,131.17
15845,104,230,2024-12-02,3,267.63,5,Cash,762.75
15846,370,379,2023-04-19,1,61.12,0,Cash,61.12
15847,106,367,2024-03-30,1,29.95,5,Card,28.45
15848,577,476,2024-05-04,4,493.85,10,PayPal,1777.86
15849,781,338,2024-07-20,5,116.87,10,Cash,525.92
15850,896,121,2023-11-07,2,105.36,5,PayPal,200.18
15851,929,30,2025-04-04,4,222.47,20,PayPal,711.9
15852,992,117,2024-08-14,4,411.48,10,Cash,1481.33
15853,69,244,2024-08-23,3,491.37,15,PayPal,1252.99
15854,861,28,2023-08-02,2,362.33,0,UPI,724.66
15855,2,112,2024-05-03,2,415.95,15,Card,707.12
15856,112,267,2023-07-30,3,249.78,0,UPI,749.34
15857,361,290,2024-07-31,1,353.42,10,PayPal,318.08
15858,212,495,2023-03-05,4,300.52,20,UPI,961.66
15859,76,176,2023-03-19,4,145.01,5,Cash,551.04
15860,707,184,2023-02-12,2,386.29,20,PayPal,618.06
15861,759,351,2025-05-15,1,246.85,0,UPI,246.85
15862,304,13,2024-04-13,1,230.98,5,Card,219.43
15863,798,452,2023-03-06,5,369.66,15,PayPal,1571.06
15864,257,226,2024-03-16,1,302.15,20,Card,241.72
15865,583,30,2023-02-21,3,73.2,5,PayPal,208.62
15866,771,33,2025-02-28,2,88.99,10,Cash,160.18
15867,386,144,2024-07-20,2,171.35,0,UPI,342.7
15868,732,191,2024-11-10,3,187.48,15,Cash,478.07
15869,566,275,2025-03-06,5,342.0,0,Cash,1710.0
15870,219,65,2024-01-13,2,185.31,20,PayPal,296.5
15871,672,168,2025-04-11,2,287.75,10,PayPal,517.95
15872,268,214,2025-04-28,3,38.39,0,Cash,115.17
15873,696,403,2023-03-29,5,183.73,0,Card,918.65
15874,230,226,2024-01-03,5,302.5,10,PayPal,1361.25
15875,769,333,2023-05-24,4,50.02,15,Cash,170.07
15876,613,33,2024-01-16,2,395.95,10,UPI,712.71
15877,9,215,2024-11-04,5,300.12,20,UPI,1200.48
15878,2,320,2023-10-10,5,393.69,15,UPI,1673.18
15879,644,429,2023-08-21,4,346.58,0,Cash,1386.32
15880,19,340,2023-07-29,1,267.4,15,UPI,227.29
15881,52,499,2024-03-19,3,34.06,10,PayPal,91.96
15882,88,297,2025-05-06,5,181.62,20,UPI,726.48
15883,93,454,2024-08-01,4,346.31,15,Cash,1177.45
15884,895,127,2023-10-04,2,478.99,15,PayPal,814.28
15885,885,349,2023-11-28,1,252.72,20,UPI,202.18
15886,946,425,2025-06-04,2,303.12,10,PayPal,545.62
15887,870,228,2023-01-16,4,304.58,10,PayPal,1096.49
15888,206,234,2024-01-28,4,155.53,0,Card,622.12
15889,542,373,2024-07-09,2,297.95,20,UPI,476.72
15890,936,74,2024-06-26,1,53.57,0,PayPal,53.57
15891,33,16,2023-11-17,2,116.12,10,PayPal,209.02
15892,409,418,2023-09-21,1,126.23,0,Card,126.23
15893,629,386,2023-08-07,5,206.84,15,Cash,879.07
15894,139,220,2023-12-08,4,297.85,5,Card,1131.83
15895,837,83,2023-12-23,1,57.75,5,Cash,54.86
15896,737,399,2024-01-21,2,315.61,20,Card,504.98
15897,898,184,2024-07-02,5,424.14,15,UPI,1802.59
15898,373,362,2024-05-05,2,209.98,5,UPI,398.96
15899,298,316,2023-07-24,4,296.01,5,UPI,1124.84
15900,281,94,2023-06-14,1,381.95,20,UPI,305.56
15901,988,452,2024-08-06,4,108.79,10,Card,391.64
15902,443,178,2023-01-10,1,232.29,15,PayPal,197.45
15903,549,409,2023-06-17,1,40.48,10,UPI,36.43
15904,406,380,2024-04-17,3,249.94,15,Card,637.35
15905,655,292,2023-12-06,2,260.42,0,Card,520.84
15906,141,131,2023-03-09,1,192.17,5,PayPal,182.56
15907,726,415,2024-10-08,2,319.92,20,PayPal,511.87
15908,366,34,2024-08-16,5,58.7,0,Card,293.5
15909,325,261,2023-10-12,3,394.52,20,Card,946.85
15910,547,454,2024-05-19,4,379.38,10,PayPal,1365.77
15911,954,239,2024-11-30,2,490.41,10,Card,882.74
15912,519,214,2023-10-29,1,149.38,20,Card,119.5
15913,896,284,2025-05-10,5,322.6,20,Cash,1290.4
15914,752,94,2024-05-23,1,183.22,0,Cash,183.22
15915,253,249,2024-10-17,4,95.33,20,UPI,305.06
15916,646,253,2024-07-16,5,269.84,15,PayPal,1146.82
15917,934,455,2024-05-22,2,403.16,10,PayPal,725.69
15918,345,400,2024-03-11,3,480.46,15,Cash,1225.17
15919,617,66,2023-06-12,2,279.85,0,UPI,559.7
15920,325,232,2023-12-09,4,122.71,5,UPI,466.3
15921,831,310,2023-10-21,2,378.22,0,UPI,756.44
15922,432,276,2024-09-29,2,51.15,10,Cash,92.07
15923,511,91,2023-01-26,3,269.48,0,Cash,808.44
15924,409,168,2023-08-08,5,168.73,10,UPI,759.28
15925,245,480,2023-02-05,5,117.52,15,PayPal,499.46
15926,229,225,2024-12-30,2,422.34,15,UPI,717.98
15927,890,53,2023-10-10,5,93.98,0,PayPal,469.9
15928,892,41,2023-10-23,2,322.78,20,Cash,516.45
15929,551,451,2024-04-07,1,409.82,20,Cash,327.86
15930,501,383,2023-10-16,1,264.76,5,UPI,251.52
15931,74,130,2024-11-08,3,219.29,15,Cash,559.19
15932,862,459,2024-06-08,1,103.79,20,Cash,83.03
15933,304,305,2023-04-29,2,111.84,0,PayPal,223.68
15934,862,175,2023-06-12,5,391.63,5,Card,1860.24
15935,270,299,2025-05-19,4,94.54,10,PayPal,340.34
15936,868,444,2024-08-14,1,191.34,5,PayPal,181.77
15937,971,109,2024-12-20,4,396.39,0,UPI,1585.56
15938,617,64,2023-02-11,5,392.86,5,Cash,1866.09
15939,392,500,2023-12-17,1,480.91,10,UPI,432.82
15940,695,497,2024-08-11,4,255.84,5,Cash,972.19
15941,278,344,2023-01-29,2,352.51,15,Card,599.27
15942,829,61,2024-08-23,4,73.7,15,Card,250.58
15943,93,334,2024-12-17,5,105.15,15,Card,446.89
15944,102,429,2023-09-26,2,187.13,20,PayPal,299.41
15945,565,438,2024-01-05,2,447.13,20,PayPal,715.41
15946,843,18,2025-03-14,3,318.41,15,Card,811.95
15947,122,474,2023-06-23,5,128.77,0,PayPal,643.85
15948,662,172,2023-11-02,2,169.53,15,PayPal,288.2
15949,372,349,2025-06-16,2,223.09,10,Cash,401.56
15950,721,119,2024-11-18,4,330.7,5,PayPal,1256.66
15951,107,339,2023-05-14,5,310.9,15,Cash,1321.33
15952,166,351,2023-07-17,4,328.47,20,Cash,1051.1
15953,758,312,2023-10-03,2,300.14,20,Card,480.22
15954,710,8,2025-03-02,5,473.02,0,Cash,2365.1
15955,536,34,2023-11-13,5,133.15,15,UPI,565.89
15956,657,198,2023-10-12,2,194.42,15,PayPal,330.51
15957,715,476,2024-12-07,2,300.58,5,Cash,571.1
15958,872,303,2023-04-23,5,288.17,15,PayPal,1224.72
15959,451,72,2023-08-05,5,390.99,5,Cash,1857.2
15960,981,467,2023-06-25,2,411.99,20,Cash,659.18
15961,572,419,2024-04-23,1,448.76,20,PayPal,359.01
15962,974,70,2023-02-19,1,227.4,15,Cash,193.29
15963,830,387,2024-06-10,2,437.96,15,Card,744.53
15964,974,178,2023-01-31,1,214.19,10,Cash,192.77
15965,520,348,2025-03-20,4,220.04,15,Cash,748.14
15966,954,381,2024-08-27,3,225.01,10,PayPal,607.53
15967,933,217,2023-12-03,2,349.48,20,UPI,559.17
15968,322,460,2025-01-31,2,265.35,15,PayPal,451.1
15969,644,361,2023-09-18,2,165.02,10,Card,297.04
15970,288,134,2024-07-04,4,360.72,0,PayPal,1442.88
15971,909,412,2023-08-24,1,150.84,0,Cash,150.84
15972,601,74,2023-12-05,4,13.34,5,UPI,50.69
15973,342,237,2024-03-17,3,331.1,20,Cash,794.64
15974,148,482,2023-06-30,1,37.73,20,Cash,30.18
15975,739,320,2025-04-20,5,120.34,20,PayPal,481.36
15976,922,493,2023-01-25,5,134.57,20,PayPal,538.28
15977,388,174,2023-01-15,1,308.26,20,Cash,246.61
15978,106,168,2023-08-27,3,443.08,15,UPI,1129.85
15979,632,392,2025-01-25,3,109.14,10,Card,294.68
15980,490,358,2023-04-24,5,389.9,15,Card,1657.08
15981,572,363,2024-11-22,5,379.45,10,Card,1707.53
15982,774,221,2023-08-02,2,377.19,0,Cash,754.38
15983,928,208,2025-03-05,1,149.76,0,UPI,149.76
15984,475,257,2023-03-25,2,108.29,5,PayPal,205.75
15985,288,119,2023-07-31,1,417.56,20,UPI,334.05
15986,977,150,2023-08-18,4,154.11,0,UPI,616.44
15987,65,489,2023-07-25,5,244.76,0,Cash,1223.8
15988,783,38,2023-04-15,2,125.92,0,UPI,251.84
15989,588,61,2023-02-25,1,432.49,0,PayPal,432.49
15990,215,125,2025-04-02,5,251.51,10,Card,1131.8
15991,951,304,2024-12-14,4,22.51,0,UPI,90.04
15992,338,289,2024-08-11,4,338.54,5,UPI,1286.45
15993,295,2,2024-05-03,4,101.99,15,Card,346.77
15994,486,215,2025-05-06,4,218.68,10,Card,787.25
15995,981,84,2023-06-25,5,240.63,10,PayPal,1082.84
15996,510,418,2023-08-04,3,465.82,0,Card,1397.46
15997,361,486,2024-02-24,5,88.79,10,PayPal,399.56
15998,274,223,2025-05-25,3,177.14,20,UPI,425.14
15999,81,367,2024-10-02,1,372.57,0,Card,372.57
16000,603,342,2025-03-24,3,102.55,10,Cash,276.88
16001,382,217,2024-03-31,3,184.87,5,UPI,526.88
16002,797,107,2025-01-14,1,298.63,15,Cash,253.84
16003,577,167,2023-09-01,2,11.05,5,PayPal,21.0
16004,446,159,2023-03-22,2,57.86,10,UPI,104.15
16005,829,497,2023-03-21,5,173.81,20,UPI,695.24
16006,388,109,2023-07-25,4,210.64,0,Cash,842.56
16007,693,386,2023-04-07,3,407.48,10,Cash,1100.2
16008,282,209,2023-01-24,5,414.05,10,Cash,1863.23
16009,290,286,2024-08-29,2,436.21,5,UPI,828.8
16010,424,317,2024-12-10,4,451.78,20,Card,1445.7
16011,195,265,2023-05-15,5,314.26,0,UPI,1571.3
16012,514,291,2024-09-20,3,329.95,10,Cash,890.86
16013,60,160,2025-05-21,4,224.07,0,Cash,896.28
16014,935,196,2024-08-13,4,193.52,0,PayPal,774.08
16015,914,100,2024-03-20,4,22.88,0,Cash,91.52
16016,565,286,2024-12-13,5,232.95,5,PayPal,1106.51
16017,222,238,2024-03-30,1,424.83,20,Cash,339.86
16018,783,207,2024-07-19,1,249.74,15,UPI,212.28
16019,332,249,2024-04-06,2,463.57,5,Cash,880.78
16020,15,219,2024-01-29,4,451.8,20,PayPal,1445.76
16021,791,275,2023-09-03,3,432.98,15,PayPal,1104.1
16022,727,357,2025-03-01,1,295.84,10,Card,266.26
16023,169,132,2023-03-07,2,476.78,20,UPI,762.85
16024,661,199,2024-02-01,2,341.73,20,PayPal,546.77
16025,8,462,2024-12-11,5,38.4,5,Card,182.4
16026,990,452,2023-02-23,4,423.12,5,UPI,1607.86
16027,321,178,2024-06-30,4,347.54,15,PayPal,1181.64
16028,703,98,2025-05-28,2,336.01,10,Cash,604.82
16029,64,47,2023-10-06,1,53.3,10,UPI,47.97
16030,769,124,2024-10-08,3,140.24,10,UPI,378.65
16031,555,321,2023-02-07,5,36.49,10,Card,164.21
16032,916,13,2023-03-21,3,467.83,0,Cash,1403.49
16033,902,251,2024-03-18,3,119.5,5,PayPal,340.57
16034,641,91,2024-02-09,3,328.51,0,UPI,985.53
16035,458,398,2025-01-08,5,34.34,0,PayPal,171.7
16036,974,443,2024-04-30,4,144.09,5,PayPal,547.54
16037,830,397,2023-10-08,5,183.81,15,PayPal,781.19
16038,188,386,2023-05-31,3,44.34,15,UPI,113.07
16039,168,119,2024-07-06,3,60.99,0,UPI,182.97
16040,573,463,2023-05-09,2,116.38,20,PayPal,186.21
16041,556,302,2025-04-02,1,404.14,5,Card,383.93
16042,640,396,2023-01-01,1,411.53,20,UPI,329.22
16043,354,462,2024-07-25,5,136.83,10,UPI,615.74
16044,453,463,2024-05-19,2,236.43,10,Card,425.57
16045,653,409,2024-09-17,1,285.18,15,Cash,242.4
16046,959,362,2023-07-07,1,368.26,5,Cash,349.85
16047,413,327,2023-07-02,1,243.01,20,UPI,194.41
16048,12,461,2024-07-10,4,488.64,15,UPI,1661.38
16049,704,157,2024-11-22,4,290.72,20,Card,930.3
16050,589,216,2023-06-29,3,267.32,15,Cash,681.67
16051,23,278,2023-09-13,2,265.21,10,Card,477.38
16052,38,407,2023-10-30,3,247.69,10,UPI,668.76
16053,904,222,2025-02-12,5,47.55,20,PayPal,190.2
16054,58,303,2024-09-14,4,441.69,0,Cash,1766.76
16055,8,27,2023-06-21,3,106.67,15,PayPal,272.01
16056,33,108,2025-06-04,5,150.52,5,Card,714.97
16057,844,485,2023-06-10,3,471.52,5,UPI,1343.83
16058,107,304,2023-05-19,3,331.07,20,Card,794.57
16059,955,88,2024-06-17,5,343.39,5,PayPal,1631.1
16060,308,493,2024-04-04,4,346.88,20,UPI,1110.02
16061,892,120,2023-05-23,4,82.37,10,PayPal,296.53
16062,396,40,2023-04-29,4,280.14,20,Card,896.45
16063,60,16,2023-05-01,2,139.75,10,Cash,251.55
16064,688,281,2023-04-19,2,449.05,20,Card,718.48
16065,266,451,2024-10-29,1,242.87,10,Cash,218.58
16066,510,224,2023-07-30,3,491.75,0,PayPal,1475.25
16067,211,315,2025-04-30,5,25.6,20,PayPal,102.4
16068,147,479,2025-05-15,3,412.34,10,PayPal,1113.32
16069,852,333,2024-02-24,3,78.0,5,UPI,222.3
16070,934,110,2024-05-12,5,405.72,5,UPI,1927.17
16071,349,106,2025-04-16,5,496.63,20,PayPal,1986.52
16072,252,250,2023-06-10,2,206.12,15,UPI,350.4
16073,704,188,2023-10-26,1,7.69,0,PayPal,7.69
16074,67,386,2023-12-11,5,90.58,5,Cash,430.25
16075,754,1,2024-06-24,4,427.55,5,PayPal,1624.69
16076,876,398,2024-03-18,1,62.78,15,Card,53.36
16077,951,447,2024-09-07,4,139.08,10,UPI,500.69
16078,883,118,2023-05-07,5,29.97,10,PayPal,134.87
16079,879,185,2023-12-28,3,485.43,20,PayPal,1165.03
16080,973,27,2023-12-28,1,138.87,5,Cash,131.93
16081,240,250,2024-11-26,1,98.01,20,UPI,78.41
16082,578,242,2025-01-07,3,439.04,20,PayPal,1053.7
16083,851,211,2025-04-28,5,215.77,0,PayPal,1078.85
16084,931,226,2025-03-17,4,41.63,5,UPI,158.19
16085,315,70,2023-11-08,2,197.03,10,UPI,354.65
16086,111,10,2023-11-25,2,439.61,5,UPI,835.26
16087,250,442,2025-01-27,1,286.08,5,PayPal,271.78
16088,40,388,2023-07-25,1,216.84,0,UPI,216.84
16089,321,111,2024-09-22,3,115.86,0,Cash,347.58
16090,519,178,2023-10-16,3,199.49,0,Cash,598.47
16091,656,218,2023-05-10,3,67.23,10,UPI,181.52
16092,971,428,2025-05-15,5,180.81,15,Cash,768.44
16093,824,347,2023-12-29,1,127.2,0,PayPal,127.2
16094,947,71,2023-09-07,5,272.83,15,PayPal,1159.53
16095,67,361,2025-01-17,2,379.26,5,Card,720.59
16096,897,73,2023-09-17,5,48.22,5,Card,229.04
16097,772,45,2023-04-27,5,79.16,10,Cash,356.22
16098,736,483,2024-07-10,3,319.45,5,Cash,910.43
16099,414,114,2023-05-17,2,62.07,0,UPI,124.14
16100,4,5,2023-07-11,2,142.3,20,Card,227.68
16101,401,55,2024-08-26,4,150.89,15,PayPal,513.03
16102,904,296,2024-09-13,4,191.75,20,UPI,613.6
16103,190,473,2024-02-17,4,304.11,15,UPI,1033.97
16104,996,429,2025-06-19,2,239.04,0,Card,478.08
16105,190,76,2025-02-08,2,103.63,5,Cash,196.9
16106,544,56,2024-05-01,2,295.78,20,Cash,473.25
16107,119,443,2023-01-05,3,306.96,10,Cash,828.79
16108,726,476,2023-04-12,2,187.82,0,Card,375.64
16109,151,242,2025-04-01,3,370.1,0,UPI,1110.3
16110,82,198,2023-03-14,4,195.23,20,UPI,624.74
16111,165,455,2025-04-29,1,126.55,5,PayPal,120.22
16112,254,166,2023-06-10,3,183.26,15,PayPal,467.31
16113,110,273,2023-02-03,4,117.28,10,Cash,422.21
16114,320,360,2023-09-16,5,469.0,20,Cash,1876.0
16115,280,167,2025-05-24,5,333.6,5,Cash,1584.6
16116,937,191,2025-06-12,1,223.09,20,PayPal,178.47
16117,887,49,2023-07-29,3,413.65,5,Card,1178.9
16118,624,121,2024-09-24,3,434.59,10,PayPal,1173.39
16119,693,141,2025-05-15,3,233.75,15,UPI,596.06
16120,493,433,2025-01-01,2,70.88,20,Cash,113.41
16121,755,259,2024-10-19,5,167.89,10,PayPal,755.5
16122,748,140,2025-02-19,5,390.03,15,Cash,1657.63
16123,126,396,2023-08-28,1,63.25,20,Card,50.6
16124,824,380,2024-09-02,5,81.29,10,PayPal,365.81
16125,804,112,2023-12-14,1,494.45,5,PayPal,469.73
16126,232,398,2025-01-29,3,66.63,0,PayPal,199.89
16127,909,42,2024-11-02,5,302.73,0,Card,1513.65
16128,235,159,2023-12-09,1,310.97,5,Cash,295.42
16129,294,223,2023-02-20,3,191.7,15,PayPal,488.83
16130,282,28,2023-04-26,2,46.84,20,PayPal,74.94
16131,989,176,2023-08-18,5,138.27,10,Cash,622.22
16132,702,100,2023-09-03,1,100.3,10,UPI,90.27
16133,783,234,2023-01-22,5,189.57,10,Card,853.06
16134,959,461,2023-12-07,5,417.77,10,Cash,1879.96
16135,884,390,2024-06-24,5,334.15,5,UPI,1587.21
16136,319,437,2025-01-29,1,14.95,20,Card,11.96
16137,196,258,2024-04-16,1,397.39,15,Card,337.78
16138,254,389,2024-03-29,4,307.36,20,Card,983.55
16139,758,91,2023-07-06,3,376.84,10,PayPal,1017.47
16140,477,44,2023-12-30,1,70.52,5,Card,66.99
16141,907,34,2023-12-06,3,74.82,10,Card,202.01
16142,520,413,2024-11-28,4,20.25,10,Cash,72.9
16143,973,342,2024-09-24,2,412.43,0,Card,824.86
16144,205,93,2023-08-27,2,108.96,10,Card,196.13
16145,545,388,2023-06-21,2,44.08,5,Card,83.75
16146,336,485,2024-01-11,2,469.17,10,UPI,844.51
16147,450,142,2023-12-28,5,468.51,0,Card,2342.55
16148,717,422,2023-06-19,5,421.12,10,PayPal,1895.04
16149,844,94,2023-07-10,5,417.22,0,PayPal,2086.1
16150,860,445,2023-07-19,5,433.83,10,PayPal,1952.24
16151,599,385,2024-06-15,4,237.7,0,PayPal,950.8
16152,368,59,2024-03-21,5,208.18,15,UPI,884.77
16153,846,266,2023-09-23,5,237.3,10,Cash,1067.85
16154,373,466,2024-06-05,4,399.96,15,Card,1359.86
16155,954,90,2023-07-24,5,420.32,20,Cash,1681.28
16156,696,273,2023-01-13,1,232.91,0,UPI,232.91
16157,441,287,2024-02-26,4,357.2,20,PayPal,1143.04
16158,56,88,2025-06-18,3,294.71,0,Card,884.13
16159,923,483,2023-04-15,5,35.73,5,Cash,169.72
16160,480,488,2023-02-04,2,319.17,10,UPI,574.51
16161,559,308,2024-01-25,5,401.16,15,Cash,1704.93
16162,900,330,2023-07-05,1,464.32,15,Card,394.67
16163,765,279,2023-09-04,2,63.65,5,UPI,120.93
16164,51,386,2023-10-16,1,17.66,5,UPI,16.78
16165,183,418,2023-03-07,3,90.12,15,Card,229.81
16166,576,35,2024-09-24,2,115.2,5,UPI,218.88
16167,860,167,2024-08-15,4,345.67,0,UPI,1382.68
16168,616,297,2024-01-24,4,24.54,20,UPI,78.53
16169,955,425,2024-10-15,5,25.96,5,Cash,123.31
16170,963,190,2023-03-06,2,150.5,0,Card,301.0
16171,861,183,2023-03-23,4,72.72,0,UPI,290.88
16172,93,486,2023-11-01,4,5.05,20,Card,16.16
16173,693,117,2023-10-09,4,277.3,15,Card,942.82
16174,504,154,2024-10-27,3,383.16,0,PayPal,1149.48
16175,141,400,2025-03-18,3,32.85,0,PayPal,98.55
16176,850,233,2023-06-21,3,150.75,5,Card,429.64
16177,860,217,2023-06-16,5,424.33,20,Card,1697.32
16178,510,374,2024-12-01,4,475.88,5,Cash,1808.34
16179,819,52,2023-07-12,3,87.99,15,Card,224.37
16180,947,172,2025-05-21,4,343.33,10,PayPal,1235.99
16181,719,334,2023-12-20,2,48.99,20,Card,78.38
16182,781,132,2023-01-24,1,36.7,0,Card,36.7
16183,191,226,2023-04-24,4,62.37,5,UPI,237.01
16184,792,7,2023-01-27,1,269.17,10,Cash,242.25
16185,244,127,2023-05-21,3,424.92,0,UPI,1274.76
16186,162,480,2024-02-15,5,494.03,10,Card,2223.13
16187,28,121,2024-08-30,2,132.8,5,UPI,252.32
16188,136,428,2023-08-01,3,469.05,5,Cash,1336.79
16189,616,247,2023-09-11,4,95.52,5,UPI,362.98
16190,8,240,2024-04-10,5,129.69,0,Cash,648.45
16191,827,341,2023-02-13,1,226.61,15,Cash,192.62
16192,746,233,2024-01-21,5,458.99,15,Card,1950.71
16193,49,339,2024-04-06,1,381.0,5,Cash,361.95
16194,481,329,2023-06-03,1,202.66,10,PayPal,182.39
16195,645,216,2024-09-26,2,72.29,5,Cash,137.35
16196,934,201,2023-12-05,1,282.28,0,Card,282.28
16197,415,47,2024-08-21,5,245.87,10,Card,1106.41
16198,727,407,2023-12-30,4,377.06,5,Cash,1432.83
16199,580,498,2025-03-01,2,176.64,5,PayPal,335.62
16200,136,295,2024-11-13,3,76.39,10,PayPal,206.25
16201,211,185,2023-11-27,3,338.21,0,Cash,1014.63
16202,147,465,2023-02-12,2,391.41,10,UPI,704.54
16203,326,9,2024-08-05,1,291.57,15,UPI,247.83
16204,513,110,2024-02-17,4,320.3,10,PayPal,1153.08
16205,860,245,2025-06-06,5,49.96,15,PayPal,212.33
16206,767,34,2023-11-23,3,420.01,10,Card,1134.03
16207,559,14,2023-11-19,2,274.83,10,UPI,494.69
16208,401,71,2023-11-14,2,474.66,15,Cash,806.92
16209,573,202,2025-05-25,3,48.26,5,PayPal,137.54
16210,419,311,2023-09-05,1,447.04,0,PayPal,447.04
16211,408,153,2024-07-25,3,368.61,5,Card,1050.54
16212,437,159,2024-12-22,3,148.23,10,UPI,400.22
16213,462,33,2025-02-20,2,11.53,10,Card,20.75
16214,366,288,2024-09-07,3,445.74,5,UPI,1270.36
16215,859,454,2024-02-25,2,56.32,15,UPI,95.74
16216,364,76,2024-07-02,4,294.43,10,Card,1059.95
16217,764,442,2025-04-10,2,51.6,5,UPI,98.04
16218,247,123,2024-08-28,2,124.73,15,Cash,212.04
16219,176,182,2023-01-12,1,232.46,20,UPI,185.97
16220,355,412,2023-08-25,1,200.0,20,UPI,160.0
16221,79,209,2023-12-12,5,428.21,5,UPI,2034.0
16222,472,253,2023-11-12,3,147.76,20,PayPal,354.62
16223,399,249,2025-02-20,2,263.95,20,PayPal,422.32
16224,622,460,2025-05-26,2,449.7,20,PayPal,719.52
16225,693,455,2024-06-02,1,304.64,0,Cash,304.64
16226,704,417,2023-08-24,4,222.63,15,Cash,756.94
16227,939,390,2025-01-12,3,328.37,15,UPI,837.34
16228,923,280,2024-05-07,5,120.94,10,PayPal,544.23
16229,590,364,2023-07-30,5,457.68,0,PayPal,2288.4
16230,858,164,2025-04-23,1,379.22,15,UPI,322.34
16231,50,365,2024-09-07,2,239.51,0,PayPal,479.02
16232,799,481,2024-02-09,1,75.01,0,Card,75.01
16233,223,426,2023-08-01,2,252.94,15,UPI,430.0
16234,636,460,2024-07-05,2,361.44,0,Card,722.88
16235,854,455,2024-09-09,3,14.74,5,UPI,42.01
16236,407,296,2024-04-04,3,285.39,15,UPI,727.74
16237,202,123,2024-12-19,2,405.42,0,UPI,810.84
16238,727,118,2023-02-19,2,200.12,20,PayPal,320.19
16239,407,488,2025-06-18,4,161.4,5,UPI,613.32
16240,399,76,2023-07-11,4,128.6,0,PayPal,514.4
16241,307,292,2024-09-04,5,155.56,20,Card,622.24
16242,126,444,2023-08-24,4,211.67,15,UPI,719.68
16243,77,390,2024-03-04,3,448.94,0,PayPal,1346.82
16244,802,74,2023-04-28,5,188.21,5,PayPal,894.0
16245,886,256,2024-12-26,3,149.39,0,UPI,448.17
16246,472,293,2025-01-17,4,355.72,20,PayPal,1138.3
16247,666,18,2023-08-24,4,404.56,10,Card,1456.42
16248,630,212,2023-05-10,3,91.06,10,Cash,245.86
16249,629,220,2023-05-02,5,76.59,5,Card,363.8
16250,242,97,2025-03-21,4,479.77,10,Card,1727.17
16251,150,12,2024-09-01,4,260.88,0,Cash,1043.52
16252,765,321,2023-06-16,4,69.37,15,Card,235.86
16253,279,301,2023-08-17,5,9.13,0,UPI,45.65
16254,163,424,2024-01-21,1,455.31,20,Cash,364.25
16255,554,81,2024-06-30,1,138.08,0,UPI,138.08
16256,938,42,2023-11-04,5,104.07,0,Card,520.35
16257,573,119,2024-04-21,1,91.87,20,Card,73.5
16258,944,91,2024-06-05,4,192.13,10,PayPal,691.67
16259,149,479,2023-03-20,2,236.69,20,Card,378.7
16260,151,451,2024-02-17,4,328.58,5,Cash,1248.6
16261,124,432,2024-04-03,3,346.36,10,Card,935.17
16262,750,350,2024-05-29,1,305.16,5,UPI,289.9
16263,225,484,2023-03-13,3,176.56,20,Cash,423.74
16264,536,120,2023-02-08,4,26.31,10,UPI,94.72
16265,946,442,2025-05-09,1,172.91,5,UPI,164.26
16266,826,144,2024-02-29,5,72.58,10,UPI,326.61
16267,911,236,2023-01-07,1,315.91,0,Cash,315.91
16268,185,301,2023-06-26,5,460.93,10,UPI,2074.18
16269,106,205,2024-08-16,3,437.2,15,PayPal,1114.86
16270,673,426,2025-06-13,3,33.55,20,Card,80.52
16271,859,220,2023-03-13,3,198.36,5,PayPal,565.33
16272,535,50,2024-01-22,1,284.07,20,PayPal,227.26
16273,277,411,2025-04-24,2,300.7,5,Cash,571.33
16274,98,365,2024-10-28,1,32.48,5,UPI,30.86
16275,111,382,2023-03-21,3,126.7,0,Card,380.1
16276,668,144,2024-02-04,3,302.9,0,Card,908.7
16277,505,36,2024-01-14,5,362.72,10,UPI,1632.24
16278,591,396,2024-02-13,4,483.02,15,Cash,1642.27
16279,516,447,2023-01-18,1,303.77,15,PayPal,258.2
16280,14,335,2023-05-24,1,391.84,10,Card,352.66
16281,575,239,2024-08-07,5,291.79,0,UPI,1458.95
16282,765,23,2025-04-29,4,210.7,20,Cash,674.24
16283,955,498,2023-09-09,3,361.4,5,UPI,1029.99
16284,742,297,2025-03-17,3,36.61,0,PayPal,109.83
16285,489,202,2023-06-18,3,457.78,5,PayPal,1304.67
16286,418,220,2025-04-16,2,295.11,20,Card,472.18
16287,882,411,2023-05-18,1,115.9,20,Cash,92.72
16288,596,368,2024-07-15,3,140.97,20,UPI,338.33
16289,112,381,2024-06-27,3,52.1,5,PayPal,148.49
16290,784,365,2025-04-28,4,386.23,10,Card,1390.43
16291,354,229,2024-09-05,2,373.84,5,Card,710.3
16292,127,67,2025-06-09,1,162.37,5,UPI,154.25
16293,607,12,2025-03-15,4,37.29,20,PayPal,119.33
16294,179,496,2023-08-17,5,367.81,0,Card,1839.05
16295,326,495,2024-05-04,3,208.81,20,Card,501.14
16296,634,76,2023-07-16,3,262.48,20,Card,629.95
16297,241,81,2025-04-11,2,110.22,20,UPI,176.35
16298,674,397,2023-03-10,2,476.77,10,Cash,858.19
16299,587,106,2024-11-08,5,379.89,5,UPI,1804.48
16300,486,400,2025-02-07,2,337.84,5,UPI,641.9
16301,528,177,2024-01-10,5,492.67,0,PayPal,2463.35
16302,256,265,2023-10-30,1,291.65,10,PayPal,262.49
16303,890,215,2025-04-28,2,18.17,5,PayPal,34.52
16304,521,201,2024-01-24,4,234.13,0,Cash,936.52
16305,69,273,2023-11-05,1,277.75,10,Card,249.97
16306,952,81,2023-05-06,4,108.22,10,Cash,389.59
16307,490,331,2024-08-01,4,389.52,0,UPI,1558.08
16308,409,134,2024-03-15,3,189.56,20,Cash,454.94
16309,125,128,2023-05-06,2,222.93,15,Card,378.98
16310,520,290,2023-06-15,2,253.51,15,UPI,430.97
16311,127,102,2024-06-29,2,36.42,15,PayPal,61.91
16312,487,120,2024-01-30,3,72.47,10,PayPal,195.67
16313,942,319,2024-07-09,4,230.22,0,UPI,920.88
16314,361,412,2023-10-24,3,467.35,15,PayPal,1191.74
16315,33,377,2023-02-07,2,39.59,20,UPI,63.34
16316,264,359,2024-09-12,3,287.68,0,Cash,863.04
16317,425,117,2025-01-03,4,325.26,0,Cash,1301.04
16318,35,113,2025-05-31,5,234.87,10,PayPal,1056.91
16319,70,357,2024-08-14,1,29.31,20,PayPal,23.45
16320,978,57,2024-02-07,3,23.11,0,PayPal,69.33
16321,167,455,2025-03-26,1,169.31,0,Cash,169.31
16322,81,291,2023-11-27,4,387.96,10,Cash,1396.66
16323,689,211,2025-05-06,5,374.1,15,Cash,1589.92
16324,842,367,2023-10-19,1,272.16,0,PayPal,272.16
16325,905,331,2024-04-19,4,287.23,10,Cash,1034.03
16326,23,140,2024-09-05,3,229.98,0,PayPal,689.94
16327,663,162,2023-07-15,2,87.94,5,UPI,167.09
16328,916,476,2024-08-07,1,459.81,5,Cash,436.82
16329,910,110,2024-07-16,3,384.9,20,Card,923.76
16330,215,261,2024-01-15,1,175.15,10,Card,157.64
16331,575,224,2023-01-24,4,412.23,0,PayPal,1648.92
16332,351,153,2024-08-23,1,350.06,20,Card,280.05
16333,311,206,2023-01-18,1,430.94,10,Card,387.85
16334,884,377,2023-10-31,1,269.36,10,Cash,242.42
16335,301,161,2024-10-25,4,107.61,10,UPI,387.4
16336,922,355,2023-09-30,4,218.95,20,PayPal,700.64
16337,319,309,2024-07-29,3,384.63,0,UPI,1153.89
16338,45,355,2025-04-10,5,170.39,20,Card,681.56
16339,724,445,2024-10-27,5,371.09,15,Card,1577.13
16340,571,232,2023-05-06,3,353.82,15,Card,902.24
16341,555,350,2023-08-20,3,75.43,10,Cash,203.66
16342,11,109,2025-04-24,5,481.79,5,PayPal,2288.5
16343,635,103,2024-05-21,4,174.01,5,Card,661.24
16344,809,468,2024-10-23,3,86.75,5,Card,247.24
16345,803,468,2023-07-21,1,148.46,15,PayPal,126.19
16346,194,230,2023-09-08,4,357.78,0,PayPal,1431.12
16347,284,188,2024-09-13,2,222.86,5,PayPal,423.43
16348,147,106,2025-06-01,3,236.02,0,UPI,708.06
16349,490,139,2024-12-05,4,212.32,10,Card,764.35
16350,42,312,2023-01-08,5,440.69,20,Card,1762.76
16351,679,235,2024-01-25,3,351.07,10,Cash,947.89
16352,324,430,2024-03-22,4,51.55,5,UPI,195.89
16353,850,6,2024-08-17,1,91.77,5,Card,87.18
16354,895,349,2023-05-17,5,111.26,15,UPI,472.86
16355,145,8,2024-08-04,4,86.57,20,UPI,277.02
16356,235,28,2025-06-07,4,224.46,10,Cash,808.06
16357,626,14,2024-11-24,4,125.73,5,Card,477.77
16358,66,202,2025-02-11,1,162.92,0,PayPal,162.92
16359,463,365,2024-01-05,1,312.54,10,Cash,281.29
16360,890,166,2023-08-28,4,299.99,15,Card,1019.97
16361,14,16,2023-06-23,1,110.45,5,Card,104.93
16362,573,89,2025-02-25,4,394.73,20,Cash,1263.14
16363,621,439,2024-10-01,5,147.66,0,UPI,738.3
16364,822,196,2023-03-04,5,379.7,0,UPI,1898.5
16365,587,137,2024-04-23,3,476.75,20,UPI,1144.2
16366,711,314,2023-05-24,3,22.64,5,Card,64.52
16367,874,152,2023-02-06,2,335.38,15,UPI,570.15
16368,807,216,2024-07-10,4,168.34,10,Cash,606.02
16369,990,9,2023-01-10,2,190.66,15,Card,324.12
16370,270,227,2025-02-25,4,493.15,10,PayPal,1775.34
16371,298,108,2025-06-11,2,496.35,5,Card,943.07
16372,64,140,2023-12-28,2,97.74,10,PayPal,175.93
16373,953,76,2025-02-26,5,479.28,0,UPI,2396.4
16374,775,392,2023-11-21,3,453.55,10,Card,1224.59
16375,964,406,2024-05-21,5,344.02,5,PayPal,1634.09
16376,620,219,2024-10-11,4,299.74,5,UPI,1139.01
16377,573,384,2023-09-21,2,498.22,20,UPI,797.15
16378,68,224,2023-09-23,2,366.47,20,Card,586.35
16379,192,114,2023-02-06,5,346.64,10,Card,1559.88
16380,680,43,2024-03-10,4,43.93,0,Cash,175.72
16381,599,384,2023-08-30,4,140.49,5,UPI,533.86
16382,76,398,2024-01-07,2,353.52,5,UPI,671.69
16383,214,310,2024-10-27,5,401.3,5,PayPal,1906.17
16384,206,49,2025-06-06,5,95.75,0,PayPal,478.75
16385,811,180,2024-05-03,4,346.62,15,Cash,1178.51
16386,777,443,2025-04-23,2,23.72,0,Cash,47.44
16387,586,453,2025-03-30,4,363.02,5,UPI,1379.48
16388,298,391,2023-11-07,2,326.85,15,Card,555.64
16389,686,146,2023-07-24,1,109.28,5,Cash,103.82
16390,373,101,2023-03-06,1,277.76,15,PayPal,236.1
16391,309,9,2025-01-23,5,225.97,15,PayPal,960.37
16392,917,323,2023-12-11,5,317.87,5,Card,1509.88
16393,887,476,2024-07-23,5,371.59,5,UPI,1765.05
16394,353,112,2023-06-24,3,103.76,0,Cash,311.28
16395,151,61,2023-08-01,2,44.93,20,PayPal,71.89
16396,387,67,2024-12-06,1,319.16,20,PayPal,255.33
16397,231,18,2024-04-07,3,477.52,15,Cash,1217.68
16398,781,258,2024-01-28,1,256.51,15,Card,218.03
16399,938,455,2024-10-29,2,204.14,5,Card,387.87
16400,747,498,2024-07-19,5,201.11,20,PayPal,804.44
16401,785,5,2025-03-30,1,425.67,5,Cash,404.39
16402,918,494,2023-11-21,3,263.72,20,UPI,632.93
16403,196,50,2024-05-04,4,199.71,0,PayPal,798.84
16404,771,236,2024-04-25,1,439.88,15,UPI,373.9
16405,487,185,2024-09-14,1,231.16,20,UPI,184.93
16406,229,130,2024-03-07,5,306.73,0,PayPal,1533.65
16407,572,354,2024-08-05,1,131.86,20,Card,105.49
16408,291,394,2025-01-28,5,7.96,15,Cash,33.83
16409,1,408,2023-09-17,1,451.64,20,Cash,361.31
16410,211,12,2023-07-24,5,211.05,10,UPI,949.73
16411,55,156,2024-09-18,4,131.97,5,PayPal,501.49
16412,792,362,2024-06-27,4,475.0,10,PayPal,1710.0
16413,437,357,2025-03-10,4,290.86,5,PayPal,1105.27
16414,874,316,2023-09-08,3,486.04,10,PayPal,1312.31
16415,710,240,2023-07-12,2,89.71,0,Card,179.42
16416,477,188,2025-03-10,2,307.54,10,PayPal,553.57
16417,125,408,2023-09-04,3,383.93,15,PayPal,979.02
16418,73,234,2025-01-22,4,470.43,0,Cash,1881.72
16419,392,371,2025-04-14,5,140.73,10,UPI,633.28
16420,823,174,2024-12-10,1,416.77,20,PayPal,333.42
16421,174,67,2025-01-23,2,120.39,10,Card,216.7
16422,431,472,2023-07-06,3,346.58,10,UPI,935.77
16423,121,170,2023-03-30,4,56.94,10,UPI,204.98
16424,85,6,2024-06-21,1,139.34,10,Cash,125.41
16425,647,212,2024-08-29,1,320.43,20,PayPal,256.34
16426,181,123,2024-08-01,2,133.29,0,UPI,266.58
16427,32,497,2023-04-12,3,404.42,10,Card,1091.93
16428,148,262,2023-02-10,2,356.97,5,Card,678.24
16429,467,3,2024-04-15,2,432.96,10,UPI,779.33
16430,354,143,2023-11-19,2,302.58,10,Card,544.64
16431,639,413,2025-02-01,4,312.3,5,PayPal,1186.74
16432,958,155,2024-04-19,2,263.99,20,Cash,422.38
16433,349,129,2023-07-26,5,447.35,5,Card,2124.91
16434,110,337,2023-06-22,2,130.36,0,Cash,260.72
16435,385,114,2024-05-13,1,60.69,10,Card,54.62
16436,950,18,2023-03-02,3,293.45,0,UPI,880.35
16437,739,381,2025-04-09,1,414.09,15,PayPal,351.98
16438,861,246,2025-02-03,5,149.18,20,Cash,596.72
16439,630,163,2024-10-24,4,36.35,0,Card,145.4
16440,381,382,2023-10-27,2,244.66,10,Cash,440.39
16441,113,348,2023-02-02,3,47.13,10,Card,127.25
16442,292,90,2025-05-05,2,227.13,20,Card,363.41
16443,315,76,2024-05-26,2,185.76,5,Cash,352.94
16444,943,363,2023-08-19,1,353.23,5,Card,335.57
16445,452,410,2025-01-18,1,441.32,0,PayPal,441.32
16446,881,387,2025-05-21,2,237.99,20,Cash,380.78
16447,685,398,2024-08-12,2,356.77,5,Card,677.86
16448,585,275,2024-09-08,1,322.55,10,UPI,290.3
16449,594,387,2024-12-24,3,263.13,15,PayPal,670.98
16450,943,142,2023-10-03,3,439.76,0,Cash,1319.28
16451,127,124,2025-05-24,1,142.79,15,Card,121.37
16452,890,419,2024-04-19,5,406.67,15,Card,1728.35
16453,939,51,2025-06-19,5,450.68,15,Cash,1915.39
16454,489,91,2024-02-16,2,128.53,20,UPI,205.65
16455,435,420,2023-12-19,4,143.13,15,UPI,486.64
16456,272,79,2024-03-06,2,210.12,10,Cash,378.22
16457,856,101,2025-05-31,5,419.16,5,PayPal,1991.01
16458,619,236,2025-02-23,4,141.93,10,Cash,510.95
16459,718,207,2025-06-01,2,407.77,15,Card,693.21
16460,690,295,2024-05-10,1,419.05,20,UPI,335.24
16461,725,420,2024-08-31,5,118.21,20,Cash,472.84
16462,261,219,2023-07-05,2,444.17,5,Card,843.92
16463,556,250,2024-04-08,5,213.68,5,Card,1014.98
16464,74,324,2023-09-21,2,95.86,10,Cash,172.55
16465,74,267,2024-03-05,1,390.64,10,Card,351.58
16466,947,1,2024-11-20,3,67.22,15,UPI,171.41
16467,94,159,2025-01-13,2,122.68,5,UPI,233.09
16468,530,277,2024-05-31,3,199.88,10,Card,539.68
16469,423,102,2023-06-07,1,362.3,20,Card,289.84
16470,244,129,2024-06-16,2,279.19,20,Card,446.7
16471,637,164,2025-03-07,2,50.68,20,Cash,81.09
16472,259,339,2025-01-24,5,258.63,5,UPI,1228.49
16473,947,397,2023-08-24,5,440.24,5,Cash,2091.14
16474,651,332,2024-02-19,3,258.47,20,Cash,620.33
16475,399,292,2023-02-02,5,46.72,5,Cash,221.92
16476,125,93,2024-12-05,2,175.14,10,UPI,315.25
16477,827,327,2023-05-07,4,302.12,15,Card,1027.21
16478,991,178,2023-10-31,4,345.7,20,UPI,1106.24
16479,939,436,2023-07-08,1,352.15,5,PayPal,334.54
16480,956,470,2023-07-22,1,352.32,5,PayPal,334.7
16481,844,154,2023-10-24,4,472.7,0,PayPal,1890.8
16482,707,91,2024-06-04,4,188.67,15,UPI,641.48
16483,536,295,2024-07-25,4,95.71,5,UPI,363.7
16484,439,287,2025-02-12,3,7.99,0,PayPal,23.97
16485,269,425,2023-09-26,2,182.94,10,UPI,329.29
16486,421,473,2023-08-20,2,372.21,0,Cash,744.42
16487,46,192,2023-11-07,2,123.44,15,Cash,209.85
16488,608,398,2024-05-09,3,342.86,10,UPI,925.72
16489,734,368,2023-03-07,3,7.19,5,Card,20.49
16490,50,376,2023-11-06,4,154.89,10,UPI,557.6
16491,167,428,2025-04-20,3,65.72,10,Cash,177.44
16492,838,383,2025-03-19,2,237.03,0,Cash,474.06
16493,199,465,2023-06-23,2,113.18,5,UPI,215.04
16494,277,264,2024-02-10,1,17.64,15,PayPal,14.99
16495,259,371,2024-07-05,2,51.75,10,UPI,93.15
16496,441,393,2024-10-16,2,151.26,5,PayPal,287.39
16497,559,14,2023-06-17,5,480.14,20,PayPal,1920.56
16498,360,169,2023-12-28,5,12.68,10,Card,57.06
16499,776,306,2024-09-16,1,122.38,10,Cash,110.14
16500,264,445,2024-10-22,1,289.47,0,PayPal,289.47
16501,462,340,2025-02-14,2,158.02,15,UPI,268.63
16502,184,417,2024-02-19,1,426.38,15,Cash,362.42
16503,608,377,2024-08-03,1,455.41,5,Cash,432.64
16504,536,71,2025-01-28,2,212.69,10,UPI,382.84
16505,167,244,2023-02-18,1,371.79,0,Card,371.79
16506,684,354,2023-09-10,5,410.37,15,Cash,1744.07
16507,879,64,2024-02-28,1,268.13,20,PayPal,214.5
16508,742,46,2025-02-12,4,105.75,10,PayPal,380.7
16509,816,199,2023-05-20,5,42.7,0,Card,213.5
16510,57,358,2023-06-30,5,89.86,0,PayPal,449.3
16511,594,483,2024-07-15,3,423.58,5,Card,1207.2
16512,930,204,2025-04-17,3,464.48,5,Cash,1323.77
16513,610,191,2023-02-12,4,65.21,10,UPI,234.76
16514,504,335,2023-08-30,5,210.07,5,Card,997.83
16515,709,403,2023-09-19,5,327.03,5,PayPal,1553.39
16516,817,407,2023-06-19,1,351.14,0,Cash,351.14
16517,331,120,2024-10-31,2,453.66,0,Card,907.32
16518,57,462,2024-10-01,5,145.81,10,Card,656.14
16519,204,121,2024-04-17,1,469.5,15,UPI,399.07
16520,849,390,2023-05-29,2,206.0,5,Card,391.4
16521,775,462,2024-04-15,3,383.61,0,UPI,1150.83
16522,903,146,2023-09-20,5,491.5,0,Card,2457.5
16523,106,98,2023-10-30,1,323.42,10,PayPal,291.08
16524,619,376,2024-10-09,4,115.34,0,Card,461.36
16525,472,116,2023-08-17,2,276.48,5,UPI,525.31
16526,818,396,2025-03-28,5,426.77,15,UPI,1813.77
16527,477,9,2025-03-19,4,200.32,5,Card,761.22
16528,497,446,2023-06-02,2,426.23,20,Cash,681.97
16529,171,192,2024-02-04,4,109.54,20,Cash,350.53
16530,443,19,2023-07-16,5,96.08,0,PayPal,480.4
16531,639,472,2023-10-07,3,436.39,10,Cash,1178.25
16532,978,74,2025-05-26,3,195.25,20,Cash,468.6
16533,590,355,2023-09-05,5,159.35,5,Card,756.91
16534,649,277,2023-05-06,2,285.01,0,UPI,570.02
16535,781,453,2025-05-27,3,225.76,15,Card,575.69
16536,21,13,2024-10-28,5,369.63,20,Card,1478.52
16537,591,133,2025-06-18,2,194.02,15,UPI,329.83
16538,318,177,2023-04-29,1,424.73,0,PayPal,424.73
16539,652,214,2023-02-22,1,337.68,10,Cash,303.91
16540,142,165,2024-06-22,2,134.64,5,UPI,255.82
16541,113,175,2025-03-23,4,50.2,20,UPI,160.64
16542,574,365,2024-06-27,5,244.16,10,Card,1098.72
16543,526,438,2023-03-02,1,362.11,10,Cash,325.9
16544,78,190,2024-09-24,4,127.92,10,Cash,460.51
16545,36,399,2025-06-14,4,103.23,10,Cash,371.63
16546,71,162,2023-04-11,4,79.19,10,PayPal,285.08
16547,336,240,2024-08-07,2,183.61,0,PayPal,367.22
16548,2,93,2023-08-26,5,161.78,20,PayPal,647.12
16549,215,260,2023-03-14,5,444.26,15,PayPal,1888.11
16550,639,244,2023-09-01,4,218.57,5,UPI,830.57
16551,391,490,2024-06-02,4,361.41,0,PayPal,1445.64
16552,728,453,2023-10-28,3,271.5,15,Cash,692.32
16553,764,91,2023-09-27,4,185.24,10,Cash,666.86
16554,660,291,2023-01-24,2,193.64,0,Card,387.28
16555,178,235,2024-05-05,2,26.88,10,UPI,48.38
16556,979,391,2025-02-16,2,325.58,5,Card,618.6
16557,994,434,2024-10-02,2,146.18,20,Card,233.89
16558,453,195,2023-09-08,4,332.56,20,PayPal,1064.19
16559,950,370,2023-07-21,2,367.97,10,UPI,662.35
16560,303,490,2024-01-19,3,440.46,5,PayPal,1255.31
16561,404,191,2023-06-03,4,339.11,10,PayPal,1220.8
16562,648,83,2023-11-18,3,355.47,20,UPI,853.13
16563,798,41,2023-03-09,1,37.48,15,Cash,31.86
16564,924,191,2024-12-06,2,340.53,10,Cash,612.95
16565,664,426,2024-08-08,3,234.56,5,UPI,668.5
16566,578,25,2024-09-01,5,273.87,0,UPI,1369.35
16567,924,111,2023-11-25,2,429.63,0,UPI,859.26
16568,579,161,2024-05-17,2,228.3,10,UPI,410.94
16569,672,60,2023-03-15,2,77.8,15,PayPal,132.26
16570,73,220,2024-02-28,4,358.6,5,UPI,1362.68
16571,3,313,2023-04-23,4,467.47,0,Card,1869.88
16572,529,286,2024-07-03,4,140.15,10,Card,504.54
16573,825,470,2024-12-06,3,380.59,20,Card,913.42
16574,521,449,2023-09-10,2,310.98,0,Card,621.96
16575,9,255,2023-02-12,5,252.52,0,Card,1262.6
16576,548,104,2024-01-26,1,280.7,0,Card,280.7
16577,158,150,2024-05-28,1,443.92,0,Card,443.92
16578,212,9,2024-01-31,4,199.47,0,Cash,797.88
16579,659,266,2023-03-07,2,362.28,15,PayPal,615.88
16580,397,37,2024-11-25,1,179.64,15,Card,152.69
16581,966,26,2024-01-24,5,321.18,0,PayPal,1605.9
16582,13,287,2023-05-03,3,6.89,0,UPI,20.67
16583,189,128,2023-05-05,5,62.11,20,UPI,248.44
16584,632,171,2025-05-06,4,206.56,0,UPI,826.24
16585,414,89,2025-04-17,4,443.01,15,PayPal,1506.23
16586,133,159,2024-08-16,4,464.18,10,Card,1671.05
16587,481,284,2023-11-07,2,202.76,10,Card,364.97
16588,811,334,2024-01-23,5,211.34,15,UPI,898.2
16589,978,100,2024-07-27,2,96.48,15,Cash,164.02
16590,32,400,2023-05-01,3,441.29,0,PayPal,1323.87
16591,811,161,2024-07-03,4,24.87,10,PayPal,89.53
16592,772,64,2023-12-13,2,366.25,15,Cash,622.62
16593,181,240,2023-08-30,1,53.7,15,PayPal,45.65
16594,438,32,2024-08-26,3,432.24,10,PayPal,1167.05
16595,979,288,2025-01-27,4,286.83,10,Card,1032.59
16596,770,308,2025-01-30,2,214.95,0,PayPal,429.9
16597,905,46,2024-02-22,4,476.82,15,UPI,1621.19
16598,151,493,2023-08-07,2,60.52,10,UPI,108.94
16599,897,12,2024-06-20,4,456.52,10,UPI,1643.47
16600,457,130,2024-05-11,5,302.27,10,Card,1360.21
16601,849,369,2024-07-27,5,176.32,10,PayPal,793.44
16602,581,212,2024-07-22,4,241.79,5,UPI,918.8
16603,715,476,2024-11-17,1,460.57,15,Card,391.48
16604,932,62,2024-01-21,5,320.33,10,Cash,1441.48
16605,948,166,2024-04-30,5,161.02,5,Cash,764.85
16606,368,453,2024-05-24,1,343.56,15,PayPal,292.03
16607,244,451,2023-02-07,1,117.48,10,Cash,105.73
16608,902,282,2024-08-27,2,105.72,0,PayPal,211.44
16609,107,119,2023-12-15,3,10.4,10,Cash,28.08
16610,108,52,2023-01-06,4,466.42,15,UPI,1585.83
16611,640,87,2023-10-25,2,297.28,10,Cash,535.1
16612,451,359,2023-06-11,5,298.09,0,PayPal,1490.45
16613,913,307,2023-05-07,1,407.06,0,Cash,407.06
16614,543,260,2024-04-16,1,276.93,5,UPI,263.08
16615,351,267,2024-05-02,5,357.1,20,Cash,1428.4
16616,394,314,2023-10-01,2,458.61,15,Cash,779.64
16617,435,119,2023-01-13,3,165.25,15,PayPal,421.39
16618,189,409,2023-01-01,3,93.71,15,UPI,238.96
16619,67,247,2023-10-18,4,184.53,0,PayPal,738.12
16620,452,164,2023-12-20,2,131.42,20,Card,210.27
16621,525,86,2023-11-27,1,427.78,15,UPI,363.61
16622,29,380,2025-03-14,1,81.99,15,PayPal,69.69
16623,145,370,2023-03-12,4,288.14,5,PayPal,1094.93
16624,629,314,2025-04-05,5,471.44,20,Cash,1885.76
16625,411,426,2023-08-01,5,451.29,0,PayPal,2256.45
16626,924,211,2023-11-25,2,464.46,10,PayPal,836.03
16627,849,414,2023-02-17,5,58.1,20,UPI,232.4
16628,745,390,2024-12-04,4,318.6,10,PayPal,1146.96
16629,315,426,2023-01-04,3,340.68,15,Card,868.73
16630,863,348,2023-10-15,5,332.45,10,Card,1496.03
16631,329,121,2025-02-16,2,51.11,15,Card,86.89
16632,691,201,2025-04-09,2,118.04,10,Card,212.47
16633,456,407,2023-03-29,2,425.6,0,PayPal,851.2
16634,577,56,2024-03-02,1,453.92,15,Cash,385.83
16635,203,134,2024-04-10,1,182.86,0,PayPal,182.86
16636,131,375,2024-12-12,1,137.06,10,UPI,123.35
16637,608,303,2023-12-08,5,450.09,15,PayPal,1912.88
16638,182,93,2023-02-23,3,8.64,15,UPI,22.03
16639,904,268,2023-12-27,1,425.29,5,UPI,404.03
16640,171,475,2025-01-03,2,416.2,0,UPI,832.4
16641,337,318,2023-07-16,1,272.6,15,Cash,231.71
16642,973,130,2024-07-03,4,179.0,5,PayPal,680.2
16643,84,159,2024-09-13,3,140.42,15,Cash,358.07
16644,136,74,2025-05-03,5,158.89,5,Cash,754.73
16645,21,240,2024-05-13,4,42.87,10,PayPal,154.33
16646,665,314,2023-06-04,4,83.71,0,PayPal,334.84
16647,612,144,2023-02-01,5,346.43,10,Card,1558.94
16648,738,397,2023-04-07,1,57.54,10,UPI,51.79
16649,86,433,2025-04-27,4,485.61,5,UPI,1845.32
16650,731,191,2025-02-01,1,132.23,15,Card,112.4
16651,383,209,2023-11-20,1,477.01,20,Card,381.61
16652,208,464,2024-03-10,5,123.82,5,Cash,588.14
16653,294,342,2025-05-18,2,440.01,5,PayPal,836.02
16654,938,353,2024-08-08,4,383.18,5,Cash,1456.08
16655,419,156,2024-01-19,3,453.14,20,UPI,1087.54
16656,547,409,2023-06-13,4,166.63,0,Cash,666.52
16657,35,225,2024-05-15,4,139.86,10,Card,503.5
16658,467,268,2024-08-17,4,111.33,20,Card,356.26
16659,925,212,2025-01-14,1,67.29,0,PayPal,67.29
16660,605,401,2025-03-04,1,324.77,10,UPI,292.29
16661,346,10,2024-04-02,2,476.58,10,Cash,857.84
16662,894,290,2023-03-24,2,10.79,0,Card,21.58
16663,958,271,2025-02-20,1,448.54,5,Card,426.11
16664,897,5,2023-01-25,2,188.69,15,UPI,320.77
16665,174,63,2024-01-18,2,270.88,10,Cash,487.58
16666,412,329,2024-02-24,1,316.54,15,UPI,269.06
16667,52,383,2024-07-20,4,400.03,10,PayPal,1440.11
16668,563,197,2023-09-26,1,321.6,10,Cash,289.44
16669,906,117,2023-05-02,5,334.23,0,Card,1671.15
16670,389,299,2024-11-04,5,24.01,5,Card,114.05
16671,793,223,2023-11-19,1,138.83,20,Card,111.06
16672,102,349,2024-05-30,3,473.07,20,Cash,1135.37
16673,625,437,2023-10-12,3,447.12,0,Card,1341.36
16674,94,200,2023-06-08,5,402.15,15,PayPal,1709.14
16675,826,270,2024-02-21,2,305.34,20,Card,488.54
16676,603,462,2024-11-02,2,48.98,5,Card,93.06
16677,975,184,2023-06-17,1,94.16,5,UPI,89.45
16678,584,236,2023-12-10,2,411.53,15,UPI,699.6
16679,532,64,2025-03-21,2,359.7,5,UPI,683.43
16680,766,380,2023-03-03,4,369.54,5,Cash,1404.25
16681,246,223,2024-02-27,4,53.16,5,Cash,202.01
16682,170,40,2023-09-22,5,487.38,15,UPI,2071.37
16683,261,11,2025-06-07,2,177.28,5,PayPal,336.83
16684,843,46,2024-03-03,1,193.47,15,Card,164.45
16685,141,252,2024-11-11,3,177.21,5,Cash,505.05
16686,7,448,2023-03-18,2,311.49,5,UPI,591.83
16687,742,432,2025-01-08,4,434.47,15,UPI,1477.2
16688,463,79,2024-06-18,5,493.72,0,PayPal,2468.6
16689,757,349,2024-11-07,2,369.21,10,UPI,664.58
16690,864,337,2025-01-02,1,76.44,15,Card,64.97
16691,695,472,2024-06-09,4,499.39,15,Cash,1697.93
16692,492,13,2025-04-03,4,22.61,5,Cash,85.92
16693,326,257,2024-09-14,2,360.03,15,PayPal,612.05
16694,800,359,2024-02-19,4,404.43,10,UPI,1455.95
16695,837,395,2023-04-27,1,325.01,5,Card,308.76
16696,680,321,2024-04-09,3,10.4,5,UPI,29.64
16697,476,290,2023-07-24,5,208.92,15,PayPal,887.91
16698,352,451,2023-01-06,4,287.17,15,Cash,976.38
16699,409,429,2023-03-02,2,168.55,5,Cash,320.25
16700,788,282,2025-03-18,3,195.84,10,PayPal,528.77
16701,825,190,2024-10-08,2,105.34,10,Card,189.61
16702,914,120,2023-08-14,1,172.79,15,Cash,146.87
16703,410,492,2023-02-01,5,101.61,15,Card,431.84
16704,975,460,2023-05-06,5,121.88,10,Cash,548.46
16705,939,3,2024-08-12,2,98.22,20,Cash,157.15
16706,511,162,2023-11-17,1,306.62,0,Card,306.62
16707,903,328,2023-06-05,4,206.71,15,PayPal,702.81
16708,487,489,2025-02-09,4,95.45,5,PayPal,362.71
16709,110,6,2024-02-07,4,302.58,5,UPI,1149.8
16710,252,137,2024-06-19,2,66.66,15,UPI,113.32
16711,684,380,2025-04-11,2,327.63,0,Card,655.26
16712,997,85,2025-01-21,4,102.53,15,Card,348.6
16713,90,217,2025-03-04,4,5.73,5,Cash,21.77
16714,30,217,2025-01-02,5,227.66,0,PayPal,1138.3
16715,922,422,2024-09-06,2,28.2,10,PayPal,50.76
16716,963,4,2023-02-26,1,180.76,20,Cash,144.61
16717,118,86,2024-09-28,3,112.91,0,UPI,338.73
16718,98,430,2023-01-24,3,42.53,5,Cash,121.21
16719,725,2,2024-05-25,3,354.72,15,Cash,904.54
16720,342,35,2024-12-11,5,231.67,20,PayPal,926.68
16721,177,246,2023-09-03,2,395.9,20,PayPal,633.44
16722,17,201,2023-08-10,5,420.32,20,UPI,1681.28
16723,281,124,2023-06-20,4,150.95,10,Cash,543.42
16724,923,337,2024-07-28,2,171.81,0,Cash,343.62
16725,105,183,2023-06-24,3,334.31,5,Card,952.78
16726,458,469,2024-08-31,4,419.93,15,PayPal,1427.76
16727,558,169,2023-03-20,4,404.49,15,UPI,1375.27
16728,281,89,2025-04-11,1,363.45,15,UPI,308.93
16729,173,239,2023-04-25,3,424.17,15,PayPal,1081.63
16730,982,382,2025-02-08,4,392.83,15,Card,1335.62
16731,970,186,2025-05-07,2,280.76,15,PayPal,477.29
16732,444,436,2024-05-18,3,68.22,10,UPI,184.19
16733,375,397,2023-07-21,3,326.12,15,Cash,831.61
16734,970,430,2024-04-21,3,265.37,0,Card,796.11
16735,901,242,2024-03-19,5,313.35,10,Card,1410.08
16736,341,329,2025-04-12,4,100.32,15,Card,341.09
16737,192,38,2024-07-07,1,337.05,0,PayPal,337.05
16738,356,109,2025-05-05,4,145.99,5,Card,554.76
16739,683,44,2025-01-07,2,169.2,5,Cash,321.48
16740,896,281,2023-09-29,3,315.48,5,Cash,899.12
16741,533,91,2025-03-26,2,494.25,15,PayPal,840.23
16742,549,28,2025-04-11,3,476.25,5,Cash,1357.31
16743,989,152,2023-04-01,1,429.63,0,Card,429.63
16744,234,366,2024-09-17,1,293.53,15,UPI,249.5
16745,179,34,2025-05-03,2,222.75,20,PayPal,356.4
16746,448,441,2025-02-15,4,390.0,10,UPI,1404.0
16747,153,403,2024-09-05,3,301.81,20,PayPal,724.34
16748,494,186,2023-11-02,2,28.11,5,Cash,53.41
16749,801,220,2025-03-07,4,394.92,5,PayPal,1500.7
16750,776,77,2023-09-05,2,253.43,10,PayPal,456.17
16751,50,493,2024-07-23,2,379.75,15,Card,645.57
16752,665,105,2025-01-12,3,128.36,15,Card,327.32
16753,542,40,2025-04-17,5,88.76,0,Card,443.8
16754,176,82,2024-07-04,5,32.43,0,UPI,162.15
16755,159,411,2024-01-17,3,401.98,10,UPI,1085.35
16756,872,411,2024-12-31,2,381.02,5,Card,723.94
16757,70,379,2024-10-04,2,19.16,20,PayPal,30.66
16758,649,84,2024-07-05,1,426.51,10,PayPal,383.86
16759,445,64,2024-02-12,2,123.84,0,Card,247.68
16760,636,234,2024-08-27,5,135.19,0,PayPal,675.95
16761,705,232,2024-06-05,2,59.58,15,Cash,101.29
16762,96,154,2024-08-16,3,380.43,0,UPI,1141.29
16763,784,472,2023-08-20,2,496.19,20,Card,793.9
16764,741,199,2024-01-16,3,324.44,10,UPI,875.99
16765,808,141,2023-04-30,4,280.77,10,Cash,1010.77
16766,964,462,2024-10-05,2,356.28,0,UPI,712.56
16767,67,50,2024-05-15,4,149.19,5,PayPal,566.92
16768,502,379,2024-06-13,4,49.15,20,Cash,157.28
16769,112,465,2023-05-31,2,413.88,5,PayPal,786.37
16770,232,212,2023-07-07,1,288.42,15,UPI,245.16
16771,351,265,2024-08-27,4,39.86,0,Card,159.44
16772,412,437,2025-05-09,1,46.91,10,PayPal,42.22
16773,991,133,2025-06-04,1,57.82,0,Card,57.82
16774,965,240,2024-04-12,1,104.24,0,Card,104.24
16775,542,476,2025-01-09,3,441.95,10,Card,1193.26
16776,812,2,2023-01-06,2,153.16,15,PayPal,260.37
16777,41,219,2025-01-16,4,478.7,5,Cash,1819.06
16778,158,499,2025-04-10,2,297.17,15,PayPal,505.19
16779,99,310,2025-05-20,1,16.09,10,UPI,14.48
16780,303,448,2024-11-03,1,463.65,15,UPI,394.1
16781,959,150,2023-02-03,3,61.32,10,PayPal,165.56
16782,125,50,2023-07-27,4,361.99,10,PayPal,1303.16
16783,310,251,2024-02-23,4,133.05,15,Card,452.37
16784,407,256,2024-10-23,2,460.41,5,Card,874.78
16785,914,493,2024-11-09,3,161.22,20,PayPal,386.93
16786,570,239,2023-02-04,4,203.09,20,UPI,649.89
16787,354,274,2025-06-14,4,308.86,5,PayPal,1173.67
16788,251,115,2025-06-07,3,164.84,0,UPI,494.52
16789,451,185,2024-06-04,3,242.54,20,UPI,582.1
16790,136,484,2023-04-23,1,349.26,20,UPI,279.41
16791,704,220,2023-03-09,3,454.73,15,Card,1159.56
16792,163,70,2023-11-28,1,130.36,5,Cash,123.84
16793,371,254,2023-04-04,5,270.57,15,Cash,1149.92
16794,274,166,2024-02-26,2,216.3,10,UPI,389.34
16795,417,416,2023-10-11,1,456.89,20,PayPal,365.51
16796,121,241,2023-02-24,2,237.15,15,Card,403.15
16797,972,108,2024-09-11,4,451.16,20,Cash,1443.71
16798,915,19,2023-05-19,2,120.18,0,PayPal,240.36
16799,401,347,2024-06-18,2,266.21,0,PayPal,532.42
16800,673,352,2024-02-11,5,162.58,5,Card,772.25
16801,108,401,2025-06-16,1,367.95,5,Cash,349.55
16802,1000,348,2025-01-17,3,441.27,20,Cash,1059.05
16803,693,93,2025-03-27,1,240.04,20,UPI,192.03
16804,731,154,2025-01-26,4,386.6,10,Cash,1391.76
16805,252,55,2024-07-24,2,163.34,20,UPI,261.34
16806,553,281,2024-07-19,3,120.61,0,Card,361.83
16807,904,132,2023-05-01,1,435.24,0,Cash,435.24
16808,120,197,2024-08-19,1,28.22,5,Cash,26.81
16809,874,328,2023-01-15,4,222.12,5,Card,844.06
16810,809,411,2025-02-16,5,162.76,15,UPI,691.73
16811,932,270,2023-11-12,3,419.06,15,Cash,1068.6
16812,42,412,2023-10-10,4,397.41,20,Card,1271.71
16813,299,90,2023-06-19,4,45.62,0,Cash,182.48
16814,699,317,2024-06-05,5,486.39,15,Cash,2067.16
16815,788,65,2024-05-01,5,493.66,20,UPI,1974.64
16816,857,393,2024-05-16,1,305.9,15,Cash,260.01
16817,458,217,2023-04-12,5,174.23,15,Card,740.48
16818,505,356,2023-04-11,5,282.03,15,PayPal,1198.63
16819,326,329,2025-01-07,3,53.01,0,UPI,159.03
16820,644,178,2023-01-11,2,66.33,5,PayPal,126.03
16821,1,370,2024-12-08,4,320.38,20,Card,1025.22
16822,689,127,2024-07-26,5,97.75,10,PayPal,439.88
16823,452,103,2024-04-25,2,387.4,10,Card,697.32
16824,41,30,2024-10-24,1,242.55,15,Cash,206.17
16825,369,56,2024-07-29,3,15.75,15,Cash,40.16
16826,449,170,2024-02-12,1,37.64,5,PayPal,35.76
16827,793,214,2023-12-18,2,330.12,20,PayPal,528.19
16828,37,101,2024-08-11,3,216.51,5,Card,617.05
16829,76,410,2023-07-26,5,85.27,0,Card,426.35
16830,723,91,2023-07-02,4,110.15,10,Card,396.54
16831,179,429,2024-06-26,3,305.2,5,PayPal,869.82
16832,715,212,2023-12-01,2,40.66,20,Cash,65.06
16833,235,110,2023-02-15,2,55.54,10,Cash,99.97
16834,567,338,2024-11-23,4,287.92,20,Cash,921.34
16835,974,452,2023-09-09,3,142.38,5,Card,405.78
16836,385,334,2023-11-19,3,214.62,0,Cash,643.86
16837,840,30,2024-09-05,2,29.74,10,Cash,53.53
16838,762,66,2024-12-12,1,220.01,15,PayPal,187.01
16839,30,91,2024-02-13,4,178.14,20,Card,570.05
16840,729,309,2024-11-15,2,28.1,10,Card,50.58
16841,495,421,2025-01-14,4,277.4,15,Cash,943.16
16842,898,352,2023-05-16,4,186.58,15,PayPal,634.37
16843,113,159,2023-03-18,3,47.35,0,Card,142.05
16844,105,151,2024-05-02,4,460.39,20,Cash,1473.25
16845,137,149,2025-02-28,3,306.62,15,Card,781.88
16846,248,69,2023-03-21,2,161.39,5,UPI,306.64
16847,37,434,2024-02-19,4,480.3,20,Cash,1536.96
16848,567,6,2023-10-18,2,256.93,20,Card,411.09
16849,552,28,2025-04-10,2,423.1,10,Cash,761.58
16850,337,237,2023-01-28,1,63.7,5,Card,60.52
16851,281,23,2023-12-06,4,400.24,0,PayPal,1600.96
16852,489,378,2025-06-19,3,357.13,15,Card,910.68
16853,211,457,2025-03-01,4,326.23,20,UPI,1043.94
16854,879,15,2024-06-27,4,45.32,10,Card,163.15
16855,838,390,2025-05-11,4,312.04,15,PayPal,1060.94
16856,34,448,2024-06-26,1,58.93,20,Card,47.14
16857,321,127,2025-01-14,3,94.25,10,UPI,254.47
16858,977,122,2024-07-06,2,295.15,15,Card,501.75
16859,592,482,2023-10-09,5,272.81,0,PayPal,1364.05
16860,426,182,2023-03-15,5,451.42,20,Card,1805.68
16861,621,377,2024-08-31,4,490.44,10,Card,1765.58
16862,905,335,2023-06-30,3,63.78,20,Card,153.07
16863,228,2,2024-05-02,2,210.99,5,PayPal,400.88
16864,223,372,2025-05-27,3,446.15,20,Card,1070.76
16865,544,164,2023-06-24,2,462.49,20,UPI,739.98
16866,239,261,2023-05-21,3,387.3,20,UPI,929.52
16867,413,121,2023-11-30,3,402.08,5,Cash,1145.93
16868,369,229,2024-11-20,3,321.79,0,Card,965.37
16869,797,177,2024-11-29,3,346.17,0,Card,1038.51
16870,577,198,2023-03-19,2,464.09,15,PayPal,788.95
16871,790,82,2024-07-13,3,477.49,10,Card,1289.22
16872,446,333,2023-07-16,4,90.99,5,Card,345.76
16873,224,77,2024-11-09,2,350.66,10,Cash,631.19
16874,697,371,2025-01-11,1,132.98,10,Cash,119.68
16875,693,200,2025-01-27,5,60.0,0,Cash,300.0
16876,355,85,2023-07-21,4,488.88,0,PayPal,1955.52
16877,860,26,2024-03-10,5,220.56,0,Cash,1102.8
16878,208,383,2024-06-09,3,308.68,5,Cash,879.74
16879,386,255,2023-06-08,2,231.31,20,Cash,370.1
16880,388,307,2024-05-31,2,24.86,0,Card,49.72
16881,899,185,2024-10-11,1,92.75,20,UPI,74.2
16882,570,164,2025-01-13,1,474.15,0,Card,474.15
16883,817,97,2025-06-08,1,410.97,0,Cash,410.97
16884,352,322,2025-04-11,3,238.73,10,Cash,644.57
16885,219,293,2024-01-14,5,461.07,20,Cash,1844.28
16886,436,12,2024-04-08,3,91.51,5,Card,260.8
16887,677,349,2025-01-27,3,61.03,20,Card,146.47
16888,93,411,2023-06-28,5,306.97,5,PayPal,1458.11
16889,789,122,2024-05-23,2,289.37,10,UPI,520.87
16890,246,301,2023-06-27,1,54.06,5,PayPal,51.36
16891,922,373,2023-03-08,3,14.88,15,Card,37.94
16892,575,84,2024-07-25,1,66.19,15,PayPal,56.26
16893,484,184,2024-11-11,1,169.1,20,UPI,135.28
16894,287,100,2024-02-16,2,176.56,15,UPI,300.15
16895,264,264,2023-02-03,2,168.56,20,UPI,269.7
16896,639,427,2023-09-08,5,342.8,15,PayPal,1456.9
16897,891,483,2024-09-10,2,254.69,10,PayPal,458.44
16898,987,21,2023-05-11,3,89.21,5,Card,254.25
16899,714,337,2023-06-10,4,65.99,0,Card,263.96
16900,579,263,2024-01-28,5,453.66,15,Cash,1928.06
16901,186,39,2023-04-12,2,118.27,20,UPI,189.23
16902,428,459,2024-04-03,5,92.93,20,PayPal,371.72
16903,630,141,2023-04-09,4,423.62,10,PayPal,1525.03
16904,941,90,2024-06-23,3,266.74,20,Cash,640.18
16905,750,285,2024-08-18,3,279.92,15,PayPal,713.8
16906,751,16,2023-04-11,2,125.14,15,PayPal,212.74
16907,993,482,2023-05-11,3,344.62,10,Cash,930.47
16908,887,144,2024-02-15,3,224.19,0,PayPal,672.57
16909,817,333,2025-04-26,1,401.82,0,Cash,401.82
16910,276,173,2023-04-09,2,334.95,10,UPI,602.91
16911,302,472,2024-08-25,2,59.97,20,Card,95.95
16912,896,22,2023-08-07,3,273.34,15,Card,697.02
16913,116,281,2024-01-18,3,13.95,5,UPI,39.76
16914,714,342,2025-03-23,2,176.68,10,UPI,318.02
16915,426,328,2023-10-18,3,106.12,10,Cash,286.52
16916,550,1,2025-05-25,3,407.57,5,UPI,1161.57
16917,26,221,2023-07-10,2,65.02,5,PayPal,123.54
16918,713,48,2023-10-12,1,78.76,15,Cash,66.95
16919,332,420,2025-02-15,1,271.69,10,Cash,244.52
16920,10,323,2023-06-27,4,271.64,15,PayPal,923.58
16921,250,217,2023-03-29,5,42.81,0,UPI,214.05
16922,303,428,2023-09-09,3,470.03,15,Cash,1198.58
16923,460,222,2024-12-21,4,444.24,10,Card,1599.26
16924,474,52,2023-04-07,1,221.91,15,UPI,188.62
16925,412,78,2024-09-05,2,336.88,10,Card,606.38
16926,73,412,2024-02-22,2,252.21,0,UPI,504.42
16927,503,65,2023-04-18,3,371.0,5,PayPal,1057.35
16928,48,94,2023-01-07,5,496.87,20,Card,1987.48
16929,707,104,2025-01-31,3,108.35,15,PayPal,276.29
16930,874,376,2023-02-01,4,318.26,0,PayPal,1273.04
16931,286,104,2024-08-14,2,85.16,15,Cash,144.77
16932,932,116,2025-02-01,1,37.59,15,Card,31.95
16933,682,98,2025-01-19,3,331.65,15,UPI,845.71
16934,321,255,2024-05-09,3,441.04,20,PayPal,1058.5
16935,22,298,2025-02-28,2,166.58,10,Cash,299.84
16936,41,63,2023-02-05,2,453.67,5,Cash,861.97
16937,273,222,2023-09-10,5,488.26,20,PayPal,1953.04
16938,193,247,2024-12-02,1,186.98,10,Card,168.28
16939,779,33,2023-02-28,4,411.49,5,UPI,1563.66
16940,545,52,2024-09-08,2,238.37,0,Card,476.74
16941,963,32,2025-04-17,1,423.92,0,UPI,423.92
16942,781,471,2024-01-24,3,70.5,0,Cash,211.5
16943,87,443,2024-04-17,2,136.06,0,Card,272.12
16944,346,146,2024-05-14,2,183.29,5,Card,348.25
16945,910,388,2025-04-03,2,356.92,10,Card,642.46
16946,612,413,2023-10-24,5,474.16,5,UPI,2252.26
16947,964,312,2023-05-15,5,258.9,10,Card,1165.05
16948,96,284,2023-04-30,2,352.99,20,UPI,564.78
16949,647,409,2023-04-01,3,447.03,0,UPI,1341.09
16950,178,229,2024-10-28,5,225.54,0,Card,1127.7
16951,863,172,2024-09-04,3,242.55,5,Card,691.27
16952,524,279,2024-08-14,4,422.7,20,UPI,1352.64
16953,307,468,2025-01-08,2,411.42,5,UPI,781.7
16954,751,267,2025-06-14,5,239.02,0,Card,1195.1
16955,252,273,2024-09-30,5,208.96,5,UPI,992.56
16956,779,287,2024-02-08,2,121.45,5,Card,230.75
16957,177,154,2024-04-13,5,385.81,15,PayPal,1639.69
16958,549,82,2024-04-02,5,91.77,20,Card,367.08
16959,354,494,2023-06-13,2,29.1,20,Card,46.56
16960,479,173,2023-06-25,3,171.93,0,Cash,515.79
16961,1000,214,2024-06-29,4,198.97,10,PayPal,716.29
16962,814,471,2024-03-19,4,66.64,15,PayPal,226.58
16963,63,78,2025-06-15,2,217.27,0,Cash,434.54
16964,836,287,2024-07-10,5,15.41,5,Card,73.2
16965,541,176,2024-01-16,5,48.26,15,Cash,205.1
16966,793,394,2025-03-15,3,68.86,20,PayPal,165.26
16967,695,385,2023-08-09,2,64.39,15,UPI,109.46
16968,361,225,2025-02-25,4,35.91,10,UPI,129.28
16969,310,419,2025-05-09,4,210.26,15,Card,714.88
16970,330,476,2023-06-28,3,416.55,5,Cash,1187.17
16971,495,10,2024-03-04,2,244.52,5,Cash,464.59
16972,11,140,2025-04-29,3,36.52,0,Cash,109.56
16973,447,438,2023-06-15,1,462.28,20,UPI,369.82
16974,887,443,2024-12-11,5,488.25,15,PayPal,2075.06
16975,287,451,2024-11-01,2,344.09,20,Card,550.54
16976,733,446,2023-12-08,3,87.66,5,Card,249.83
16977,612,84,2024-07-10,2,493.44,15,UPI,838.85
16978,932,62,2024-09-28,4,25.13,0,Card,100.52
16979,709,249,2024-07-20,3,437.52,15,Cash,1115.68
16980,271,215,2023-06-07,5,454.85,10,Cash,2046.83
16981,897,319,2023-12-16,2,124.8,15,UPI,212.16
16982,251,282,2023-04-29,3,451.91,20,UPI,1084.58
16983,805,241,2024-04-18,5,307.38,5,UPI,1460.06
16984,251,216,2023-08-04,1,203.45,20,Cash,162.76
16985,552,79,2023-05-23,2,448.12,0,Card,896.24
16986,313,487,2025-05-17,4,273.3,20,PayPal,874.56
16987,441,2,2024-07-12,1,210.35,5,UPI,199.83
16988,139,123,2025-01-02,2,314.78,5,Cash,598.08
16989,710,9,2024-10-28,4,221.0,10,Card,795.6
16990,550,359,2023-11-28,2,386.56,0,Card,773.12
16991,642,214,2025-02-08,5,266.95,5,UPI,1268.01
16992,58,403,2024-04-14,3,6.62,15,PayPal,16.88
16993,242,322,2023-01-16,4,408.57,0,Card,1634.28
16994,793,83,2024-07-02,2,210.68,15,PayPal,358.16
16995,41,382,2025-02-09,1,134.06,5,Card,127.36
16996,526,264,2024-10-18,2,256.79,5,PayPal,487.9
16997,126,103,2023-06-07,5,283.19,5,UPI,1345.15
16998,650,374,2024-11-09,5,72.08,0,UPI,360.4
16999,492,213,2023-09-05,1,426.11,10,PayPal,383.5
17000,201,447,2025-06-07,2,258.77,5,UPI,491.66
17001,804,422,2024-08-29,4,197.32,0,UPI,789.28
17002,593,404,2024-01-28,5,455.29,15,UPI,1934.98
17003,844,63,2024-05-27,2,443.56,0,Cash,887.12
17004,114,317,2023-05-19,2,153.08,20,Cash,244.93
17005,489,65,2024-06-26,4,165.73,0,Card,662.92
17006,795,294,2024-10-21,4,189.84,15,Cash,645.46
17007,888,268,2024-05-16,4,361.89,5,PayPal,1375.18
17008,977,149,2023-07-11,5,319.87,5,UPI,1519.38
17009,439,482,2023-12-19,5,249.34,0,UPI,1246.7
17010,306,106,2024-09-17,1,240.75,15,PayPal,204.64
17011,686,264,2023-01-07,5,24.61,0,UPI,123.05
17012,876,215,2024-06-06,2,82.79,0,UPI,165.58
17013,812,10,2023-12-16,5,121.25,15,Card,515.31
17014,108,397,2025-02-10,5,153.2,10,UPI,689.4
17015,43,471,2023-07-20,2,233.76,0,Cash,467.52
17016,398,165,2023-07-24,3,466.09,10,UPI,1258.44
17017,483,39,2025-02-16,2,77.34,0,UPI,154.68
17018,939,204,2023-01-03,4,481.48,5,UPI,1829.62
17019,701,90,2023-11-18,1,456.59,5,PayPal,433.76
17020,626,133,2024-11-24,5,354.97,10,UPI,1597.37
17021,265,173,2024-12-25,1,63.76,10,UPI,57.38
17022,108,107,2024-10-16,2,438.22,5,UPI,832.62
17023,580,151,2023-09-21,4,289.11,20,Cash,925.15
17024,764,497,2025-01-13,1,278.46,20,UPI,222.77
17025,535,476,2023-11-01,4,187.79,20,UPI,600.93
17026,795,37,2024-05-30,1,89.48,20,UPI,71.58
17027,182,415,2025-04-28,4,72.69,5,Cash,276.22
17028,984,139,2023-10-10,3,395.15,0,Card,1185.45
17029,724,212,2025-03-22,5,246.22,10,PayPal,1107.99
17030,173,391,2024-02-08,1,105.27,10,PayPal,94.74
17031,856,137,2023-02-04,3,26.08,5,UPI,74.33
17032,598,419,2023-06-03,1,316.34,15,PayPal,268.89
17033,782,178,2024-07-19,5,468.63,15,PayPal,1991.68
17034,751,91,2024-04-16,5,148.99,20,PayPal,595.96
17035,658,340,2025-06-01,4,429.53,20,UPI,1374.5
17036,188,286,2024-12-21,3,493.02,15,UPI,1257.2
17037,255,260,2023-06-08,4,74.67,10,PayPal,268.81
17038,108,302,2023-09-28,5,112.68,5,PayPal,535.23
17039,363,301,2025-03-14,2,274.07,10,Card,493.33
17040,646,107,2023-04-06,1,235.46,20,Card,188.37
17041,584,323,2024-07-01,2,69.98,0,PayPal,139.96
17042,444,315,2023-10-18,1,97.77,15,Card,83.1
17043,524,283,2023-10-09,4,349.36,15,Card,1187.82
17044,723,456,2025-03-06,1,334.71,20,Card,267.77
17045,414,441,2023-06-13,5,301.65,0,Cash,1508.25
17046,861,308,2023-11-11,2,331.02,10,Card,595.84
17047,687,142,2023-02-18,4,451.07,20,Card,1443.42
17048,628,380,2024-03-15,5,441.32,20,Card,1765.28
17049,963,42,2023-07-06,4,429.47,0,UPI,1717.88
17050,337,15,2023-08-01,4,101.8,5,Card,386.84
17051,364,365,2025-05-14,3,325.92,5,Card,928.87
17052,912,103,2023-05-19,2,231.17,5,Cash,439.22
17053,874,412,2025-01-06,2,181.57,15,PayPal,308.67
17054,774,479,2023-01-04,4,465.96,15,Card,1584.26
17055,692,141,2024-02-14,3,48.25,15,Cash,123.04
17056,701,220,2024-08-11,5,343.01,10,PayPal,1543.55
17057,790,298,2024-11-20,5,51.02,5,Cash,242.34
17058,464,11,2023-05-08,5,34.94,0,Card,174.7
17059,436,281,2024-01-11,2,333.75,15,PayPal,567.38
17060,426,304,2024-09-20,2,11.04,0,PayPal,22.08
17061,244,343,2023-06-01,4,34.34,15,Cash,116.76
17062,113,53,2024-12-06,5,289.39,10,UPI,1302.25
17063,619,274,2023-06-04,2,494.67,20,PayPal,791.47
17064,604,222,2024-01-21,2,146.18,0,UPI,292.36
17065,888,313,2023-02-17,1,31.49,15,PayPal,26.77
17066,49,393,2024-05-05,2,5.33,0,PayPal,10.66
17067,804,118,2023-04-30,4,452.77,15,PayPal,1539.42
17068,292,369,2023-02-05,4,490.79,5,Card,1865.0
17069,626,410,2024-07-09,1,156.12,15,PayPal,132.7
17070,820,236,2025-02-14,3,434.55,10,PayPal,1173.29
17071,641,423,2023-09-05,1,55.41,10,UPI,49.87
17072,56,499,2023-01-16,2,452.48,0,PayPal,904.96
17073,101,99,2025-03-08,1,499.03,5,Cash,474.08
17074,365,21,2025-03-26,1,94.18,5,Cash,89.47
17075,736,23,2025-03-28,1,485.76,10,UPI,437.18
17076,472,206,2024-12-13,4,180.78,15,PayPal,614.65
17077,560,13,2024-05-12,4,174.03,15,UPI,591.7
17078,386,360,2023-04-19,5,309.51,5,UPI,1470.17
17079,707,427,2025-04-10,5,372.94,5,Card,1771.46
17080,803,164,2024-03-31,5,73.32,15,Card,311.61
17081,404,251,2024-03-09,1,244.97,20,UPI,195.98
17082,851,477,2024-01-28,5,435.98,0,Cash,2179.9
17083,395,363,2024-02-23,1,339.63,15,UPI,288.69
17084,655,155,2024-04-04,4,174.55,20,UPI,558.56
17085,572,400,2025-05-26,1,424.61,15,Cash,360.92
17086,639,267,2024-05-23,1,229.23,0,Card,229.23
17087,61,158,2023-11-28,3,10.09,10,UPI,27.24
17088,242,303,2024-11-23,3,381.95,15,Cash,973.97
17089,837,371,2025-05-29,2,318.07,0,UPI,636.14
17090,579,241,2023-12-14,4,259.53,15,Cash,882.4
17091,951,365,2023-03-28,1,63.9,0,UPI,63.9
17092,90,449,2023-09-03,5,7.55,5,UPI,35.86
17093,927,209,2023-02-02,3,250.42,0,Card,751.26
17094,861,254,2024-04-20,3,174.71,5,UPI,497.92
17095,187,128,2024-04-08,5,280.71,20,PayPal,1122.84
17096,344,492,2023-09-11,5,350.89,5,Cash,1666.73
17097,539,38,2024-07-03,2,114.76,20,Cash,183.62
17098,204,293,2024-10-29,1,443.65,10,Cash,399.28
17099,898,203,2024-09-21,4,402.47,20,PayPal,1287.9
17100,148,112,2024-04-08,5,424.83,15,PayPal,1805.53
17101,249,190,2023-04-29,3,490.72,15,UPI,1251.34
17102,453,465,2024-10-30,3,24.91,20,PayPal,59.78
17103,518,480,2025-01-25,5,381.3,10,Card,1715.85
17104,968,153,2025-05-08,4,250.47,10,Card,901.69
17105,7,211,2024-09-11,3,312.22,0,PayPal,936.66
17106,58,204,2023-12-28,5,365.45,10,UPI,1644.53
17107,268,156,2024-03-06,5,420.89,5,Cash,1999.23
17108,807,471,2023-01-25,4,21.91,15,Card,74.49
17109,579,469,2025-06-19,1,353.01,10,Cash,317.71
17110,684,68,2024-06-09,4,177.57,5,Cash,674.77
17111,91,362,2023-10-11,1,245.31,0,Card,245.31
17112,776,202,2024-03-23,5,219.53,20,Card,878.12
17113,357,257,2025-05-05,4,191.77,0,Cash,767.08
17114,622,309,2023-03-30,4,196.82,0,Card,787.28
17115,463,376,2025-03-23,2,70.04,10,PayPal,126.07
17116,283,261,2023-11-06,5,272.67,10,PayPal,1227.02
17117,169,303,2023-01-20,2,186.74,20,Cash,298.78
17118,740,119,2025-01-19,2,414.36,20,Card,662.98
17119,729,273,2023-02-21,2,485.38,0,UPI,970.76
17120,609,38,2025-02-26,3,71.38,10,Card,192.73
17121,820,443,2023-10-27,3,43.1,10,Cash,116.37
17122,899,255,2024-12-01,2,449.24,0,PayPal,898.48
17123,664,462,2023-01-26,4,418.25,20,PayPal,1338.4
17124,546,303,2023-01-14,1,423.59,0,UPI,423.59
17125,108,242,2024-11-17,2,301.06,5,UPI,572.01
17126,320,307,2025-03-22,3,378.48,20,Card,908.35
17127,616,394,2023-06-21,2,275.06,5,PayPal,522.61
17128,610,377,2025-04-02,5,385.01,15,Cash,1636.29
17129,15,450,2023-05-08,4,487.19,0,PayPal,1948.76
17130,762,143,2024-01-04,3,377.14,15,Cash,961.71
17131,86,158,2024-09-17,5,47.69,0,UPI,238.45
17132,973,495,2023-06-19,3,92.02,5,Cash,262.26
17133,959,94,2025-04-15,4,262.17,20,PayPal,838.94
17134,438,298,2023-06-15,1,467.37,0,Card,467.37
17135,425,141,2023-01-12,3,45.74,20,UPI,109.78
17136,783,458,2024-04-21,5,496.07,15,Cash,2108.3
17137,841,478,2023-05-06,2,181.15,10,Card,326.07
17138,676,438,2025-05-24,2,304.22,20,PayPal,486.75
17139,665,141,2023-11-29,2,232.64,0,PayPal,465.28
17140,830,287,2023-07-01,1,122.12,10,UPI,109.91
17141,576,466,2023-05-05,2,338.86,0,Cash,677.72
17142,177,420,2023-01-14,4,61.68,10,PayPal,222.05
17143,357,3,2023-01-20,5,192.45,15,Cash,817.91
17144,262,261,2024-09-19,2,268.26,0,PayPal,536.52
17145,555,239,2023-10-01,5,326.6,15,UPI,1388.05
17146,874,451,2024-04-26,5,288.09,5,PayPal,1368.43
17147,521,268,2025-02-11,5,253.94,0,PayPal,1269.7
17148,437,175,2024-03-20,3,291.09,10,UPI,785.94
17149,796,197,2024-11-09,3,85.67,5,Card,244.16
17150,166,478,2023-02-11,1,240.03,20,PayPal,192.02
17151,821,109,2024-02-29,1,171.16,15,Card,145.49
17152,168,290,2024-08-08,2,435.37,15,PayPal,740.13
17153,113,150,2024-08-14,4,9.68,0,UPI,38.72
17154,645,219,2024-04-27,5,379.91,10,PayPal,1709.6
17155,397,33,2023-07-08,4,327.92,5,UPI,1246.1
17156,116,471,2023-02-16,4,318.11,0,Cash,1272.44
17157,541,239,2023-01-20,3,228.94,5,Cash,652.48
17158,195,218,2025-03-20,5,450.53,20,Card,1802.12
17159,659,343,2023-10-17,2,191.57,5,Card,363.98
17160,536,286,2025-03-09,2,149.33,20,PayPal,238.93
17161,732,297,2023-01-20,3,121.95,10,UPI,329.27
17162,399,431,2024-02-11,3,130.21,15,UPI,332.04
17163,854,76,2024-02-24,5,61.24,20,PayPal,244.96
17164,646,248,2024-07-01,1,150.55,10,UPI,135.5
17165,313,196,2024-06-04,4,318.07,20,Cash,1017.82
17166,616,491,2024-07-23,2,116.03,0,Card,232.06
17167,22,231,2023-11-30,2,42.0,0,UPI,84.0
17168,876,415,2023-09-18,5,466.43,0,Card,2332.15
17169,759,36,2023-04-03,3,204.24,0,PayPal,612.72
17170,983,275,2023-03-22,4,461.25,15,PayPal,1568.25
17171,170,72,2024-10-21,1,201.39,0,PayPal,201.39
17172,55,395,2023-11-28,5,10.53,20,UPI,42.12
17173,51,181,2023-01-24,1,202.4,15,PayPal,172.04
17174,147,280,2023-06-17,1,301.35,20,UPI,241.08
17175,639,415,2023-05-31,1,338.27,15,Cash,287.53
17176,972,141,2024-06-02,2,10.78,10,Cash,19.4
17177,671,7,2024-01-28,1,350.58,0,Cash,350.58
17178,741,466,2024-11-27,3,312.78,5,Cash,891.42
17179,710,271,2025-01-19,5,132.92,0,Cash,664.6
17180,305,34,2025-03-24,1,209.69,10,UPI,188.72
17181,957,438,2024-04-03,4,107.33,5,PayPal,407.85
17182,213,177,2024-12-01,1,405.58,10,Cash,365.02
17183,470,261,2023-01-16,1,398.04,15,Card,338.33
17184,169,279,2024-05-09,4,355.12,10,Card,1278.43
17185,123,86,2025-01-05,2,153.5,5,UPI,291.65
17186,743,175,2024-06-07,4,475.07,20,UPI,1520.22
17187,54,123,2024-05-25,1,254.29,0,UPI,254.29
17188,97,51,2024-11-30,1,10.38,10,PayPal,9.34
17189,516,459,2024-02-27,4,371.22,0,Cash,1484.88
17190,197,468,2023-06-24,4,468.42,20,PayPal,1498.94
17191,432,172,2024-06-25,1,348.11,5,UPI,330.7
17192,346,350,2024-09-25,1,170.02,10,UPI,153.02
17193,283,248,2023-10-04,1,345.15,10,PayPal,310.63
17194,282,107,2025-03-01,2,368.35,5,Card,699.87
17195,475,460,2023-10-06,1,117.3,10,PayPal,105.57
17196,320,226,2025-06-01,1,257.19,10,UPI,231.47
17197,991,71,2024-03-12,4,322.24,10,Card,1160.06
17198,668,149,2023-08-18,1,52.83,15,Cash,44.91
17199,491,281,2025-02-21,4,302.11,10,Card,1087.6
17200,367,218,2023-05-27,4,318.08,5,UPI,1208.7
17201,857,17,2023-08-25,3,30.98,15,UPI,79.0
17202,757,202,2023-02-26,5,141.25,20,UPI,565.0
17203,110,214,2025-03-29,4,365.08,10,UPI,1314.29
17204,797,50,2024-02-16,3,360.41,20,UPI,864.98
17205,989,106,2025-05-03,3,123.89,15,Cash,315.92
17206,396,173,2024-12-17,2,122.7,15,Card,208.59
17207,626,286,2025-01-15,3,286.3,5,PayPal,815.96
17208,802,22,2023-02-21,4,301.05,10,Card,1083.78
17209,452,10,2024-10-12,4,448.73,0,Card,1794.92
17210,295,431,2023-06-28,1,207.41,5,Card,197.04
17211,304,254,2023-11-17,3,383.53,0,UPI,1150.59
17212,869,262,2024-03-04,2,437.37,5,Cash,831.0
17213,379,130,2025-03-25,2,182.86,5,PayPal,347.43
17214,588,312,2024-08-17,5,268.16,20,PayPal,1072.64
17215,865,293,2023-06-05,4,275.05,0,Card,1100.2
17216,488,283,2023-09-20,5,316.81,10,Cash,1425.64
17217,476,172,2023-07-28,3,60.64,20,Card,145.54
17218,942,282,2024-02-06,2,253.74,15,UPI,431.36
17219,431,253,2024-02-24,4,352.95,5,PayPal,1341.21
17220,210,248,2023-04-28,3,96.91,10,UPI,261.66
17221,897,34,2023-11-13,3,322.05,10,UPI,869.54
17222,451,426,2023-06-29,1,201.16,5,Card,191.1
17223,667,71,2024-08-24,5,310.08,5,PayPal,1472.88
17224,777,450,2024-06-24,1,31.68,0,UPI,31.68
17225,290,353,2024-05-08,1,186.7,5,UPI,177.36
17226,763,133,2025-05-25,4,30.83,10,UPI,110.99
17227,342,230,2023-09-07,5,175.96,10,Card,791.82
17228,506,99,2024-01-18,5,153.48,20,Card,613.92
17229,299,227,2024-06-15,2,439.7,0,Card,879.4
17230,110,37,2025-05-17,3,331.0,0,UPI,993.0
17231,231,68,2025-01-16,4,362.93,5,PayPal,1379.13
17232,612,378,2023-05-27,4,374.68,15,UPI,1273.91
17233,590,229,2024-07-13,4,24.92,15,Card,84.73
17234,25,70,2024-02-21,2,12.95,10,UPI,23.31
17235,499,97,2024-01-18,4,17.48,5,PayPal,66.42
17236,147,4,2023-03-22,5,250.43,15,Card,1064.33
17237,140,58,2024-03-16,2,281.75,5,UPI,535.32
17238,200,3,2024-04-28,4,173.45,20,Cash,555.04
17239,692,358,2025-06-08,1,295.65,20,Card,236.52
17240,447,142,2024-11-14,1,468.64,5,UPI,445.21
17241,438,45,2024-08-24,1,226.45,10,PayPal,203.81
17242,221,280,2024-11-16,4,488.59,15,Cash,1661.21
17243,48,466,2024-10-30,3,488.01,5,UPI,1390.83
17244,718,402,2023-07-03,3,297.99,15,Card,759.87
17245,649,336,2023-04-23,1,427.08,15,UPI,363.02
17246,790,301,2024-12-27,2,379.08,20,Cash,606.53
17247,556,429,2023-02-17,5,181.77,0,Cash,908.85
17248,784,67,2023-12-25,1,341.6,15,PayPal,290.36
17249,408,116,2023-09-04,1,197.37,15,Card,167.76
17250,499,267,2023-06-11,5,36.6,0,Card,183.0
17251,719,472,2023-08-30,5,315.9,5,Cash,1500.52
17252,102,370,2023-06-19,2,131.0,20,PayPal,209.6
17253,290,344,2023-01-16,5,16.93,0,PayPal,84.65
17254,577,198,2023-11-01,4,315.85,20,PayPal,1010.72
17255,780,325,2024-06-15,1,60.66,0,Cash,60.66
17256,661,413,2023-10-05,2,302.2,10,UPI,543.96
17257,327,436,2024-08-02,3,422.81,20,UPI,1014.74
17258,264,143,2025-03-17,5,265.09,15,Cash,1126.63
17259,315,252,2024-04-30,5,267.45,15,Card,1136.66
17260,94,337,2024-01-13,3,62.08,5,Cash,176.93
17261,989,232,2023-12-02,1,154.18,10,Card,138.76
17262,783,39,2024-03-14,3,310.17,10,Card,837.46
17263,825,178,2023-08-02,4,92.9,15,Card,315.86
17264,443,457,2024-08-03,2,164.13,5,Card,311.85
17265,858,148,2024-04-02,4,283.69,0,Cash,1134.76
17266,377,362,2023-04-13,1,434.56,0,PayPal,434.56
17267,331,203,2024-05-15,3,72.04,10,PayPal,194.51
17268,147,114,2024-11-15,1,287.35,0,PayPal,287.35
17269,436,229,2023-01-25,5,194.15,10,PayPal,873.68
17270,228,396,2023-04-30,4,25.06,15,Cash,85.2
17271,906,420,2024-02-14,2,438.42,5,PayPal,833.0
17272,624,456,2024-07-10,3,404.77,5,UPI,1153.59
17273,496,422,2024-03-05,5,316.45,20,PayPal,1265.8
17274,9,446,2023-10-07,2,15.31,10,PayPal,27.56
17275,408,481,2023-11-23,2,123.73,0,Card,247.46
17276,135,124,2024-09-05,4,465.24,10,Card,1674.86
17277,619,251,2023-06-07,3,11.6,20,UPI,27.84
17278,241,350,2023-11-14,1,496.17,10,Cash,446.55
17279,376,77,2024-01-18,2,272.84,5,Card,518.4
17280,788,227,2023-12-31,2,247.95,5,UPI,471.1
17281,239,232,2025-06-11,4,168.25,15,Cash,572.05
17282,161,207,2024-02-07,5,331.58,0,PayPal,1657.9
17283,599,342,2023-01-18,3,207.38,10,PayPal,559.93
17284,869,384,2023-02-20,2,473.54,0,UPI,947.08
17285,768,236,2025-03-06,1,361.53,10,Cash,325.38
17286,55,325,2025-01-16,4,89.26,5,Card,339.19
17287,139,188,2024-07-04,3,223.59,20,Card,536.62
17288,422,464,2024-07-17,2,412.17,10,UPI,741.91
17289,778,387,2023-03-08,2,215.5,0,Cash,431.0
17290,83,19,2023-02-10,4,353.93,10,PayPal,1274.15
17291,136,183,2024-10-07,3,318.95,5,Card,909.01
17292,79,466,2025-02-02,2,200.89,5,Cash,381.69
17293,67,293,2025-05-30,2,499.47,10,Cash,899.05
17294,93,130,2023-09-03,3,407.19,15,PayPal,1038.33
17295,214,412,2023-12-01,5,404.86,15,Card,1720.66
17296,324,96,2025-03-18,1,271.02,10,Card,243.92
17297,115,248,2024-06-13,5,212.55,0,PayPal,1062.75
17298,411,150,2024-10-09,2,155.67,0,Cash,311.34
17299,884,29,2025-03-26,4,25.16,10,PayPal,90.58
17300,222,133,2025-01-18,2,84.63,15,Card,143.87
17301,736,62,2025-05-25,3,313.1,5,UPI,892.34
17302,459,469,2025-02-24,4,42.1,5,UPI,159.98
17303,191,444,2024-07-22,3,414.23,15,UPI,1056.29
17304,921,370,2023-01-12,4,272.97,15,Card,928.1
17305,698,128,2024-02-13,4,268.01,0,Card,1072.04
17306,263,260,2023-12-21,3,156.0,0,Cash,468.0
17307,97,131,2025-03-25,2,37.26,10,Cash,67.07
17308,434,237,2025-04-23,3,130.83,20,Card,313.99
17309,738,27,2023-08-20,4,69.36,15,Cash,235.82
17310,448,426,2025-01-18,1,481.66,10,Cash,433.49
17311,561,230,2023-12-21,2,438.05,20,Card,700.88
17312,342,306,2025-05-23,2,179.06,0,Cash,358.12
17313,162,55,2023-10-01,4,142.13,20,Cash,454.82
17314,165,35,2025-05-16,2,81.37,10,PayPal,146.47
17315,385,463,2023-07-08,1,198.59,0,PayPal,198.59
17316,637,117,2024-07-12,4,40.9,0,Cash,163.6
17317,923,145,2024-05-05,3,278.71,20,PayPal,668.9
17318,209,397,2023-07-14,5,416.17,0,PayPal,2080.85
17319,200,219,2023-08-28,1,254.61,5,Cash,241.88
17320,964,379,2023-10-09,4,97.12,15,Cash,330.21
17321,773,467,2023-07-16,1,296.77,5,PayPal,281.93
17322,21,9,2023-04-09,1,429.03,15,Card,364.68
17323,634,329,2025-05-03,5,54.72,10,Cash,246.24
17324,484,176,2025-01-27,4,467.03,5,Cash,1774.71
17325,568,84,2024-11-26,5,385.29,20,Cash,1541.16
17326,50,270,2024-11-02,5,478.37,0,UPI,2391.85
17327,630,306,2023-05-01,1,143.8,0,Card,143.8
17328,214,253,2024-02-08,1,404.63,15,UPI,343.94
17329,826,115,2023-12-19,3,130.64,0,PayPal,391.92
17330,276,405,2024-03-21,1,42.78,10,Card,38.5
17331,406,416,2023-03-31,1,67.26,15,PayPal,57.17
17332,6,234,2023-12-02,4,458.73,10,Cash,1651.43
17333,824,500,2024-12-10,5,311.62,20,PayPal,1246.48
17334,678,153,2024-06-16,2,467.64,20,PayPal,748.22
17335,231,414,2024-10-25,4,407.83,0,PayPal,1631.32
17336,411,10,2024-09-08,4,393.87,10,UPI,1417.93
17337,127,166,2024-08-20,3,382.0,20,Card,916.8
17338,481,267,2024-05-20,2,379.51,10,Cash,683.12
17339,79,364,2023-11-01,5,138.76,5,Card,659.11
17340,171,316,2023-11-25,3,169.7,5,Card,483.64
17341,376,241,2024-04-23,5,275.5,0,Card,1377.5
17342,20,226,2025-06-19,2,495.57,5,Card,941.58
17343,238,343,2023-03-03,3,38.92,0,Cash,116.76
17344,556,273,2023-11-13,1,140.51,0,Card,140.51
17345,18,378,2023-09-28,4,147.35,0,Cash,589.4
17346,161,162,2024-05-11,5,92.04,10,Card,414.18
17347,145,305,2023-12-01,2,32.81,10,Cash,59.06
17348,614,109,2023-06-24,4,201.97,0,UPI,807.88
17349,722,404,2023-09-20,4,320.53,0,PayPal,1282.12
17350,425,85,2024-04-12,4,92.87,20,Cash,297.18
17351,274,164,2024-09-08,2,354.99,15,UPI,603.48
17352,364,350,2024-09-28,4,361.88,5,Cash,1375.14
17353,901,190,2024-02-18,2,168.26,15,Cash,286.04
17354,38,149,2024-06-11,4,396.95,5,Card,1508.41
17355,974,14,2024-10-20,3,55.22,20,PayPal,132.53
17356,940,236,2023-11-12,4,376.1,10,Card,1353.96
17357,445,100,2024-12-07,2,169.57,15,Cash,288.27
17358,355,468,2023-06-15,4,269.22,0,Cash,1076.88
17359,504,479,2023-03-22,3,217.99,20,Cash,523.18
17360,183,154,2023-03-05,1,152.28,0,PayPal,152.28
17361,561,185,2023-11-20,3,125.04,0,UPI,375.12
17362,555,169,2025-05-20,1,161.91,5,UPI,153.81
17363,401,314,2025-03-02,2,322.06,0,Cash,644.12
17364,888,245,2023-06-26,2,384.99,15,PayPal,654.48
17365,984,143,2024-02-04,3,329.08,20,PayPal,789.79
17366,571,260,2025-03-01,3,233.21,20,UPI,559.7
17367,676,9,2023-02-05,5,312.92,0,PayPal,1564.6
17368,24,195,2023-10-06,3,364.87,0,Card,1094.61
17369,724,181,2024-11-28,4,303.12,10,PayPal,1091.23
17370,515,416,2023-11-13,2,461.41,20,UPI,738.26
17371,472,167,2025-05-09,1,106.57,20,Cash,85.26
17372,599,286,2024-03-03,5,101.22,15,PayPal,430.19
17373,168,78,2024-04-19,3,56.03,20,Card,134.47
17374,984,305,2024-03-19,2,274.98,10,UPI,494.96
17375,892,374,2024-04-03,4,164.14,0,Card,656.56
17376,189,101,2023-07-13,2,424.6,20,PayPal,679.36
17377,980,265,2025-05-14,1,41.76,15,PayPal,35.5
17378,547,69,2025-01-09,5,432.58,15,UPI,1838.46
17379,151,92,2025-06-02,2,457.81,5,Card,869.84
17380,875,300,2023-07-10,1,5.34,15,Card,4.54
17381,82,67,2024-04-01,5,452.67,0,Card,2263.35
17382,48,465,2023-04-02,5,295.21,15,UPI,1254.64
17383,827,258,2024-06-23,5,22.56,10,UPI,101.52
17384,707,350,2025-03-22,5,151.85,5,Card,721.29
17385,749,321,2023-12-30,1,73.92,20,Card,59.14
17386,306,24,2024-04-28,4,109.64,15,Cash,372.78
17387,778,463,2024-03-02,2,279.4,0,PayPal,558.8
17388,958,59,2024-12-12,2,184.28,20,UPI,294.85
17389,521,109,2023-11-21,5,121.25,10,Cash,545.62
17390,512,262,2024-07-06,4,237.72,5,Cash,903.34
17391,261,164,2024-01-07,4,125.08,0,Card,500.32
17392,76,5,2023-05-17,3,145.45,15,Cash,370.9
17393,428,19,2023-08-16,3,18.23,20,Card,43.75
17394,333,288,2024-11-21,3,176.22,15,Cash,449.36
17395,653,308,2023-03-17,2,162.53,5,Cash,308.81
17396,549,221,2025-05-25,1,64.86,20,UPI,51.89
17397,131,451,2023-07-11,5,219.95,20,PayPal,879.8
17398,541,147,2025-02-22,5,104.11,0,PayPal,520.55
17399,430,269,2023-11-19,4,77.9,5,PayPal,296.02
17400,628,490,2024-07-11,4,61.92,10,PayPal,222.91
17401,748,54,2023-05-15,3,169.47,15,PayPal,432.15
17402,4,29,2023-05-13,2,150.2,0,Card,300.4
17403,771,483,2025-06-07,3,67.59,20,UPI,162.22
17404,672,229,2023-11-30,3,16.94,0,PayPal,50.82
17405,343,69,2024-10-07,4,410.24,0,PayPal,1640.96
17406,640,347,2025-05-29,2,110.13,0,Cash,220.26
17407,614,376,2025-06-04,3,400.69,15,UPI,1021.76
17408,983,349,2023-06-29,4,397.43,5,Cash,1510.23
17409,49,151,2024-07-16,3,129.42,15,PayPal,330.02
17410,903,370,2023-09-03,5,391.37,15,PayPal,1663.32
17411,99,208,2025-02-19,2,364.6,0,Cash,729.2
17412,835,155,2023-06-18,5,415.24,15,Card,1764.77
17413,476,384,2023-08-08,2,129.85,0,Card,259.7
17414,91,139,2025-03-05,2,7.14,0,Cash,14.28
17415,351,431,2023-09-16,2,12.29,20,UPI,19.66
17416,201,326,2024-09-20,5,378.6,5,Card,1798.35
17417,575,166,2023-08-12,4,446.35,15,PayPal,1517.59
17418,889,477,2024-03-11,1,441.89,20,PayPal,353.51
17419,330,488,2025-05-17,3,70.8,15,Cash,180.54
17420,276,269,2025-02-19,1,122.15,0,Card,122.15
17421,216,316,2024-11-01,1,296.08,5,PayPal,281.28
17422,477,317,2025-04-09,4,235.23,10,UPI,846.83
17423,724,382,2024-09-30,2,286.43,5,Cash,544.22
17424,382,265,2023-12-03,3,332.46,20,Cash,797.9
17425,601,167,2023-03-24,3,461.86,5,UPI,1316.3
17426,743,174,2023-06-30,3,101.6,15,Cash,259.08
17427,195,170,2025-01-04,5,247.62,10,PayPal,1114.29
17428,276,164,2023-06-09,3,159.47,10,Card,430.57
17429,412,46,2025-05-14,5,460.31,20,Cash,1841.24
17430,608,461,2024-11-13,2,239.85,15,Card,407.75
17431,855,22,2023-07-30,2,64.04,10,Cash,115.27
17432,312,148,2024-12-07,4,292.19,0,PayPal,1168.76
17433,589,165,2025-04-04,4,499.3,10,Cash,1797.48
17434,240,22,2023-12-17,1,422.96,15,Card,359.52
17435,629,199,2025-02-24,2,33.22,5,PayPal,63.12
17436,699,366,2023-06-22,3,349.2,0,UPI,1047.6
17437,671,56,2023-08-30,2,49.93,20,Card,79.89
17438,148,225,2023-02-14,4,417.26,10,UPI,1502.14
17439,173,301,2023-11-22,2,166.98,20,Card,267.17
17440,275,54,2023-08-08,5,193.78,20,UPI,775.12
17441,22,161,2025-04-20,4,282.14,20,Card,902.85
17442,171,64,2024-05-17,2,299.36,0,PayPal,598.72
17443,593,215,2024-12-10,2,64.72,0,Card,129.44
17444,541,9,2024-10-25,4,221.9,10,PayPal,798.84
17445,909,48,2023-02-26,5,291.72,5,Cash,1385.67
17446,261,493,2023-11-14,3,302.3,10,UPI,816.21
17447,722,284,2025-03-15,3,267.27,5,UPI,761.72
17448,438,492,2023-12-19,3,19.04,10,Cash,51.41
17449,160,372,2024-05-14,5,283.25,20,PayPal,1133.0
17450,359,390,2024-05-26,4,498.95,5,Card,1896.01
17451,305,141,2024-07-12,2,249.93,15,UPI,424.88
17452,114,468,2023-01-03,1,336.73,10,Card,303.06
17453,672,52,2024-10-12,4,40.56,15,PayPal,137.9
17454,594,66,2025-01-22,5,324.65,0,Cash,1623.25
17455,425,33,2023-05-11,1,300.53,10,UPI,270.48
17456,134,362,2025-04-24,1,440.87,5,Cash,418.83
17457,385,304,2023-07-31,3,82.62,20,Card,198.29
17458,624,491,2023-12-20,2,95.15,10,Card,171.27
17459,421,22,2025-05-23,2,54.35,20,PayPal,86.96
17460,276,422,2024-02-05,1,265.49,10,UPI,238.94
17461,227,475,2023-06-24,1,278.18,15,UPI,236.45
17462,560,429,2023-11-16,2,71.29,10,PayPal,128.32
17463,398,230,2025-04-12,2,232.68,10,UPI,418.82
17464,167,123,2023-05-28,4,59.51,10,Card,214.24
17465,379,424,2024-05-17,3,321.92,5,Cash,917.47
17466,95,462,2023-07-11,1,225.97,15,UPI,192.07
17467,518,105,2024-10-01,2,403.7,20,UPI,645.92
17468,716,75,2024-06-29,4,143.48,10,Card,516.53
17469,151,80,2025-01-16,2,161.01,20,UPI,257.62
17470,373,188,2024-02-07,2,225.39,10,PayPal,405.7
17471,413,172,2025-04-25,1,117.2,20,Cash,93.76
17472,532,305,2024-06-07,1,53.7,20,Card,42.96
17473,359,99,2024-10-29,4,162.06,5,Cash,615.83
17474,800,25,2023-05-20,4,147.58,0,Cash,590.32
17475,968,252,2024-02-11,2,87.26,0,Card,174.52
17476,412,439,2024-11-01,5,96.03,10,PayPal,432.13
17477,418,494,2024-03-15,5,322.28,5,Card,1530.83
17478,440,116,2025-04-02,1,132.5,15,PayPal,112.62
17479,801,161,2025-06-04,3,41.33,15,PayPal,105.39
17480,832,293,2023-12-29,5,431.8,0,Cash,2159.0
17481,570,196,2023-02-06,3,486.85,20,PayPal,1168.44
17482,384,257,2023-03-08,5,52.87,15,Card,224.7
17483,665,131,2023-01-12,2,451.93,15,Card,768.28
17484,733,266,2023-03-30,1,395.98,20,UPI,316.78
17485,283,463,2024-03-27,3,115.61,5,PayPal,329.49
17486,411,405,2023-07-27,2,147.96,5,UPI,281.12
17487,484,243,2024-11-04,5,463.1,0,Cash,2315.5
17488,921,152,2024-12-18,3,340.53,0,Cash,1021.59
17489,872,237,2023-12-14,2,240.41,15,UPI,408.7
17490,100,149,2023-08-14,2,365.8,20,PayPal,585.28
17491,105,193,2023-01-21,2,450.09,10,Cash,810.16
17492,629,246,2024-02-09,1,185.59,5,Cash,176.31
17493,286,160,2024-12-03,1,359.79,10,Card,323.81
17494,128,131,2024-06-23,1,42.81,0,UPI,42.81
17495,905,170,2023-07-31,1,107.07,10,PayPal,96.36
17496,443,500,2024-01-07,5,275.51,0,UPI,1377.55
17497,168,432,2023-09-18,2,357.65,15,UPI,608.0
17498,107,372,2025-05-07,4,111.82,15,PayPal,380.19
17499,313,470,2023-02-20,4,186.79,20,Card,597.73
17500,48,329,2023-07-04,1,361.31,20,Cash,289.05
17501,163,305,2024-09-07,2,141.54,20,Cash,226.46
17502,739,3,2024-10-21,5,402.63,10,Card,1811.84
17503,659,461,2023-02-23,4,83.11,10,Card,299.2
17504,886,149,2024-11-07,2,20.6,15,Card,35.02
17505,5,455,2023-06-07,2,459.6,20,PayPal,735.36
17506,88,291,2023-01-29,4,457.07,20,Card,1462.62
17507,423,166,2024-04-05,1,113.94,0,PayPal,113.94
17508,490,219,2025-05-09,4,48.04,10,PayPal,172.94
17509,996,172,2025-02-17,3,244.9,0,PayPal,734.7
17510,992,228,2024-11-02,4,371.59,20,PayPal,1189.09
17511,220,423,2023-08-24,4,164.42,20,PayPal,526.14
17512,415,440,2024-02-25,1,19.05,10,Cash,17.14
17513,898,169,2024-01-06,1,181.04,0,UPI,181.04
17514,81,166,2024-04-30,2,38.12,10,UPI,68.62
17515,812,360,2024-01-05,1,131.65,5,PayPal,125.07
17516,773,361,2024-02-18,1,308.57,5,PayPal,293.14
17517,612,102,2025-06-19,1,433.54,10,UPI,390.19
17518,335,428,2023-05-28,5,195.86,0,Card,979.3
17519,662,164,2024-09-16,4,411.22,10,PayPal,1480.39
17520,424,196,2025-03-07,2,86.74,0,Cash,173.48
17521,292,27,2024-12-21,2,360.01,0,Cash,720.02
17522,509,30,2025-03-04,1,353.2,0,PayPal,353.2
17523,589,227,2023-09-05,2,108.08,0,Cash,216.16
17524,596,2,2024-08-13,5,296.21,10,PayPal,1332.94
17525,837,226,2024-07-08,4,61.68,15,UPI,209.71
17526,594,117,2023-12-18,5,280.06,15,Card,1190.25
17527,549,125,2024-03-21,5,313.92,5,UPI,1491.12
17528,417,348,2024-04-16,3,141.82,15,Card,361.64
17529,850,88,2024-06-22,1,300.18,10,PayPal,270.16
17530,189,130,2024-05-27,1,422.93,5,Card,401.78
17531,963,457,2023-05-09,4,15.82,0,Card,63.28
17532,509,290,2023-08-22,3,450.52,5,Card,1283.98
17533,894,354,2023-04-11,5,497.98,20,Card,1991.92
17534,46,259,2023-07-19,3,391.13,20,UPI,938.71
17535,41,176,2025-05-17,5,326.15,5,Card,1549.21
17536,651,59,2023-10-27,4,361.9,5,Cash,1375.22
17537,908,294,2024-05-25,2,229.73,10,Cash,413.51
17538,4,59,2024-03-12,3,75.57,10,UPI,204.04
17539,910,25,2023-05-10,1,376.7,15,UPI,320.19
17540,597,282,2025-04-26,3,436.1,20,Cash,1046.64
17541,895,200,2023-03-18,2,324.58,0,Cash,649.16
17542,155,164,2023-08-05,4,280.24,20,PayPal,896.77
17543,21,451,2025-03-23,3,154.4,0,UPI,463.2
17544,399,129,2025-04-03,5,13.42,10,Cash,60.39
17545,265,480,2023-11-06,4,380.61,0,PayPal,1522.44
17546,76,300,2024-08-14,2,348.21,0,PayPal,696.42
17547,385,191,2025-02-26,4,111.03,20,PayPal,355.3
17548,171,250,2025-01-27,2,124.18,15,Card,211.11
17549,455,22,2024-09-13,2,485.7,20,PayPal,777.12
17550,308,463,2023-01-29,3,61.76,10,Cash,166.75
17551,892,430,2024-05-30,5,36.61,5,Card,173.9
17552,322,243,2024-08-13,1,22.5,15,PayPal,19.12
17553,171,381,2025-01-31,2,387.02,0,Cash,774.04
17554,996,250,2025-04-05,1,496.98,0,Card,496.98
17555,651,334,2024-01-22,1,371.39,10,PayPal,334.25
17556,413,109,2023-05-05,1,142.47,5,UPI,135.35
17557,470,188,2024-10-23,1,296.72,15,Cash,252.21
17558,249,438,2025-04-13,4,135.15,5,Cash,513.57
17559,162,247,2023-10-24,5,264.45,10,Card,1190.03
17560,402,35,2023-03-25,2,381.81,5,PayPal,725.44
17561,860,495,2025-04-22,3,368.72,10,PayPal,995.54
17562,477,39,2024-04-18,5,151.77,0,PayPal,758.85
17563,30,131,2024-12-23,2,417.0,5,PayPal,792.3
17564,374,449,2023-09-15,1,402.17,20,UPI,321.74
17565,820,195,2024-08-29,4,394.21,5,Cash,1498.0
17566,813,196,2023-06-23,3,48.67,10,Cash,131.41
17567,548,341,2023-07-20,1,303.8,10,Card,273.42
17568,802,363,2023-01-27,1,227.13,5,Card,215.77
17569,726,91,2024-04-21,2,363.47,20,Cash,581.55
17570,838,110,2024-02-23,1,303.19,20,UPI,242.55
17571,287,107,2023-06-01,3,447.33,0,Card,1341.99
17572,411,417,2023-03-16,1,113.23,15,Cash,96.25
17573,230,78,2024-09-11,4,94.6,10,UPI,340.56
17574,836,366,2023-12-29,2,80.16,0,Card,160.32
17575,924,211,2024-05-23,1,348.43,5,Card,331.01
17576,637,351,2024-09-23,3,75.3,20,UPI,180.72
17577,15,322,2024-02-24,5,86.92,10,UPI,391.14
17578,789,69,2025-04-17,1,493.58,0,UPI,493.58
17579,62,385,2024-02-25,2,295.1,5,PayPal,560.69
17580,616,182,2023-08-08,2,453.66,20,PayPal,725.86
17581,123,360,2024-03-30,2,345.45,5,Card,656.35
17582,447,380,2025-02-15,5,281.36,10,Cash,1266.12
17583,423,335,2023-08-01,3,169.44,20,Card,406.66
17584,247,433,2024-01-21,1,168.66,15,UPI,143.36
17585,385,138,2024-10-29,4,455.62,15,PayPal,1549.11
17586,203,420,2024-08-06,1,137.35,10,UPI,123.61
17587,16,341,2024-03-26,3,398.31,10,Cash,1075.44
17588,38,188,2023-03-17,4,242.65,15,Card,825.01
17589,32,497,2024-07-16,5,169.9,0,PayPal,849.5
17590,630,64,2024-11-03,5,375.93,10,Card,1691.69
17591,382,436,2024-07-13,1,357.4,0,UPI,357.4
17592,828,161,2023-12-13,4,219.03,10,Cash,788.51
17593,756,51,2025-01-31,5,9.69,15,Cash,41.18
17594,650,97,2023-10-29,3,491.1,15,UPI,1252.31
17595,707,402,2025-01-24,1,57.12,5,Cash,54.26
17596,775,270,2024-06-28,5,483.56,15,Cash,2055.13
17597,128,122,2023-04-06,2,195.48,0,PayPal,390.96
17598,202,353,2024-07-21,4,378.76,0,UPI,1515.04
17599,422,62,2025-06-14,4,23.67,20,Card,75.74
17600,467,54,2023-09-01,1,113.85,20,PayPal,91.08
17601,901,429,2024-01-09,5,321.13,20,Card,1284.52
17602,828,237,2023-08-18,1,39.75,0,PayPal,39.75
17603,826,379,2024-01-11,3,397.55,0,Cash,1192.65
17604,585,257,2023-07-02,3,135.84,0,PayPal,407.52
17605,637,107,2024-12-11,2,313.59,10,PayPal,564.46
17606,974,20,2023-11-06,5,448.44,20,PayPal,1793.76
17607,32,89,2025-03-30,5,78.15,20,Cash,312.6
17608,212,348,2025-05-05,5,352.48,15,Cash,1498.04
17609,445,60,2023-01-16,2,203.97,15,Card,346.75
17610,127,117,2024-06-06,5,462.28,10,Card,2080.26
17611,713,183,2023-02-23,4,395.05,15,UPI,1343.17
17612,807,324,2023-12-08,2,66.1,5,Cash,125.59
17613,873,324,2024-09-18,4,197.12,0,Cash,788.48
17614,862,341,2025-05-17,3,116.35,10,Cash,314.14
17615,354,392,2024-11-13,3,315.62,20,UPI,757.49
17616,338,67,2024-05-26,2,165.83,10,Card,298.49
17617,847,29,2023-01-02,2,217.41,10,UPI,391.34
17618,691,249,2025-02-24,1,118.91,10,UPI,107.02
17619,588,35,2025-03-27,1,93.61,5,Card,88.93
17620,250,249,2023-02-02,2,13.43,0,Card,26.86
17621,245,79,2023-06-14,5,387.15,5,UPI,1838.96
17622,505,480,2024-05-25,3,108.19,20,UPI,259.66
17623,873,172,2025-01-15,1,396.83,0,Card,396.83
17624,246,359,2023-06-14,5,92.03,10,Cash,414.13
17625,347,217,2023-12-20,4,470.24,5,PayPal,1786.91
17626,28,78,2025-03-21,4,383.87,15,PayPal,1305.16
17627,662,36,2024-03-06,4,288.75,10,Cash,1039.5
17628,605,406,2023-03-13,3,89.31,20,UPI,214.34
17629,508,170,2025-05-12,1,390.02,20,Cash,312.02
17630,415,449,2025-04-28,5,250.32,10,UPI,1126.44
17631,578,431,2025-05-23,1,351.58,5,UPI,334.0
17632,911,195,2023-10-18,1,348.68,20,Cash,278.94
17633,679,137,2024-11-17,3,273.98,5,PayPal,780.84
17634,297,468,2025-01-25,4,224.99,15,Cash,764.97
17635,235,340,2025-04-24,5,320.95,5,PayPal,1524.51
17636,527,450,2023-11-28,4,257.51,5,UPI,978.54
17637,296,37,2023-07-05,1,221.63,15,PayPal,188.39
17638,796,199,2024-05-11,1,327.5,10,UPI,294.75
17639,839,197,2023-09-02,4,410.18,20,Card,1312.58
17640,752,244,2024-05-06,2,264.48,15,UPI,449.62
17641,225,353,2023-06-23,3,48.79,0,PayPal,146.37
17642,486,341,2023-04-28,1,36.22,0,Cash,36.22
17643,713,8,2023-12-08,3,485.22,20,UPI,1164.53
17644,350,461,2024-03-24,5,178.17,20,UPI,712.68
17645,19,441,2024-07-03,5,134.97,10,PayPal,607.37
17646,242,431,2023-05-21,3,361.28,20,PayPal,867.07
17647,720,191,2023-05-08,1,286.2,0,Card,286.2
17648,123,151,2024-11-04,4,72.98,5,UPI,277.32
17649,43,281,2024-01-18,2,339.01,0,UPI,678.02
17650,609,330,2025-02-06,5,373.3,5,Cash,1773.17
17651,491,377,2023-03-04,2,461.04,5,Cash,875.98
17652,665,427,2023-03-31,2,383.37,20,PayPal,613.39
17653,68,198,2024-07-01,5,133.2,15,UPI,566.1
17654,130,444,2024-09-17,3,406.23,20,Card,974.95
17655,71,80,2024-10-15,1,12.13,0,Card,12.13
17656,834,394,2025-03-26,3,447.43,0,PayPal,1342.29
17657,35,264,2023-11-04,2,165.95,20,Card,265.52
17658,631,201,2023-09-10,5,481.92,10,Card,2168.64
17659,526,107,2025-02-11,4,305.52,20,Card,977.66
17660,910,95,2023-08-17,1,97.91,15,Cash,83.22
17661,962,328,2023-07-30,1,327.85,10,Card,295.07
17662,268,350,2024-07-03,2,303.86,20,Cash,486.18
17663,798,213,2024-09-19,3,409.56,20,Card,982.94
17664,244,156,2024-12-26,1,225.62,20,Cash,180.5
17665,566,486,2023-06-13,5,175.77,15,UPI,747.02
17666,299,290,2023-05-20,5,304.9,20,UPI,1219.6
17667,288,233,2023-01-16,5,5.36,5,PayPal,25.46
17668,84,267,2024-01-14,4,195.23,5,PayPal,741.87
17669,486,53,2023-10-05,5,350.83,20,Card,1403.32
17670,676,18,2024-07-05,2,350.28,20,Card,560.45
17671,411,360,2024-12-21,3,407.18,5,PayPal,1160.46
17672,468,151,2023-06-13,5,83.72,15,Cash,355.81
17673,347,493,2025-01-17,4,141.11,0,UPI,564.44
17674,974,167,2024-10-22,2,287.21,20,Card,459.54
17675,955,308,2024-03-24,2,7.37,10,Card,13.27
17676,315,256,2025-01-11,3,99.85,15,Card,254.62
17677,670,418,2025-02-08,3,310.71,15,Card,792.31
17678,584,314,2023-01-22,4,226.58,20,UPI,725.06
17679,272,340,2024-09-10,3,163.69,10,Card,441.96
17680,253,367,2023-04-25,3,163.12,15,Cash,415.96
17681,546,394,2023-01-14,3,209.26,20,Cash,502.22
17682,295,100,2023-01-19,2,371.31,5,PayPal,705.49
17683,786,393,2024-05-27,5,131.8,20,UPI,527.2
17684,614,313,2024-05-31,2,40.23,15,UPI,68.39
17685,221,130,2025-01-11,4,100.09,15,UPI,340.31
17686,581,128,2023-03-10,3,431.3,15,PayPal,1099.82
17687,745,188,2024-10-05,3,487.31,0,UPI,1461.93
17688,716,497,2024-07-15,5,425.41,5,UPI,2020.7
17689,471,266,2024-04-05,2,181.34,10,PayPal,326.41
17690,428,11,2024-12-06,1,209.36,15,Card,177.96
17691,692,351,2023-04-13,3,109.99,10,Cash,296.97
17692,773,336,2024-06-30,5,234.21,15,PayPal,995.39
17693,61,361,2023-08-10,5,265.07,5,UPI,1259.08
17694,112,165,2023-08-24,1,167.28,20,Card,133.82
17695,359,200,2023-05-16,1,317.31,15,PayPal,269.71
17696,569,72,2023-06-16,3,282.29,0,UPI,846.87
17697,193,116,2025-06-13,1,135.8,10,Cash,122.22
17698,285,98,2024-01-26,3,478.0,10,Cash,1290.6
17699,235,239,2025-04-14,3,212.09,0,UPI,636.27
17700,249,187,2025-06-06,1,334.62,10,UPI,301.16
17701,926,496,2025-06-02,1,196.96,10,Cash,177.26
17702,715,161,2024-07-08,5,224.0,10,Cash,1008.0
17703,743,8,2024-07-16,5,392.37,0,Card,1961.85
17704,566,189,2024-08-23,2,6.71,0,UPI,13.42
17705,171,364,2023-03-09,3,159.42,20,UPI,382.61
17706,717,256,2025-04-17,3,243.97,20,PayPal,585.53
17707,521,67,2024-10-17,3,316.03,5,UPI,900.69
17708,872,30,2023-03-10,2,194.51,15,Cash,330.67
17709,219,178,2023-08-04,3,413.95,0,Cash,1241.85
17710,357,445,2023-04-27,1,337.18,15,Card,286.6
17711,152,103,2025-05-12,3,48.84,0,PayPal,146.52
17712,449,234,2023-03-12,5,427.04,15,Card,1814.92
17713,347,493,2023-01-23,5,430.84,10,PayPal,1938.78
17714,779,148,2023-02-12,5,419.02,15,UPI,1780.83
17715,467,453,2024-07-08,5,451.9,5,PayPal,2146.53
17716,394,65,2023-02-17,4,259.0,10,UPI,932.4
17717,932,327,2024-12-14,4,149.31,5,PayPal,567.38
17718,628,56,2023-03-11,4,209.12,15,PayPal,711.01
17719,771,478,2023-03-15,4,172.04,5,Card,653.75
17720,891,493,2024-08-10,4,51.38,10,UPI,184.97
17721,872,295,2025-02-02,3,271.42,5,UPI,773.55
17722,530,26,2023-04-16,2,340.97,10,UPI,613.75
17723,684,36,2024-08-12,5,253.38,20,Card,1013.52
17724,586,334,2024-06-17,3,400.74,5,Card,1142.11
17725,116,211,2024-08-03,5,131.32,15,Card,558.11
17726,284,75,2023-12-03,3,64.89,20,Card,155.74
17727,247,304,2025-05-30,2,402.79,5,PayPal,765.3
17728,982,447,2023-01-08,1,335.84,10,UPI,302.26
17729,286,97,2024-06-23,4,237.83,5,Cash,903.75
17730,826,12,2025-02-03,4,424.51,5,Card,1613.14
17731,119,138,2023-08-01,4,195.94,10,Card,705.38
17732,565,245,2024-07-14,1,91.51,20,PayPal,73.21
17733,919,38,2023-08-08,3,148.69,10,Cash,401.46
17734,920,187,2025-03-22,4,495.26,5,UPI,1881.99
17735,350,107,2024-01-08,1,138.7,20,UPI,110.96
17736,999,132,2023-03-12,1,203.56,15,PayPal,173.03
17737,897,398,2024-12-28,1,416.0,10,UPI,374.4
17738,710,155,2024-05-14,3,252.53,0,UPI,757.59
17739,250,130,2023-07-18,3,477.88,20,PayPal,1146.91
17740,725,156,2024-04-04,3,377.37,0,UPI,1132.11
17741,598,350,2025-03-19,1,306.51,5,Card,291.18
17742,499,233,2023-12-06,5,497.49,20,PayPal,1989.96
17743,658,242,2023-10-02,5,288.46,15,Card,1225.95
17744,90,225,2025-02-27,4,234.37,20,Cash,749.98
17745,14,235,2023-01-18,2,425.91,15,PayPal,724.05
17746,85,473,2023-08-08,1,250.18,20,Card,200.14
17747,469,372,2025-06-13,3,181.78,0,PayPal,545.34
17748,826,231,2023-01-18,1,235.08,5,UPI,223.33
17749,793,461,2023-10-30,3,312.58,10,PayPal,843.97
17750,726,108,2024-09-29,2,402.6,5,Cash,764.94
17751,617,460,2023-06-06,1,363.81,20,PayPal,291.05
17752,521,82,2023-06-29,2,395.35,15,PayPal,672.1
17753,285,290,2024-11-03,1,213.95,20,Card,171.16
17754,809,70,2023-12-23,2,219.36,0,Card,438.72
17755,160,475,2023-03-31,3,292.95,10,PayPal,790.96
17756,956,163,2025-03-19,3,425.15,5,UPI,1211.68
17757,107,63,2023-03-12,5,372.44,0,Cash,1862.2
17758,475,407,2024-09-03,2,294.48,20,Card,471.17
17759,17,108,2023-08-03,3,418.47,0,Cash,1255.41
17760,286,472,2024-08-02,4,362.22,20,Card,1159.1
17761,628,380,2024-09-17,4,118.05,10,Card,424.98
17762,27,408,2024-09-15,3,410.29,5,PayPal,1169.33
17763,839,147,2024-08-09,4,445.14,10,UPI,1602.5
17764,249,38,2025-05-19,1,310.53,10,PayPal,279.48
17765,486,313,2024-10-06,3,448.08,5,Cash,1277.03
17766,227,419,2024-05-18,4,273.01,5,Cash,1037.44
17767,494,394,2024-03-17,5,214.13,20,Card,856.52
17768,121,249,2024-04-30,4,203.06,5,UPI,771.63
17769,323,160,2023-04-18,4,266.24,0,PayPal,1064.96
17770,860,420,2023-03-11,2,144.49,15,UPI,245.63
17771,165,158,2024-03-25,1,382.39,20,Card,305.91
17772,933,141,2025-02-27,3,375.09,5,PayPal,1069.01
17773,507,73,2024-05-10,4,62.06,0,Cash,248.24
17774,227,453,2024-01-08,1,118.32,5,Cash,112.4
17775,195,496,2023-07-20,4,444.54,5,Cash,1689.25
17776,11,173,2024-06-22,4,306.19,5,PayPal,1163.52
17777,154,98,2024-09-23,5,116.83,0,UPI,584.15
17778,844,333,2023-04-24,1,165.7,10,PayPal,149.13
17779,170,36,2024-08-14,3,400.26,10,PayPal,1080.7
17780,704,186,2023-05-16,5,382.21,5,UPI,1815.5
17781,787,48,2023-06-23,2,206.07,20,Cash,329.71
17782,47,392,2024-04-03,1,258.17,15,UPI,219.44
17783,412,396,2023-03-04,1,130.35,0,UPI,130.35
17784,590,376,2024-09-16,2,188.69,5,Card,358.51
17785,131,379,2025-01-22,5,150.05,5,UPI,712.74
17786,834,401,2024-06-20,5,317.91,20,Cash,1271.64
17787,87,482,2023-01-15,2,314.26,10,PayPal,565.67
17788,328,250,2024-10-23,5,175.15,0,Cash,875.75
17789,924,361,2023-01-22,1,270.83,10,Card,243.75
17790,515,415,2024-06-24,4,78.7,0,PayPal,314.8
17791,135,161,2024-04-16,4,101.83,0,Card,407.32
17792,984,293,2023-06-25,5,187.14,20,Card,748.56
17793,413,359,2023-10-10,1,384.04,0,Card,384.04
17794,481,499,2023-10-26,5,230.74,20,UPI,922.96
17795,277,33,2023-11-10,1,323.11,15,Cash,274.64
17796,749,127,2025-02-09,4,418.56,5,Card,1590.53
17797,863,228,2024-01-10,4,263.68,15,PayPal,896.51
17798,454,385,2025-04-07,5,49.27,0,UPI,246.35
17799,622,13,2023-01-25,5,96.44,20,Cash,385.76
17800,569,368,2024-12-20,5,80.53,0,Cash,402.65
17801,327,301,2023-08-06,3,289.19,5,Card,824.19
17802,547,437,2025-03-26,3,371.23,10,PayPal,1002.32
17803,14,41,2024-09-26,1,12.41,20,Card,9.93
17804,462,421,2024-03-06,2,232.31,10,PayPal,418.16
17805,377,155,2023-08-04,5,20.95,0,PayPal,104.75
17806,243,450,2023-05-23,2,454.71,20,Card,727.54
17807,976,27,2025-04-11,5,442.11,5,PayPal,2100.02
17808,442,21,2025-04-23,5,372.92,15,PayPal,1584.91
17809,354,206,2023-09-16,2,463.62,0,UPI,927.24
17810,194,276,2023-11-12,4,428.79,0,PayPal,1715.16
17811,308,299,2024-11-26,3,159.27,15,Card,406.14
17812,367,499,2023-03-14,2,89.71,5,UPI,170.45
17813,136,313,2023-07-17,5,58.09,0,UPI,290.45
17814,782,89,2024-02-04,4,282.55,10,PayPal,1017.18
17815,489,51,2025-02-25,3,25.34,15,Cash,64.62
17816,68,395,2025-03-18,2,121.42,20,Card,194.27
17817,853,374,2025-01-30,3,320.8,5,PayPal,914.28
17818,469,104,2023-12-19,5,325.65,20,Cash,1302.6
17819,227,48,2024-09-17,3,218.48,10,UPI,589.9
17820,914,373,2024-05-15,4,416.91,10,PayPal,1500.88
17821,82,386,2023-07-19,3,53.59,20,PayPal,128.62
17822,233,254,2025-04-02,1,260.96,15,Card,221.82
17823,976,481,2023-11-25,1,77.19,10,Cash,69.47
17824,411,8,2024-01-17,5,21.53,5,UPI,102.27
17825,762,165,2024-02-23,2,170.49,10,Card,306.88
17826,649,474,2023-07-08,2,73.07,20,Cash,116.91
17827,609,451,2023-12-28,4,477.23,15,UPI,1622.58
17828,853,414,2024-11-21,4,349.59,15,Card,1188.61
17829,842,273,2024-08-15,5,183.73,5,Cash,872.72
17830,338,216,2025-01-02,2,68.76,10,PayPal,123.77
17831,203,51,2023-02-26,1,185.43,15,Card,157.62
17832,261,242,2025-01-27,5,146.19,0,Card,730.95
17833,399,339,2023-08-20,5,266.22,0,Cash,1331.1
17834,290,295,2025-04-24,3,434.39,15,PayPal,1107.69
17835,876,79,2023-01-10,2,231.79,10,Card,417.22
17836,562,403,2025-02-03,2,226.67,5,PayPal,430.67
17837,429,14,2024-05-23,4,217.8,0,PayPal,871.2
17838,328,62,2024-05-09,3,490.8,5,PayPal,1398.78
17839,987,205,2023-03-20,4,409.15,10,Card,1472.94
17840,875,188,2024-07-22,3,330.78,0,Cash,992.34
17841,34,359,2024-12-11,4,365.33,10,Card,1315.19
17842,195,104,2023-09-02,1,218.11,15,PayPal,185.39
17843,38,478,2023-05-11,1,413.52,15,PayPal,351.49
17844,195,168,2023-01-27,1,244.19,5,Card,231.98
17845,964,365,2025-05-11,2,89.24,15,PayPal,151.71
17846,103,82,2024-09-17,5,322.56,15,Card,1370.88
17847,204,165,2024-09-01,5,270.24,15,PayPal,1148.52
17848,259,129,2023-09-26,5,318.49,15,Cash,1353.58
17849,388,443,2023-09-22,1,14.57,10,Cash,13.11
17850,767,206,2023-06-08,5,73.3,20,Cash,293.2
17851,297,360,2024-08-12,3,335.09,20,Cash,804.22
17852,376,93,2023-03-27,4,223.21,0,PayPal,892.84
17853,32,466,2025-02-07,2,211.35,15,Card,359.29
17854,34,19,2023-12-23,5,220.98,15,PayPal,939.16
17855,56,61,2023-01-25,1,339.82,5,Cash,322.83
17856,434,135,2024-10-09,2,10.55,5,Cash,20.05
17857,367,176,2024-09-30,1,188.34,15,PayPal,160.09
17858,516,188,2024-05-19,2,72.53,15,PayPal,123.3
17859,720,335,2024-04-02,5,373.02,5,Cash,1771.84
17860,344,465,2024-07-15,3,391.11,10,Cash,1056.0
17861,573,430,2023-08-25,3,367.33,10,PayPal,991.79
17862,208,425,2024-09-22,1,52.67,5,Card,50.04
17863,732,144,2024-01-10,4,254.4,20,UPI,814.08
17864,499,7,2025-06-09,4,122.65,5,PayPal,466.07
17865,113,303,2023-09-27,2,250.17,20,Cash,400.27
17866,801,388,2024-04-19,3,77.64,0,UPI,232.92
17867,100,430,2024-09-01,3,297.99,15,Cash,759.87
17868,426,313,2025-01-23,2,129.19,15,Cash,219.62
17869,809,138,2024-09-07,1,30.62,0,Cash,30.62
17870,549,438,2024-07-06,3,458.56,0,PayPal,1375.68
17871,57,335,2023-08-17,3,76.84,0,Cash,230.52
17872,841,324,2023-01-12,4,318.78,10,UPI,1147.61
17873,176,185,2024-07-21,2,428.35,15,Card,728.2
17874,995,10,2024-07-14,1,261.33,0,Card,261.33
17875,927,67,2025-02-05,1,222.87,15,Card,189.44
17876,743,99,2023-12-18,2,132.19,10,Cash,237.94
17877,999,221,2024-08-01,5,212.15,10,Cash,954.68
17878,801,81,2023-11-10,4,216.71,20,Cash,693.47
17879,764,276,2023-01-24,5,65.63,15,PayPal,278.93
17880,762,185,2023-04-02,5,54.41,10,Cash,244.84
17881,915,166,2023-08-02,5,275.1,5,PayPal,1306.72
17882,303,205,2025-02-24,4,476.29,15,PayPal,1619.39
17883,969,320,2023-02-26,1,245.42,10,UPI,220.88
17884,807,68,2023-08-05,1,268.29,0,UPI,268.29
17885,238,120,2023-05-12,1,483.89,5,Cash,459.7
17886,681,210,2024-03-21,1,466.83,20,Cash,373.46
17887,297,168,2023-05-31,4,278.85,20,Card,892.32
17888,419,435,2023-07-23,2,14.04,0,UPI,28.08
17889,573,89,2023-08-10,1,6.95,15,UPI,5.91
17890,21,216,2024-03-07,5,254.91,5,Card,1210.82
17891,279,146,2023-01-14,1,201.74,0,UPI,201.74
17892,231,297,2023-07-01,1,270.16,15,UPI,229.64
17893,434,453,2023-06-27,2,349.86,5,UPI,664.73
17894,63,231,2023-07-11,3,104.81,10,PayPal,282.99
17895,291,273,2023-02-22,1,450.02,0,Cash,450.02
17896,52,63,2024-11-22,2,50.91,0,UPI,101.82
17897,777,228,2023-09-30,4,101.2,5,PayPal,384.56
17898,996,495,2023-10-01,2,150.31,15,Cash,255.53
17899,369,7,2024-04-27,4,335.58,0,Card,1342.32
17900,554,32,2024-08-27,3,474.73,0,Card,1424.19
17901,880,423,2025-02-23,4,44.21,20,PayPal,141.47
17902,288,405,2023-10-09,4,242.15,10,UPI,871.74
17903,134,324,2024-12-17,1,38.46,20,PayPal,30.77
17904,984,29,2024-10-29,1,429.4,15,UPI,364.99
17905,256,464,2024-03-20,4,200.34,0,UPI,801.36
17906,979,88,2025-04-03,5,67.98,10,PayPal,305.91
17907,605,71,2024-07-16,5,96.66,20,Cash,386.64
17908,45,264,2024-11-14,5,98.43,10,UPI,442.94
17909,89,3,2023-02-22,4,293.18,20,PayPal,938.18
17910,736,12,2024-12-31,3,302.21,5,Card,861.3
17911,245,285,2024-10-05,4,61.74,15,PayPal,209.92
17912,425,274,2023-04-03,5,416.39,10,PayPal,1873.75
17913,719,412,2025-02-06,2,398.19,0,PayPal,796.38
17914,997,82,2024-05-19,1,238.14,20,Card,190.51
17915,156,466,2024-01-01,3,190.58,5,PayPal,543.15
17916,578,454,2024-10-15,3,474.38,20,UPI,1138.51
17917,212,355,2023-03-20,1,27.46,0,UPI,27.46
17918,301,250,2024-09-25,1,73.36,5,Card,69.69
17919,721,378,2023-04-15,2,311.6,0,PayPal,623.2
17920,837,421,2024-02-18,1,61.1,15,Card,51.94
17921,181,217,2025-04-22,3,228.76,10,PayPal,617.65
17922,227,97,2025-02-11,1,475.48,5,Cash,451.71
17923,197,377,2025-01-24,4,339.45,20,Card,1086.24
17924,600,13,2024-11-23,4,271.43,5,PayPal,1031.43
17925,99,19,2023-12-12,3,105.04,5,Cash,299.36
17926,284,293,2025-03-26,3,421.55,5,PayPal,1201.42
17927,276,116,2024-09-20,4,125.72,5,Card,477.74
17928,185,416,2023-11-29,2,338.45,15,Cash,575.37
17929,554,161,2023-12-07,5,98.92,10,UPI,445.14
17930,261,217,2024-04-07,3,317.34,0,Cash,952.02
17931,911,221,2024-07-23,5,101.29,0,Cash,506.45
17932,282,168,2023-02-28,3,354.17,10,Cash,956.26
17933,777,379,2023-08-28,2,76.83,10,UPI,138.29
17934,99,64,2023-12-07,1,476.98,0,UPI,476.98
17935,611,24,2024-10-25,4,263.92,5,Card,1002.9
17936,836,31,2023-02-15,2,193.64,10,Cash,348.55
17937,817,270,2024-07-22,1,250.22,5,PayPal,237.71
17938,85,67,2024-07-24,4,345.33,15,Card,1174.12
17939,873,47,2024-11-05,3,469.95,5,Card,1339.36
17940,8,421,2025-02-26,4,191.05,10,UPI,687.78
17941,767,116,2023-11-20,4,205.56,0,Cash,822.24
17942,188,144,2023-02-16,4,304.02,15,UPI,1033.67
17943,904,179,2024-10-06,1,342.84,15,PayPal,291.41
17944,815,492,2024-09-15,4,226.08,15,Cash,768.67
17945,265,67,2025-06-03,2,455.3,5,PayPal,865.07
17946,579,130,2024-10-30,2,353.92,0,Cash,707.84
17947,303,241,2025-01-23,2,318.38,5,Cash,604.92
17948,249,230,2024-09-20,2,417.59,10,UPI,751.66
17949,252,88,2023-04-05,3,193.54,10,UPI,522.56
17950,8,437,2024-07-03,3,453.62,0,UPI,1360.86
17951,771,164,2023-07-14,2,7.01,5,PayPal,13.32
17952,865,362,2024-08-20,1,214.57,20,Card,171.66
17953,888,43,2025-01-31,3,495.75,10,Card,1338.53
17954,909,159,2024-09-15,2,266.0,20,Cash,425.6
17955,419,432,2024-02-06,3,440.21,0,Cash,1320.63
17956,895,476,2023-07-03,4,47.35,15,Cash,160.99
17957,878,96,2024-11-15,4,25.39,0,UPI,101.56
17958,981,324,2024-02-17,4,269.88,5,Cash,1025.54
17959,932,266,2024-12-05,5,346.31,0,Cash,1731.55
17960,866,10,2023-12-28,2,304.85,0,PayPal,609.7
17961,825,325,2023-10-11,5,109.36,20,UPI,437.44
17962,628,440,2024-04-03,5,26.05,0,PayPal,130.25
17963,501,237,2023-04-21,5,246.53,10,Cash,1109.39
17964,166,482,2023-12-01,3,79.63,5,Card,226.95
17965,738,271,2023-11-09,1,375.06,10,Card,337.55
17966,225,182,2025-01-16,3,440.66,0,PayPal,1321.98
17967,464,217,2023-03-05,3,253.65,20,Card,608.76
17968,635,457,2025-01-28,3,64.01,10,PayPal,172.83
17969,762,328,2023-08-27,2,491.32,20,UPI,786.11
17970,7,410,2023-09-18,5,191.23,20,Cash,764.92
17971,508,359,2023-08-28,5,311.58,0,UPI,1557.9
17972,622,105,2023-01-02,4,450.3,0,UPI,1801.2
17973,455,81,2023-03-14,2,8.95,15,PayPal,15.21
17974,292,210,2023-06-23,3,302.12,10,Card,815.72
17975,989,475,2023-12-16,3,165.51,5,UPI,471.7
17976,175,164,2024-12-30,3,463.01,5,Cash,1319.58
17977,499,120,2024-04-23,3,23.33,20,UPI,55.99
17978,960,418,2024-06-24,5,370.71,10,Cash,1668.19
17979,584,270,2024-12-25,4,298.92,15,PayPal,1016.33
17980,628,308,2023-09-30,2,332.99,10,UPI,599.38
17981,914,156,2025-02-14,1,85.67,10,Card,77.1
17982,136,129,2024-11-26,4,67.64,20,Card,216.45
17983,47,97,2024-02-10,2,280.03,10,Cash,504.05
17984,90,463,2024-01-02,3,51.74,5,PayPal,147.46
17985,133,14,2023-08-16,1,123.67,5,Cash,117.49
17986,926,41,2024-04-05,2,408.83,5,Cash,776.78
17987,208,63,2024-08-18,4,92.36,20,Cash,295.55
17988,111,320,2024-04-05,4,171.4,0,PayPal,685.6
17989,100,211,2025-03-21,3,388.7,20,Cash,932.88
17990,167,242,2023-10-23,2,194.08,15,UPI,329.94
17991,950,66,2023-08-30,3,289.05,15,UPI,737.08
17992,838,260,2024-01-01,4,394.06,20,UPI,1260.99
17993,850,131,2024-12-09,5,115.47,15,PayPal,490.75
17994,741,391,2024-01-13,5,51.02,20,Card,204.08
17995,195,187,2024-05-14,3,107.96,20,Card,259.1
17996,643,135,2025-01-31,5,132.25,5,Cash,628.19
17997,783,112,2025-01-25,3,436.69,15,PayPal,1113.56
17998,462,394,2023-07-30,5,114.4,0,UPI,572.0
17999,162,390,2023-11-24,2,425.54,10,UPI,765.97
18000,177,74,2024-03-21,2,257.0,15,UPI,436.9
18001,931,62,2023-08-04,5,359.44,15,PayPal,1527.62
18002,714,383,2023-12-21,2,59.33,5,Cash,112.73
18003,923,254,2023-10-21,1,176.98,15,PayPal,150.43
18004,743,163,2024-06-25,2,98.72,20,Card,157.95
18005,451,248,2023-08-02,5,267.1,20,PayPal,1068.4
18006,385,346,2025-04-09,4,397.86,0,UPI,1591.44
18007,342,471,2023-08-27,2,229.61,0,Card,459.22
18008,181,127,2024-05-17,3,145.21,10,Card,392.07
18009,750,35,2024-11-22,4,220.23,5,Card,836.87
18010,596,217,2023-05-07,2,475.12,15,Card,807.7
18011,643,165,2024-04-13,2,403.62,15,Card,686.15
18012,755,349,2023-03-23,5,144.46,0,PayPal,722.3
18013,402,450,2023-11-11,5,309.06,20,UPI,1236.24
18014,224,54,2024-05-29,2,355.3,10,Card,639.54
18015,948,61,2023-01-01,3,91.05,5,Card,259.49
18016,949,72,2023-12-22,2,442.32,10,UPI,796.18
18017,985,362,2024-05-21,3,392.57,20,PayPal,942.17
18018,147,16,2023-06-14,5,363.07,5,PayPal,1724.58
18019,441,84,2025-04-27,2,366.57,20,UPI,586.51
18020,469,68,2023-09-14,2,35.5,0,PayPal,71.0
18021,87,276,2023-10-30,1,131.45,20,Cash,105.16
18022,734,401,2023-12-19,5,489.48,20,UPI,1957.92
18023,672,55,2023-11-18,5,406.41,15,PayPal,1727.24
18024,688,493,2024-02-20,3,495.46,20,UPI,1189.1
18025,389,261,2024-02-18,3,442.0,0,Cash,1326.0
18026,618,106,2023-07-14,2,63.92,10,Cash,115.06
18027,205,326,2024-01-22,4,282.55,10,Cash,1017.18
18028,989,372,2023-06-02,4,430.29,20,PayPal,1376.93
18029,672,439,2023-04-13,4,312.65,20,Card,1000.48
18030,813,3,2024-01-16,2,232.15,0,PayPal,464.3
18031,654,15,2024-09-03,5,38.28,15,Card,162.69
18032,350,401,2024-01-11,1,33.86,0,UPI,33.86
18033,969,82,2023-05-31,1,458.0,0,Card,458.0
18034,709,500,2025-02-07,2,262.25,15,Card,445.82
18035,826,180,2024-07-11,2,231.72,10,PayPal,417.1
18036,89,4,2023-01-29,1,226.56,20,Cash,181.25
18037,892,50,2024-09-28,1,337.36,10,Cash,303.62
18038,959,430,2023-11-19,1,272.61,10,Card,245.35
18039,983,68,2024-05-22,1,344.75,15,UPI,293.04
18040,95,100,2024-05-09,4,428.13,15,UPI,1455.64
18041,522,472,2023-01-30,2,387.04,0,Card,774.08
18042,385,485,2025-02-21,5,292.9,0,PayPal,1464.5
18043,677,231,2025-03-03,1,491.28,20,Card,393.02
18044,39,249,2025-01-26,3,176.44,10,Cash,476.39
18045,53,138,2023-10-20,1,68.39,5,PayPal,64.97
18046,462,405,2024-09-22,5,182.18,15,PayPal,774.27
18047,627,196,2024-10-31,3,136.72,5,PayPal,389.65
18048,478,230,2024-01-08,4,106.68,20,Cash,341.38
18049,972,273,2024-04-29,5,253.5,20,UPI,1014.0
18050,938,362,2024-11-04,3,344.49,20,Cash,826.78
18051,994,405,2023-03-22,3,137.35,0,PayPal,412.05
18052,532,59,2023-10-19,1,16.98,0,Cash,16.98
18053,132,36,2023-04-12,3,97.66,15,Card,249.03
18054,303,114,2024-09-30,3,350.78,20,Card,841.87
18055,138,305,2025-02-24,1,380.77,10,UPI,342.69
18056,689,138,2023-03-22,1,407.25,15,PayPal,346.16
18057,566,63,2025-02-13,3,462.18,0,Cash,1386.54
18058,545,379,2024-02-29,3,322.21,20,Card,773.3
18059,129,150,2024-09-22,5,373.61,20,Cash,1494.44
18060,941,173,2025-04-24,5,346.61,0,UPI,1733.05
18061,646,403,2024-06-18,5,85.02,0,Cash,425.1
18062,686,351,2025-03-24,5,179.62,20,Cash,718.48
18063,861,125,2024-02-29,2,406.27,20,Card,650.03
18064,419,346,2023-01-25,1,104.63,10,Cash,94.17
18065,256,134,2023-08-08,1,499.42,10,UPI,449.48
18066,307,498,2023-11-18,2,274.06,10,Cash,493.31
18067,270,183,2023-05-31,3,358.26,0,Cash,1074.78
18068,73,218,2023-07-03,3,249.28,20,PayPal,598.27
18069,117,484,2024-06-12,4,469.76,5,PayPal,1785.09
18070,670,469,2024-12-05,3,77.24,10,Card,208.55
18071,719,54,2024-07-21,3,83.29,10,PayPal,224.88
18072,85,462,2025-04-15,3,282.47,0,UPI,847.41
18073,781,201,2023-07-20,3,92.3,5,Card,263.05
18074,272,370,2024-02-19,2,344.03,20,Cash,550.45
18075,217,4,2024-11-02,5,109.89,5,Card,521.98
18076,793,302,2024-10-24,4,111.2,5,Card,422.56
18077,886,119,2025-04-07,2,452.1,5,PayPal,858.99
18078,78,248,2025-03-29,2,22.79,5,PayPal,43.3
18079,493,327,2024-03-15,3,108.25,0,Cash,324.75
18080,133,377,2025-04-22,5,419.55,5,UPI,1992.86
18081,113,363,2024-08-02,2,384.31,20,PayPal,614.9
18082,35,123,2023-01-19,3,91.52,20,Cash,219.65
18083,627,145,2024-04-06,5,178.29,15,PayPal,757.73
18084,852,60,2023-04-03,5,307.51,0,UPI,1537.55
18085,979,391,2024-06-24,1,263.99,0,Card,263.99
18086,271,14,2023-09-25,5,206.21,0,Cash,1031.05
18087,984,327,2023-12-10,1,7.16,20,PayPal,5.73
18088,656,210,2025-06-09,1,266.35,20,Card,213.08
18089,44,118,2023-11-23,4,429.16,20,Card,1373.31
18090,40,435,2024-12-20,5,300.1,20,PayPal,1200.4
18091,436,439,2023-08-17,2,403.5,10,Card,726.3
18092,993,114,2024-05-28,4,352.67,0,Card,1410.68
18093,287,212,2023-03-23,2,114.46,0,UPI,228.92
18094,560,334,2024-10-16,5,105.01,0,PayPal,525.05
18095,740,66,2024-01-16,1,54.37,0,UPI,54.37
18096,166,80,2023-03-25,3,93.17,20,PayPal,223.61
18097,384,118,2024-10-22,3,71.41,10,UPI,192.81
18098,390,237,2025-03-08,3,133.87,0,UPI,401.61
18099,360,162,2024-11-24,2,371.28,5,UPI,705.43
18100,110,65,2023-05-14,4,6.11,15,Cash,20.77
18101,232,367,2023-10-05,5,288.54,20,Card,1154.16
18102,295,403,2024-03-19,2,248.01,10,UPI,446.42
18103,376,207,2023-10-01,5,362.49,10,UPI,1631.21
18104,786,148,2023-02-01,3,486.28,20,PayPal,1167.07
18105,245,250,2024-04-16,3,85.37,5,UPI,243.3
18106,170,40,2023-09-26,2,441.34,15,PayPal,750.28
18107,866,348,2023-04-18,2,433.63,15,PayPal,737.17
18108,246,268,2023-05-18,3,332.69,10,Cash,898.26
18109,610,115,2023-04-14,1,467.74,10,PayPal,420.97
18110,330,95,2023-06-29,2,160.21,15,UPI,272.36
18111,242,488,2023-07-10,4,115.66,10,UPI,416.38
18112,614,120,2024-09-04,5,491.32,20,Cash,1965.28
18113,879,336,2024-12-07,4,237.47,15,Cash,807.4
18114,433,364,2023-02-07,5,387.38,10,Card,1743.21
18115,631,206,2024-04-19,2,349.59,20,Cash,559.34
18116,597,159,2023-06-12,1,402.12,15,PayPal,341.8
18117,356,327,2023-09-22,1,395.15,15,UPI,335.88
18118,870,79,2024-01-12,5,30.99,15,UPI,131.71
18119,993,398,2023-02-28,1,325.27,5,UPI,309.01
18120,408,283,2024-07-20,1,128.75,20,UPI,103.0
18121,962,162,2023-01-26,3,400.41,5,Card,1141.17
18122,731,426,2023-05-25,2,233.75,10,UPI,420.75
18123,788,389,2024-10-09,2,498.45,20,PayPal,797.52
18124,414,49,2024-12-09,1,17.3,15,Cash,14.71
18125,255,111,2023-09-08,4,498.19,0,UPI,1992.76
18126,906,117,2023-10-24,2,416.39,20,Card,666.22
18127,996,374,2023-07-27,3,293.17,0,PayPal,879.51
18128,28,469,2025-06-08,5,118.29,0,Card,591.45
18129,331,370,2024-06-13,5,220.82,0,Card,1104.1
18130,665,138,2024-07-01,1,247.04,5,Cash,234.69
18131,284,12,2023-03-08,5,151.33,5,UPI,718.82
18132,396,225,2023-10-28,1,325.82,5,UPI,309.53
18133,183,30,2023-08-05,4,72.12,0,UPI,288.48
18134,370,184,2024-05-06,2,61.93,20,Card,99.09
18135,643,53,2023-09-25,4,164.56,15,PayPal,559.5
18136,367,392,2024-06-13,5,416.1,15,Cash,1768.42
18137,923,74,2024-02-25,4,192.92,5,Cash,733.1
18138,155,285,2023-12-13,2,227.32,5,Cash,431.91
18139,22,32,2023-06-14,3,371.23,10,UPI,1002.32
18140,65,197,2024-02-23,1,118.66,10,Cash,106.79
18141,862,192,2023-02-06,1,177.86,5,PayPal,168.97
18142,824,95,2024-04-03,3,164.37,20,Card,394.49
18143,628,361,2023-09-03,1,201.61,15,PayPal,171.37
18144,916,264,2025-02-05,5,345.2,20,UPI,1380.8
18145,472,218,2023-04-06,4,171.38,0,Cash,685.52
18146,130,343,2024-02-03,1,174.55,5,UPI,165.82
18147,310,353,2023-12-11,2,65.66,0,Cash,131.32
18148,633,458,2025-02-28,3,85.62,10,UPI,231.17
18149,653,18,2025-04-14,3,115.23,0,PayPal,345.69
18150,527,281,2023-06-22,5,353.67,0,UPI,1768.35
18151,797,462,2024-01-17,5,182.75,0,Cash,913.75
18152,768,315,2024-02-15,2,367.5,15,Card,624.75
18153,42,294,2023-01-22,4,246.14,10,Card,886.1
18154,110,279,2025-05-10,5,84.1,10,PayPal,378.45
18155,62,369,2023-10-16,1,5.08,0,PayPal,5.08
18156,532,57,2023-01-08,5,334.75,5,UPI,1590.06
18157,580,289,2024-05-14,4,250.95,15,PayPal,853.23
18158,778,483,2023-07-14,1,294.18,0,PayPal,294.18
18159,243,187,2024-11-19,4,484.88,5,PayPal,1842.54
18160,433,14,2024-08-19,2,171.48,10,Card,308.66
18161,657,56,2024-12-15,5,217.08,20,UPI,868.32
18162,65,26,2024-09-11,3,145.97,5,Card,416.01
18163,208,14,2023-10-27,4,402.3,5,Card,1528.74
18164,143,407,2025-04-17,3,118.31,0,UPI,354.93
18165,311,283,2024-12-28,4,60.48,10,PayPal,217.73
18166,133,275,2024-02-27,5,422.74,20,PayPal,1690.96
18167,755,488,2024-08-21,4,29.99,10,Cash,107.96
18168,728,38,2024-06-14,2,200.6,20,UPI,320.96
18169,844,288,2024-11-17,2,413.15,15,UPI,702.35
18170,258,49,2024-08-07,3,301.67,5,PayPal,859.76
18171,653,336,2024-04-29,5,26.96,15,Card,114.58
18172,851,358,2024-01-05,4,435.63,0,PayPal,1742.52
18173,279,156,2023-03-01,1,46.11,10,PayPal,41.5
18174,397,359,2024-01-10,4,384.17,20,Card,1229.34
18175,18,465,2024-08-15,1,465.03,0,PayPal,465.03
18176,385,37,2023-12-31,3,209.03,20,PayPal,501.67
18177,755,107,2023-01-02,1,360.18,5,UPI,342.17
18178,104,236,2025-04-14,2,254.1,5,PayPal,482.79
18179,331,343,2023-11-18,3,344.84,15,Cash,879.34
18180,886,306,2025-06-18,3,398.96,0,Cash,1196.88
18181,506,15,2024-08-15,2,488.13,10,Card,878.63
18182,444,96,2024-07-22,2,433.78,0,PayPal,867.56
18183,360,397,2023-05-03,3,83.16,20,Card,199.58
18184,700,201,2025-04-02,1,452.69,20,UPI,362.15
18185,985,224,2023-08-30,4,91.44,15,UPI,310.9
18186,666,234,2023-03-23,2,208.53,5,Cash,396.21
18187,79,438,2024-07-31,3,319.99,20,UPI,767.98
18188,963,404,2023-09-18,5,73.66,5,Cash,349.88
18189,384,434,2024-01-10,5,46.98,10,PayPal,211.41
18190,529,485,2023-03-14,3,193.29,5,UPI,550.88
18191,295,361,2024-07-27,2,487.81,5,UPI,926.84
18192,881,469,2025-04-24,3,39.19,0,UPI,117.57
18193,948,70,2025-01-06,2,133.51,15,PayPal,226.97
18194,222,398,2023-08-01,1,34.61,10,UPI,31.15
18195,666,239,2025-02-08,5,303.59,20,Cash,1214.36
18196,442,166,2023-01-23,3,29.08,5,UPI,82.88
18197,176,109,2023-04-28,3,170.62,0,Cash,511.86
18198,965,31,2023-12-08,1,181.57,5,UPI,172.49
18199,245,365,2024-05-13,5,159.72,10,Card,718.74
18200,889,29,2025-04-07,5,195.29,15,Cash,829.98
18201,145,291,2023-07-18,5,402.19,10,Card,1809.86
18202,581,49,2025-05-16,2,318.8,5,Cash,605.72
18203,483,101,2023-06-18,2,5.81,10,PayPal,10.46
18204,195,470,2023-05-25,5,337.88,20,PayPal,1351.52
18205,162,251,2023-04-10,5,33.09,20,PayPal,132.36
18206,649,96,2025-03-29,5,443.03,20,Card,1772.12
18207,664,482,2023-03-14,4,299.27,0,Card,1197.08
18208,743,132,2023-09-10,2,66.63,5,PayPal,126.6
18209,993,327,2024-10-22,1,337.74,5,UPI,320.85
18210,214,56,2024-05-05,2,234.95,20,Cash,375.92
18211,68,266,2024-02-02,4,269.03,20,PayPal,860.9
18212,211,234,2024-12-05,3,211.88,5,Cash,603.86
18213,164,41,2024-01-12,4,412.52,20,UPI,1320.06
18214,466,422,2023-09-25,4,125.64,5,Card,477.43
18215,897,135,2025-04-25,4,108.15,20,Cash,346.08
18216,907,317,2023-05-23,5,288.47,5,PayPal,1370.23
18217,740,398,2024-10-12,1,268.01,0,Cash,268.01
18218,197,202,2023-02-27,4,387.74,10,Cash,1395.86
18219,656,286,2024-12-20,1,407.83,15,Cash,346.66
18220,591,448,2024-07-22,2,456.96,20,Card,731.14
18221,695,9,2024-12-26,1,413.14,10,PayPal,371.83
18222,256,243,2025-01-26,3,468.8,5,UPI,1336.08
18223,749,260,2025-03-14,5,484.84,15,PayPal,2060.57
18224,120,69,2023-01-12,5,387.08,15,Cash,1645.09
18225,428,149,2023-10-03,3,247.1,0,PayPal,741.3
18226,907,444,2024-03-24,5,260.92,10,Cash,1174.14
18227,42,389,2024-04-15,1,147.67,5,PayPal,140.29
18228,323,94,2024-07-01,2,153.7,20,Cash,245.92
18229,701,401,2024-08-29,2,401.28,20,Cash,642.05
18230,97,411,2024-05-13,4,170.11,15,UPI,578.37
18231,139,151,2023-01-05,4,296.98,5,Cash,1128.52
18232,95,138,2023-08-07,4,492.95,20,PayPal,1577.44
18233,472,297,2024-10-17,2,206.08,5,Cash,391.55
18234,751,397,2023-05-02,2,98.69,15,UPI,167.77
18235,999,338,2023-11-25,5,74.04,15,UPI,314.67
18236,503,392,2023-08-22,2,68.72,0,PayPal,137.44
18237,704,138,2023-08-14,2,345.13,10,PayPal,621.23
18238,52,128,2024-01-14,4,280.05,15,UPI,952.17
18239,763,158,2024-01-15,4,400.62,10,UPI,1442.23
18240,752,382,2024-11-16,5,376.09,15,UPI,1598.38
18241,831,126,2023-12-29,4,131.41,10,UPI,473.08
18242,802,102,2023-04-02,3,388.38,15,Card,990.37
18243,974,230,2023-04-26,5,199.24,5,PayPal,946.39
18244,427,176,2025-04-26,2,213.83,20,Cash,342.13
18245,897,154,2023-05-13,1,207.06,5,Cash,196.71
18246,25,151,2024-09-30,5,363.29,0,UPI,1816.45
18247,140,253,2024-03-03,4,30.02,5,Cash,114.08
18248,897,83,2024-11-03,4,134.03,15,Card,455.7
18249,491,352,2025-04-09,4,290.55,0,UPI,1162.2
18250,29,123,2023-12-28,2,435.91,15,PayPal,741.05
18251,558,488,2025-03-30,5,468.46,5,Cash,2225.18
18252,810,390,2024-06-15,3,315.31,20,UPI,756.74
18253,331,12,2024-11-16,2,443.41,5,PayPal,842.48
18254,45,230,2024-03-09,2,182.11,5,Card,346.01
18255,95,170,2023-09-12,3,170.27,15,UPI,434.19
18256,503,485,2025-01-06,3,290.95,0,PayPal,872.85
18257,29,288,2025-01-10,4,91.34,10,PayPal,328.82
18258,748,487,2024-09-22,3,389.83,5,PayPal,1111.02
18259,996,408,2024-04-03,5,109.53,5,Cash,520.27
18260,472,425,2024-09-13,1,465.4,15,PayPal,395.59
18261,30,400,2024-12-24,3,443.3,10,Card,1196.91
18262,291,405,2024-12-19,1,478.5,20,Cash,382.8
18263,824,4,2023-07-06,2,254.57,5,PayPal,483.68
18264,698,49,2023-12-12,5,410.32,5,Cash,1949.02
18265,18,170,2023-07-09,1,50.63,10,UPI,45.57
18266,973,284,2024-12-12,5,407.3,5,PayPal,1934.67
18267,202,112,2023-08-01,1,280.68,0,Cash,280.68
18268,964,148,2025-01-06,3,321.15,0,PayPal,963.45
18269,724,176,2024-03-02,2,376.83,20,UPI,602.93
18270,478,499,2025-01-02,2,207.67,20,Cash,332.27
18271,201,33,2024-08-17,1,115.63,10,PayPal,104.07
18272,768,41,2023-01-18,3,317.0,10,UPI,855.9
18273,443,419,2024-02-29,1,479.19,15,UPI,407.31
18274,396,397,2023-09-08,5,284.32,0,Card,1421.6
18275,654,356,2023-03-08,5,358.91,0,Cash,1794.55
18276,978,399,2023-12-12,2,129.96,15,PayPal,220.93
18277,127,307,2023-11-06,2,90.07,5,Cash,171.13
18278,319,107,2025-06-09,4,74.8,5,Card,284.24
18279,393,312,2023-02-23,4,325.74,10,Cash,1172.66
18280,957,424,2023-02-13,5,342.77,10,PayPal,1542.46
18281,482,486,2024-01-18,4,294.01,15,Card,999.63
18282,34,22,2025-04-25,1,235.21,5,PayPal,223.45
18283,837,155,2023-02-03,3,305.46,5,PayPal,870.56
18284,162,386,2024-08-24,4,459.06,10,Cash,1652.62
18285,873,338,2024-06-17,1,316.18,0,UPI,316.18
18286,414,27,2023-02-16,1,313.41,20,UPI,250.73
18287,169,216,2024-12-27,5,12.24,15,Cash,52.02
18288,899,217,2025-05-20,4,76.31,15,Cash,259.45
18289,450,2,2024-06-28,1,118.59,0,Cash,118.59
18290,48,397,2024-11-06,3,322.04,5,Cash,917.81
18291,360,48,2024-04-13,4,336.64,20,PayPal,1077.25
18292,767,229,2025-05-21,1,294.68,10,PayPal,265.21
18293,183,35,2023-01-24,1,40.75,15,PayPal,34.64
18294,883,409,2025-02-20,3,293.66,0,UPI,880.98
18295,833,409,2025-06-18,3,373.64,0,PayPal,1120.92
18296,553,155,2024-08-01,2,97.88,15,UPI,166.4
18297,959,226,2025-01-30,5,298.37,0,Cash,1491.85
18298,954,254,2024-01-18,3,330.74,10,PayPal,893.0
18299,840,456,2025-05-07,5,251.52,10,Card,1131.84
18300,89,482,2023-09-16,5,126.87,5,PayPal,602.63
18301,324,301,2024-04-06,4,464.42,15,PayPal,1579.03
18302,986,427,2024-05-04,3,249.76,5,Card,711.82
18303,512,295,2024-08-05,4,479.81,20,UPI,1535.39
18304,665,251,2023-06-14,5,439.49,10,Card,1977.7
18305,251,365,2023-10-20,2,212.88,10,UPI,383.18
18306,33,27,2024-05-19,5,283.06,15,Cash,1203.0
18307,887,416,2024-07-03,5,453.17,20,PayPal,1812.68
18308,765,24,2025-04-29,5,93.45,0,Cash,467.25
18309,773,183,2023-09-03,3,82.02,0,UPI,246.06
18310,243,298,2024-01-22,1,85.28,10,UPI,76.75
18311,154,254,2023-04-17,5,447.3,15,PayPal,1901.02
18312,87,49,2023-10-10,1,438.94,5,UPI,416.99
18313,424,101,2024-03-13,2,191.89,20,PayPal,307.02
18314,811,169,2024-12-05,2,49.5,0,Card,99.0
18315,213,433,2023-08-21,5,331.69,0,UPI,1658.45
18316,959,222,2024-05-29,4,273.58,5,UPI,1039.6
18317,549,426,2024-08-26,4,411.25,20,Cash,1316.0
18318,918,128,2023-09-13,4,211.45,10,UPI,761.22
18319,311,105,2023-05-25,5,30.54,10,Cash,137.43
18320,626,103,2024-03-21,2,471.85,20,Card,754.96
18321,993,257,2023-06-16,4,163.24,20,Card,522.37
18322,424,41,2023-11-14,4,250.28,15,PayPal,850.95
18323,876,160,2024-10-05,4,349.7,15,UPI,1188.98
18324,395,309,2023-05-13,1,239.63,5,Card,227.65
18325,382,181,2024-11-19,5,41.65,5,PayPal,197.84
18326,528,489,2023-11-10,3,409.87,20,UPI,983.69
18327,712,257,2024-03-14,2,388.65,15,PayPal,660.7
18328,156,389,2025-01-12,3,486.26,15,Cash,1239.96
18329,40,104,2024-03-11,4,377.53,10,UPI,1359.11
18330,388,258,2025-01-13,5,192.38,15,PayPal,817.62
18331,85,27,2024-10-28,5,55.97,15,PayPal,237.87
18332,361,280,2024-05-08,1,181.34,10,Card,163.21
18333,459,376,2023-05-10,3,157.11,5,Cash,447.76
18334,974,103,2024-11-13,5,186.63,5,PayPal,886.49
18335,496,179,2024-08-29,4,196.13,0,PayPal,784.52
18336,540,91,2024-04-15,3,414.06,15,Card,1055.85
18337,932,267,2024-08-31,3,405.96,0,Cash,1217.88
18338,911,93,2023-06-13,4,162.09,10,Card,583.52
18339,877,240,2023-08-10,2,342.82,5,PayPal,651.36
18340,190,162,2025-04-26,4,30.16,15,Card,102.54
18341,211,217,2024-09-25,1,426.66,5,PayPal,405.33
18342,229,84,2023-10-20,3,464.08,20,Card,1113.79
18343,748,209,2024-08-31,1,57.19,10,PayPal,51.47
18344,111,76,2025-02-28,3,119.73,15,PayPal,305.31
18345,807,128,2024-08-22,4,45.27,5,Cash,172.03
18346,19,52,2023-02-13,3,147.28,15,Card,375.56
18347,397,271,2025-05-10,1,76.52,20,PayPal,61.22
18348,86,260,2025-05-15,3,379.38,20,Card,910.51
18349,208,192,2024-08-13,3,8.67,0,PayPal,26.01
18350,572,343,2023-06-13,4,167.54,5,UPI,636.65
18351,358,329,2024-03-31,4,282.86,0,Cash,1131.44
18352,481,91,2025-02-08,1,89.3,20,Cash,71.44
18353,506,355,2025-06-01,1,79.2,15,Cash,67.32
18354,982,147,2024-01-03,3,171.1,5,PayPal,487.63
18355,384,103,2023-09-10,4,267.28,10,UPI,962.21
18356,114,379,2023-06-03,1,42.49,20,Card,33.99
18357,970,235,2024-02-01,5,365.74,5,Cash,1737.26
18358,340,371,2025-04-25,3,425.92,0,Card,1277.76
18359,640,457,2023-12-02,1,423.71,10,PayPal,381.34
18360,517,329,2023-05-10,5,330.47,20,PayPal,1321.88
18361,99,345,2023-01-06,1,231.43,5,UPI,219.86
18362,310,358,2023-07-13,4,80.27,20,Card,256.86
18363,492,498,2024-04-10,5,196.46,15,Card,834.96
18364,832,499,2025-05-03,3,244.72,10,Card,660.74
18365,403,460,2023-08-12,4,64.24,0,Cash,256.96
18366,706,4,2024-11-11,2,356.84,20,PayPal,570.94
18367,805,453,2025-04-01,1,283.48,20,Cash,226.78
18368,601,88,2025-04-15,2,175.15,15,UPI,297.75
18369,930,133,2024-05-03,1,32.81,20,Card,26.25
18370,164,301,2024-02-02,5,136.82,15,PayPal,581.48
18371,151,54,2024-10-10,2,377.6,0,UPI,755.2
18372,616,454,2023-05-25,1,355.64,10,Card,320.08
18373,487,457,2023-10-13,2,73.33,20,Cash,117.33
18374,494,442,2023-05-18,3,416.96,5,UPI,1188.34
18375,26,178,2023-05-20,2,41.93,15,Cash,71.28
18376,620,181,2023-08-03,1,194.2,5,UPI,184.49
18377,825,286,2024-12-31,2,478.43,20,PayPal,765.49
18378,629,309,2023-07-14,4,174.55,15,UPI,593.47
18379,695,153,2024-12-02,4,273.44,20,Card,875.01
18380,762,442,2023-01-19,4,13.72,10,Cash,49.39
18381,868,368,2023-02-06,1,272.15,20,Cash,217.72
18382,914,412,2024-04-14,1,38.17,15,PayPal,32.44
18383,377,95,2024-06-12,5,49.43,0,Cash,247.15
18384,422,36,2024-08-04,4,155.95,15,PayPal,530.23
18385,103,56,2023-08-21,3,420.96,5,Cash,1199.74
18386,167,250,2024-01-06,3,261.82,10,UPI,706.91
18387,387,388,2024-03-13,5,366.24,0,Card,1831.2
18388,852,21,2024-07-18,2,490.93,20,Cash,785.49
18389,709,40,2024-12-16,4,465.69,5,Cash,1769.62
18390,352,319,2024-01-28,2,270.65,15,PayPal,460.1
18391,78,263,2025-02-06,1,139.71,5,PayPal,132.72
18392,588,494,2023-09-14,2,295.34,20,UPI,472.54
18393,237,145,2023-04-12,5,324.21,20,PayPal,1296.84
18394,327,273,2023-12-20,2,29.09,0,PayPal,58.18
18395,198,193,2023-12-08,2,333.59,0,Card,667.18
18396,192,496,2023-02-02,5,323.51,5,PayPal,1536.67
18397,746,295,2023-07-13,3,225.98,20,PayPal,542.35
18398,494,373,2024-01-30,4,367.66,20,Cash,1176.51
18399,973,157,2024-08-11,2,186.32,5,Card,354.01
18400,332,129,2024-07-12,1,153.55,5,UPI,145.87
18401,808,465,2023-01-11,1,72.78,5,Card,69.14
18402,851,402,2024-12-11,5,230.44,0,Card,1152.2
18403,948,24,2023-05-16,1,200.46,0,Card,200.46
18404,937,424,2024-03-13,2,79.62,5,PayPal,151.28
18405,416,192,2024-06-05,3,415.66,5,Card,1184.63
18406,716,128,2024-03-31,4,165.03,5,PayPal,627.11
18407,311,500,2025-04-04,2,468.94,5,Card,890.99
18408,369,355,2024-09-14,4,473.03,5,UPI,1797.51
18409,846,321,2023-12-30,1,497.12,0,PayPal,497.12
18410,651,235,2023-11-11,3,281.17,10,Cash,759.16
18411,806,278,2023-05-06,2,387.8,10,Card,698.04
18412,877,408,2024-02-01,2,376.9,15,UPI,640.73
18413,562,147,2023-01-28,3,287.59,20,Cash,690.22
18414,650,58,2024-12-10,4,367.06,15,Card,1248.0
18415,575,316,2025-01-17,2,19.31,20,UPI,30.9
18416,909,177,2025-03-23,2,5.09,10,Card,9.16
18417,491,95,2025-01-29,2,311.29,10,Cash,560.32
18418,600,90,2025-02-15,1,211.37,10,Card,190.23
18419,855,114,2024-11-06,4,406.42,0,PayPal,1625.68
18420,111,21,2023-08-05,4,337.97,20,PayPal,1081.5
18421,154,228,2024-09-16,4,180.78,0,UPI,723.12
18422,43,89,2024-11-21,3,455.21,0,Card,1365.63
18423,485,325,2024-10-08,5,487.18,0,PayPal,2435.9
18424,168,379,2023-11-01,4,150.05,15,Cash,510.17
18425,74,228,2023-03-31,3,233.04,20,PayPal,559.3
18426,835,341,2023-10-18,2,379.19,15,PayPal,644.62
18427,52,10,2024-06-26,3,147.23,15,PayPal,375.44
18428,826,464,2025-01-03,4,477.44,10,PayPal,1718.78
18429,884,56,2024-12-08,5,480.98,0,UPI,2404.9
18430,702,452,2024-06-12,1,181.74,20,Cash,145.39
18431,999,19,2024-07-05,5,182.76,10,PayPal,822.42
18432,56,483,2024-10-21,2,215.79,5,UPI,410.0
18433,719,365,2024-07-27,4,195.08,0,Cash,780.32
18434,203,131,2024-07-27,5,307.47,10,PayPal,1383.62
18435,242,135,2023-06-16,1,115.98,15,PayPal,98.58
18436,142,45,2025-04-01,1,219.46,20,Cash,175.57
18437,782,30,2023-12-28,5,421.58,5,PayPal,2002.5
18438,22,355,2023-09-22,3,78.27,20,Card,187.85
18439,694,116,2023-05-12,3,310.95,0,Card,932.85
18440,915,336,2023-10-01,1,329.07,20,UPI,263.26
18441,446,92,2024-03-24,1,427.35,15,UPI,363.25
18442,572,333,2024-05-15,4,357.62,10,Card,1287.43
18443,487,364,2023-10-24,1,243.27,5,UPI,231.11
18444,965,108,2025-05-14,2,296.19,0,PayPal,592.38
18445,300,219,2025-01-26,4,48.79,5,UPI,185.4
18446,411,74,2024-05-19,2,143.8,20,PayPal,230.08
18447,407,463,2025-03-17,2,76.07,5,UPI,144.53
18448,458,143,2023-08-06,2,69.84,10,Card,125.71
18449,930,106,2023-07-25,3,273.35,5,Cash,779.05
18450,456,70,2025-04-03,4,426.51,5,Card,1620.74
18451,934,237,2023-01-03,4,101.59,15,Cash,345.41
18452,317,189,2023-09-21,2,215.9,5,Card,410.21
18453,660,497,2024-10-22,5,391.4,20,UPI,1565.6
18454,68,315,2024-01-07,1,105.83,0,UPI,105.83
18455,320,320,2025-03-04,1,101.62,15,UPI,86.38
18456,37,449,2024-07-11,5,57.66,5,Cash,273.88
18457,440,426,2023-10-15,3,56.91,15,Card,145.12
18458,548,48,2024-09-22,2,102.65,20,Card,164.24
18459,272,390,2025-02-07,1,65.94,20,PayPal,52.75
18460,990,456,2023-02-24,3,395.37,5,Cash,1126.8
18461,505,423,2023-07-02,4,391.6,0,PayPal,1566.4
18462,841,70,2024-11-15,5,408.88,0,PayPal,2044.4
18463,832,488,2023-02-07,4,83.16,15,Card,282.74
18464,220,268,2023-03-26,2,5.12,0,PayPal,10.24
18465,301,159,2023-12-05,4,436.11,5,UPI,1657.22
18466,309,255,2024-01-30,2,162.7,5,Card,309.13
18467,889,428,2023-10-21,2,362.72,20,Card,580.35
18468,267,183,2023-02-21,3,195.68,5,UPI,557.69
18469,890,267,2025-03-29,2,390.79,0,UPI,781.58
18470,48,102,2023-12-19,4,190.88,10,Cash,687.17
18471,105,416,2024-07-04,5,228.83,5,PayPal,1086.94
18472,64,348,2024-12-23,3,134.34,5,Card,382.87
18473,905,45,2023-05-08,2,271.14,0,PayPal,542.28
18474,457,161,2023-12-27,2,443.34,0,PayPal,886.68
18475,806,159,2024-04-14,2,182.51,15,Cash,310.27
18476,410,489,2023-06-22,3,279.53,10,PayPal,754.73
18477,807,284,2024-01-08,4,103.21,10,PayPal,371.56
18478,798,217,2023-03-04,3,243.34,10,UPI,657.02
18479,67,17,2024-09-10,3,451.21,5,Cash,1285.95
18480,618,143,2024-07-02,4,296.43,20,Card,948.58
18481,426,84,2025-05-08,2,195.34,20,Cash,312.54
18482,733,144,2023-12-22,2,169.51,20,Cash,271.22
18483,336,488,2024-01-18,1,362.1,0,PayPal,362.1
18484,211,380,2023-07-23,5,444.11,10,Card,1998.5
18485,873,208,2023-10-21,1,340.16,15,UPI,289.14
18486,897,436,2025-05-22,2,280.55,0,Cash,561.1
18487,367,492,2024-05-18,2,454.96,15,Cash,773.43
18488,392,173,2024-05-04,5,484.46,5,UPI,2301.18
18489,716,436,2023-03-04,3,245.06,0,UPI,735.18
18490,892,362,2023-03-05,3,102.77,5,PayPal,292.89
18491,629,15,2023-12-14,2,247.16,0,Card,494.32
18492,830,211,2024-07-05,2,17.49,0,Cash,34.98
18493,104,80,2024-07-07,5,438.23,20,UPI,1752.92
18494,124,263,2024-08-23,2,170.11,15,Cash,289.19
18495,873,315,2023-07-16,5,457.55,5,UPI,2173.36
18496,524,267,2025-03-09,5,316.44,0,UPI,1582.2
18497,610,224,2023-05-16,5,129.2,10,Card,581.4
18498,235,423,2023-05-23,3,213.2,10,UPI,575.64
18499,607,161,2023-09-13,5,168.98,20,Cash,675.92
18500,17,55,2023-03-27,5,102.55,20,Card,410.2
18501,126,442,2023-06-12,5,20.74,10,UPI,93.33
18502,908,84,2024-03-27,1,328.15,10,Cash,295.33
18503,573,164,2025-05-10,5,412.05,20,PayPal,1648.2
18504,302,44,2024-07-19,5,377.88,5,Cash,1794.93
18505,724,111,2023-05-19,4,301.4,20,Card,964.48
18506,975,205,2024-08-01,4,25.18,0,Card,100.72
18507,867,121,2023-09-30,5,443.34,20,PayPal,1773.36
18508,146,10,2025-03-26,5,494.28,15,UPI,2100.69
18509,162,54,2024-11-04,2,19.87,5,PayPal,37.75
18510,247,408,2023-03-06,4,175.99,20,Card,563.17
18511,226,296,2023-10-20,2,187.48,15,UPI,318.72
18512,490,259,2025-02-09,2,177.71,0,PayPal,355.42
18513,968,474,2024-08-28,5,480.57,0,PayPal,2402.85
18514,587,450,2025-05-10,2,440.7,15,Cash,749.19
18515,961,351,2023-12-10,4,314.32,0,Cash,1257.28
18516,43,31,2023-06-12,4,388.92,5,UPI,1477.9
18517,138,245,2024-07-15,2,411.22,20,PayPal,657.95
18518,717,432,2023-07-10,2,301.07,0,UPI,602.14
18519,431,372,2023-06-23,1,251.42,0,PayPal,251.42
18520,886,341,2023-01-17,1,351.78,5,Cash,334.19
18521,308,424,2024-11-01,4,264.93,20,UPI,847.78
18522,520,107,2025-06-05,4,315.15,5,Cash,1197.57
18523,458,114,2023-02-17,2,339.63,15,Cash,577.37
18524,188,278,2024-01-05,4,276.44,0,UPI,1105.76
18525,185,260,2024-06-26,5,439.36,15,Cash,1867.28
18526,920,186,2024-02-22,1,267.38,0,PayPal,267.38
18527,257,174,2023-06-11,3,351.76,5,Card,1002.52
18528,879,472,2023-04-02,2,326.51,0,UPI,653.02
18529,696,330,2023-12-06,1,208.39,20,Card,166.71
18530,431,27,2025-05-17,3,105.92,10,Card,285.98
18531,918,390,2023-07-25,3,144.79,10,Cash,390.93
18532,746,42,2025-03-22,2,17.34,20,Card,27.74
18533,913,389,2024-05-29,5,163.5,20,PayPal,654.0
18534,903,68,2023-08-17,2,433.89,15,UPI,737.61
18535,382,498,2023-02-12,5,207.5,5,PayPal,985.62
18536,856,200,2025-01-06,3,457.25,5,Card,1303.16
18537,247,87,2023-06-14,4,342.27,20,Cash,1095.26
18538,841,475,2023-08-24,1,317.94,15,Card,270.25
18539,726,332,2023-03-01,5,216.8,10,PayPal,975.6
18540,100,75,2023-03-20,5,291.6,10,Card,1312.2
18541,835,228,2024-02-06,2,234.96,0,UPI,469.92
18542,943,144,2025-02-13,3,261.3,20,UPI,627.12
18543,461,353,2023-01-03,4,78.85,10,Card,283.86
18544,2,153,2024-01-28,1,366.4,0,Cash,366.4
18545,815,331,2024-04-29,1,349.86,5,Card,332.37
18546,541,16,2025-04-23,3,403.09,5,Cash,1148.81
18547,646,389,2024-11-12,5,441.19,20,Cash,1764.76
18548,262,270,2024-04-16,1,60.35,10,Card,54.32
18549,770,236,2025-06-17,3,115.16,15,Card,293.66
18550,348,37,2025-06-19,2,191.75,20,UPI,306.8
18551,543,103,2024-08-13,5,440.75,20,PayPal,1763.0
18552,362,386,2023-08-25,3,298.43,0,Card,895.29
18553,701,27,2023-07-19,1,428.37,20,UPI,342.7
18554,100,343,2023-12-11,4,112.51,5,PayPal,427.54
18555,157,252,2024-08-10,5,128.92,0,UPI,644.6
18556,547,480,2024-05-02,2,86.62,5,Card,164.58
18557,587,346,2025-04-06,3,220.79,20,Cash,529.9
18558,469,391,2024-11-03,1,245.11,15,PayPal,208.34
18559,704,46,2023-08-04,5,58.59,10,UPI,263.66
18560,268,203,2023-12-30,4,79.63,10,Card,286.67
18561,483,375,2025-02-19,2,250.11,5,Card,475.21
18562,681,111,2023-05-09,4,479.73,5,Card,1822.97
18563,834,399,2025-03-01,3,169.47,20,PayPal,406.73
18564,26,286,2023-01-11,3,367.07,5,Cash,1046.15
18565,750,239,2023-11-17,4,187.58,20,PayPal,600.26
18566,837,174,2024-08-28,4,126.34,20,Cash,404.29
18567,684,95,2023-03-20,5,405.29,10,UPI,1823.81
18568,849,282,2024-01-12,5,64.97,20,UPI,259.88
18569,617,349,2023-10-03,1,282.78,0,PayPal,282.78
18570,817,25,2024-12-07,4,86.29,15,PayPal,293.39
18571,470,157,2024-07-26,5,406.81,5,UPI,1932.35
18572,58,423,2024-10-04,2,299.93,15,Card,509.88
18573,258,314,2024-06-28,3,283.64,10,Cash,765.83
18574,272,371,2024-04-19,5,429.53,5,PayPal,2040.27
18575,555,426,2023-10-12,4,119.12,10,Cash,428.83
18576,791,366,2024-09-22,4,402.65,5,UPI,1530.07
18577,702,500,2024-06-04,4,167.49,10,UPI,602.96
18578,259,78,2023-08-18,2,83.56,0,Cash,167.12
18579,837,495,2024-03-16,4,430.91,10,Card,1551.28
18580,861,66,2023-09-25,5,222.73,20,Card,890.92
18581,464,351,2023-12-19,2,15.17,20,Card,24.27
18582,223,85,2023-10-03,5,169.85,15,Card,721.86
18583,128,437,2024-05-19,3,156.87,5,Card,447.08
18584,350,222,2024-09-22,4,494.63,0,UPI,1978.52
18585,712,40,2023-04-06,2,290.67,10,PayPal,523.21
18586,991,434,2023-10-20,3,309.95,15,UPI,790.37
18587,577,296,2023-09-28,1,474.37,10,PayPal,426.93
18588,563,337,2024-06-08,5,118.52,10,Cash,533.34
18589,523,309,2023-08-28,4,109.87,10,Cash,395.53
18590,348,452,2025-06-18,2,68.28,20,PayPal,109.25
18591,677,391,2023-04-28,2,319.03,20,UPI,510.45
18592,376,391,2024-03-08,3,339.0,15,Cash,864.45
18593,223,198,2023-06-18,2,435.04,0,Card,870.08
18594,547,497,2024-03-19,2,373.42,10,PayPal,672.16
18595,791,90,2024-01-13,1,72.84,0,Cash,72.84
18596,757,42,2025-06-10,1,104.79,10,Cash,94.31
18597,898,128,2024-07-05,4,470.05,20,PayPal,1504.16
18598,390,369,2023-05-11,2,111.39,20,Card,178.22
18599,323,365,2023-11-17,4,270.72,10,Cash,974.59
18600,498,87,2023-12-31,1,496.1,5,Card,471.3
18601,375,409,2025-02-17,4,390.66,5,PayPal,1484.51
18602,820,200,2024-10-18,5,72.85,5,Cash,346.04
18603,428,195,2024-01-25,3,188.43,10,UPI,508.76
18604,5,446,2023-10-22,1,11.74,10,Cash,10.57
18605,997,277,2024-07-09,2,273.43,0,Card,546.86
18606,897,296,2023-01-02,2,154.37,10,Cash,277.87
18607,672,191,2023-01-12,3,356.71,0,UPI,1070.13
18608,827,2,2025-02-18,2,361.76,0,UPI,723.52
18609,951,376,2024-06-17,1,332.86,10,UPI,299.57
18610,989,233,2025-01-26,4,85.93,20,Cash,274.98
18611,479,210,2023-05-11,5,173.98,15,UPI,739.41
18612,426,343,2025-04-05,3,46.88,5,Cash,133.61
18613,345,432,2023-12-31,2,49.17,10,UPI,88.51
18614,161,406,2024-02-27,1,22.1,10,Cash,19.89
18615,596,254,2023-10-06,2,433.58,15,Card,737.09
18616,204,453,2025-06-17,3,355.63,10,Cash,960.2
18617,539,482,2024-04-20,3,223.92,5,Card,638.17
18618,5,78,2025-02-11,4,368.15,15,PayPal,1251.71
18619,380,262,2024-12-13,2,28.63,20,Card,45.81
18620,86,120,2023-05-12,5,447.68,15,PayPal,1902.64
18621,798,500,2023-10-12,4,267.14,20,PayPal,854.85
18622,214,139,2023-11-10,4,322.39,20,Cash,1031.65
18623,942,306,2025-06-02,1,352.28,20,UPI,281.82
18624,259,376,2024-06-29,2,410.27,10,Cash,738.49
18625,829,38,2024-12-31,5,109.64,20,UPI,438.56
18626,976,97,2023-10-19,5,479.51,10,PayPal,2157.8
18627,892,324,2023-05-27,5,347.93,15,Cash,1478.7
18628,139,186,2024-02-10,4,493.32,10,UPI,1775.95
18629,573,185,2025-05-08,2,128.33,5,Card,243.83
18630,453,214,2023-05-05,2,114.92,10,PayPal,206.86
18631,876,144,2025-04-22,2,246.21,10,Cash,443.18
18632,817,118,2023-01-28,5,242.09,20,PayPal,968.36
18633,154,341,2023-03-30,1,487.89,10,UPI,439.1
18634,327,334,2023-12-14,5,348.02,0,PayPal,1740.1
18635,272,338,2024-12-19,1,92.66,0,UPI,92.66
18636,589,57,2024-09-07,5,248.05,20,Card,992.2
18637,235,386,2024-01-24,4,40.73,20,Card,130.34
18638,31,78,2025-02-21,3,219.63,20,Card,527.11
18639,42,288,2023-04-06,4,411.32,5,PayPal,1563.02
18640,931,386,2023-05-24,5,193.92,20,Card,775.68
18641,615,474,2023-10-02,1,443.1,15,Cash,376.63
18642,622,219,2024-11-11,1,464.08,20,UPI,371.26
18643,360,227,2023-10-09,3,362.39,5,Card,1032.81
18644,145,274,2023-09-09,2,7.54,20,Cash,12.06
18645,378,266,2024-07-11,4,421.31,10,Card,1516.72
18646,978,115,2025-03-07,5,202.65,10,Cash,911.93
18647,963,462,2023-04-01,3,104.43,15,PayPal,266.3
18648,882,93,2023-06-02,1,167.54,0,Card,167.54
18649,700,194,2024-02-01,4,133.95,15,Card,455.43
18650,15,78,2024-05-13,2,37.08,5,Card,70.45
18651,24,20,2023-04-11,5,237.33,15,UPI,1008.65
18652,89,157,2025-01-15,1,26.0,5,Cash,24.7
18653,451,115,2024-10-22,3,276.0,20,UPI,662.4
18654,160,101,2025-03-10,4,330.45,15,Card,1123.53
18655,994,444,2024-02-09,5,179.15,5,PayPal,850.96
18656,765,394,2023-03-27,3,482.52,5,Cash,1375.18
18657,135,464,2025-01-03,3,205.43,15,PayPal,523.85
18658,126,110,2023-08-20,1,194.42,20,Card,155.54
18659,558,291,2023-09-05,1,34.46,15,Card,29.29
18660,995,115,2025-04-30,1,333.79,20,Cash,267.03
18661,589,235,2025-05-01,1,21.48,0,Card,21.48
18662,922,422,2024-06-14,4,25.16,10,UPI,90.58
18663,968,98,2024-04-21,3,416.78,15,Cash,1062.79
18664,440,16,2023-08-22,4,350.31,0,Cash,1401.24
18665,182,460,2023-03-05,3,317.65,10,Card,857.65
18666,79,167,2024-07-01,1,398.62,0,Cash,398.62
18667,68,145,2024-04-18,5,156.6,5,Cash,743.85
18668,861,394,2024-12-07,5,51.42,15,PayPal,218.54
18669,543,494,2024-07-20,3,405.32,15,UPI,1033.57
18670,439,324,2024-11-05,5,62.52,10,Card,281.34
18671,122,276,2023-04-16,4,420.9,5,Cash,1599.42
18672,445,384,2024-11-18,2,332.47,20,PayPal,531.95
18673,115,341,2024-07-25,5,459.46,15,UPI,1952.7
18674,638,350,2023-05-27,5,408.96,20,PayPal,1635.84
18675,637,485,2025-04-14,5,289.21,0,UPI,1446.05
18676,568,195,2023-11-03,3,235.87,10,UPI,636.85
18677,67,403,2023-02-27,5,62.22,5,Cash,295.55
18678,40,190,2025-02-15,3,284.43,0,Card,853.29
18679,348,293,2023-07-02,4,38.41,5,PayPal,145.96
18680,765,358,2023-10-11,2,209.24,5,Cash,397.56
18681,547,272,2023-11-22,4,13.25,0,Cash,53.0
18682,492,156,2023-04-18,4,414.6,0,Cash,1658.4
18683,673,458,2023-07-30,3,187.02,5,PayPal,533.01
18684,686,26,2024-10-17,3,289.74,20,UPI,695.38
18685,386,199,2025-04-22,4,148.91,20,Cash,476.51
18686,32,287,2025-04-11,5,33.66,10,Card,151.47
18687,513,437,2024-12-17,3,188.24,5,Card,536.48
18688,434,247,2025-05-02,1,202.26,20,Card,161.81
18689,535,372,2024-04-17,1,498.65,0,UPI,498.65
18690,132,472,2023-01-12,2,58.61,20,PayPal,93.78
18691,647,191,2024-10-15,3,338.47,20,Cash,812.33
18692,9,452,2024-01-12,4,322.61,20,Cash,1032.35
18693,541,149,2023-06-27,1,294.37,10,PayPal,264.93
18694,980,8,2024-06-11,2,373.61,10,PayPal,672.5
18695,242,158,2025-01-06,3,20.49,20,UPI,49.18
18696,914,158,2024-09-27,5,282.11,10,Card,1269.5
18697,395,411,2024-08-09,4,397.33,20,Card,1271.46
18698,182,182,2023-10-05,2,217.75,0,Cash,435.5
18699,452,433,2024-12-12,5,452.9,10,Card,2038.05
18700,735,290,2025-03-09,4,348.76,0,PayPal,1395.04
18701,281,441,2023-06-21,3,113.51,15,PayPal,289.45
18702,619,95,2023-04-07,1,343.52,0,Cash,343.52
18703,17,11,2023-08-31,3,188.85,0,Cash,566.55
18704,985,335,2024-02-14,3,67.71,10,PayPal,182.82
18705,204,370,2024-12-15,2,471.72,0,Cash,943.44
18706,514,374,2023-05-04,2,64.68,20,PayPal,103.49
18707,926,211,2023-12-18,1,230.32,0,Cash,230.32
18708,46,37,2024-10-14,4,37.75,20,Card,120.8
18709,688,169,2024-04-03,1,153.83,5,UPI,146.14
18710,503,202,2023-02-15,5,372.07,10,Card,1674.32
18711,717,296,2023-05-21,3,461.73,5,PayPal,1315.93
18712,792,217,2023-03-09,4,487.2,5,PayPal,1851.36
18713,289,345,2023-06-17,4,346.47,15,UPI,1178.0
18714,330,319,2023-08-13,3,325.3,5,Cash,927.11
18715,916,396,2023-12-16,1,197.6,20,Cash,158.08
18716,966,468,2024-03-20,2,71.02,15,UPI,120.73
18717,375,415,2023-06-09,2,72.04,15,Card,122.47
18718,385,110,2024-09-02,3,482.27,20,UPI,1157.45
18719,438,232,2024-09-11,2,482.23,10,UPI,868.01
18720,830,196,2025-01-14,3,84.57,20,Card,202.97
18721,515,472,2024-12-03,3,251.03,10,UPI,677.78
18722,209,332,2024-07-12,1,28.64,0,UPI,28.64
18723,332,241,2023-04-18,2,175.48,5,UPI,333.41
18724,202,369,2024-11-16,2,128.0,5,PayPal,243.2
18725,285,282,2023-01-10,2,427.88,10,PayPal,770.18
18726,985,60,2024-12-29,1,10.97,15,PayPal,9.32
18727,413,30,2024-12-05,5,126.82,15,Cash,538.98
18728,221,369,2025-03-06,5,159.02,15,Cash,675.84
18729,985,179,2023-10-22,5,332.85,10,Card,1497.83
18730,594,79,2023-03-12,1,91.61,15,UPI,77.87
18731,786,496,2023-10-14,4,93.73,10,Cash,337.43
18732,28,197,2023-08-20,4,486.35,10,UPI,1750.86
18733,746,250,2024-04-14,4,246.73,10,UPI,888.23
18734,469,178,2023-09-06,4,100.87,20,Card,322.78
18735,887,374,2025-05-16,1,198.78,15,Cash,168.96
18736,128,260,2023-12-08,3,258.26,10,UPI,697.3
18737,972,489,2023-06-07,5,246.35,20,PayPal,985.4
18738,282,15,2024-11-24,5,99.44,0,UPI,497.2
18739,569,215,2024-02-10,5,33.54,10,UPI,150.93
18740,399,398,2025-03-23,3,202.04,5,Cash,575.81
18741,239,401,2025-03-24,3,247.53,15,Card,631.2
18742,707,449,2023-03-15,2,258.38,10,Card,465.08
18743,166,54,2024-08-19,3,152.08,20,PayPal,364.99
18744,709,68,2023-03-31,1,149.49,20,Card,119.59
18745,289,323,2025-01-03,3,159.2,5,Card,453.72
18746,779,277,2025-02-19,2,86.66,15,Card,147.32
18747,793,127,2023-11-16,2,471.35,5,Cash,895.57
18748,844,427,2024-02-27,1,159.25,20,Cash,127.4
18749,730,192,2024-04-22,2,456.52,5,Card,867.39
18750,302,54,2024-03-04,2,109.82,5,Cash,208.66
18751,259,18,2023-03-29,4,397.98,0,Cash,1591.92
18752,112,253,2024-11-01,1,266.15,15,UPI,226.23
18753,919,231,2024-07-02,4,366.46,0,UPI,1465.84
18754,741,39,2024-10-23,3,209.59,20,Card,503.02
18755,347,342,2023-11-16,3,264.25,15,Cash,673.84
18756,120,376,2023-03-20,3,288.84,10,Cash,779.87
18757,592,283,2023-01-18,3,53.93,20,Cash,129.43
18758,204,60,2025-04-08,2,269.47,20,Card,431.15
18759,515,39,2023-08-03,2,63.48,15,Card,107.92
18760,135,85,2023-03-01,1,426.1,10,Card,383.49
18761,515,406,2024-05-02,4,327.67,15,Cash,1114.08
18762,230,18,2024-12-17,5,423.65,10,Cash,1906.42
18763,758,94,2024-09-22,3,76.35,0,UPI,229.05
18764,2,273,2024-02-21,4,357.99,5,PayPal,1360.36
18765,996,330,2023-06-28,2,11.9,0,Card,23.8
18766,693,435,2023-01-24,3,88.96,5,Cash,253.54
18767,414,293,2023-02-03,3,168.44,0,UPI,505.32
18768,779,299,2023-12-02,3,278.85,5,PayPal,794.72
18769,666,437,2023-09-12,4,150.38,15,PayPal,511.29
18770,654,16,2025-01-23,4,341.16,0,UPI,1364.64
18771,618,247,2023-11-26,2,82.53,5,Cash,156.81
18772,413,351,2024-11-16,5,174.23,15,Card,740.48
18773,538,98,2024-05-02,3,116.83,5,PayPal,332.97
18774,574,350,2025-06-11,4,94.62,20,UPI,302.78
18775,471,216,2024-10-26,1,354.38,10,UPI,318.94
18776,505,88,2025-01-14,5,30.83,0,PayPal,154.15
18777,911,9,2023-11-15,4,406.95,5,PayPal,1546.41
18778,469,48,2023-10-17,5,450.65,15,PayPal,1915.26
18779,582,16,2024-01-02,2,457.96,10,Cash,824.33
18780,232,209,2025-04-14,3,119.31,10,Card,322.14
18781,222,31,2024-12-08,2,392.95,10,PayPal,707.31
18782,988,54,2023-09-27,3,65.62,10,Card,177.17
18783,266,4,2025-05-06,2,468.08,15,Card,795.74
18784,510,266,2023-03-24,2,103.25,5,UPI,196.17
18785,398,32,2024-04-07,3,339.41,20,UPI,814.58
18786,461,76,2024-08-15,4,246.18,15,Cash,837.01
18787,436,252,2023-07-25,2,148.16,0,UPI,296.32
18788,817,102,2023-01-12,1,213.6,5,Cash,202.92
18789,61,179,2024-08-20,2,351.91,0,Cash,703.82
18790,738,81,2023-07-07,1,369.05,10,UPI,332.15
18791,429,127,2025-01-04,1,294.51,15,Card,250.33
18792,892,421,2024-06-22,3,118.94,20,PayPal,285.46
18793,663,357,2025-01-09,2,194.13,5,UPI,368.85
18794,503,99,2024-04-15,2,398.15,0,Cash,796.3
18795,137,495,2024-10-25,5,105.61,0,UPI,528.05
18796,438,224,2024-09-14,5,57.98,20,Cash,231.92
18797,945,400,2024-07-05,4,434.08,0,Card,1736.32
18798,722,175,2023-01-20,5,278.91,20,Cash,1115.64
18799,348,270,2023-04-01,2,143.35,20,Card,229.36
18800,171,18,2024-06-19,2,407.89,15,Card,693.41
18801,382,460,2024-04-18,2,234.62,0,Cash,469.24
18802,645,499,2024-06-18,1,442.98,10,PayPal,398.68
18803,819,332,2025-01-22,2,283.04,15,Card,481.17
18804,370,33,2024-01-21,2,383.91,5,UPI,729.43
18805,426,354,2025-01-23,5,324.99,0,Cash,1624.95
18806,739,429,2024-04-11,3,408.92,5,Cash,1165.42
18807,317,249,2023-04-10,1,477.24,10,PayPal,429.52
18808,601,36,2023-11-20,4,250.21,0,UPI,1000.84
18809,399,448,2024-08-18,5,126.5,15,UPI,537.62
18810,939,490,2024-08-29,4,38.49,15,PayPal,130.87
18811,123,22,2023-11-07,1,277.71,10,PayPal,249.94
18812,901,135,2024-07-22,5,202.66,0,PayPal,1013.3
18813,369,63,2024-03-05,1,188.67,0,PayPal,188.67
18814,605,346,2023-10-14,2,80.21,5,Card,152.4
18815,809,361,2023-01-06,5,161.99,0,PayPal,809.95
18816,340,200,2024-05-06,2,10.31,10,Card,18.56
18817,331,466,2025-01-11,2,458.81,15,UPI,779.98
18818,676,14,2025-05-04,4,411.5,5,PayPal,1563.7
18819,791,164,2023-02-26,2,190.1,15,PayPal,323.17
18820,443,437,2024-11-13,3,49.23,15,PayPal,125.54
18821,304,149,2023-03-31,1,49.84,15,PayPal,42.36
18822,166,72,2024-01-27,3,94.6,20,Card,227.04
18823,50,305,2025-01-13,3,98.25,20,PayPal,235.8
18824,777,425,2023-11-21,2,355.8,10,Card,640.44
18825,233,259,2023-09-09,1,378.72,20,Cash,302.98
18826,974,98,2025-05-31,4,309.35,15,PayPal,1051.79
18827,404,173,2023-09-08,2,308.58,10,UPI,555.44
18828,996,180,2025-01-10,1,478.87,0,Card,478.87
18829,370,360,2025-03-25,4,312.31,0,Card,1249.24
18830,507,36,2024-02-19,5,197.57,20,Card,790.28
18831,487,482,2025-02-19,2,333.05,15,Card,566.19
18832,296,404,2024-06-09,1,395.36,5,Card,375.59
18833,492,468,2025-06-13,1,120.01,20,UPI,96.01
18834,495,290,2023-01-18,5,219.59,15,Cash,933.26
18835,731,382,2024-11-01,4,50.06,0,Cash,200.24
18836,453,331,2025-05-28,5,63.9,0,PayPal,319.5
18837,93,399,2024-05-15,1,279.61,0,PayPal,279.61
18838,796,114,2024-11-20,1,176.75,0,PayPal,176.75
18839,725,252,2023-12-14,5,210.65,20,Card,842.6
18840,652,141,2024-06-17,3,299.82,20,Cash,719.57
18841,447,48,2025-05-25,2,104.41,10,UPI,187.94
18842,617,404,2023-02-24,1,209.35,5,UPI,198.88
18843,366,461,2025-05-15,3,357.36,10,Cash,964.87
18844,244,372,2023-11-17,5,104.55,0,Card,522.75
18845,713,243,2024-09-30,2,485.12,5,UPI,921.73
18846,185,291,2025-05-12,4,170.29,15,PayPal,578.99
18847,830,280,2024-03-11,1,135.86,20,Cash,108.69
18848,947,179,2023-05-28,1,374.41,0,PayPal,374.41
18849,951,18,2023-05-10,2,106.94,10,UPI,192.49
18850,827,86,2025-05-08,4,120.93,5,Card,459.53
18851,233,370,2025-04-23,4,332.26,5,UPI,1262.59
18852,726,40,2024-01-14,3,490.59,5,UPI,1398.18
18853,761,155,2023-03-06,4,339.04,20,PayPal,1084.93
18854,780,429,2024-12-10,4,125.89,0,Card,503.56
18855,451,263,2025-02-28,5,410.07,0,Cash,2050.35
18856,811,34,2024-01-07,2,74.15,0,Cash,148.3
18857,294,10,2024-08-27,4,186.78,0,UPI,747.12
18858,992,235,2024-05-09,3,203.58,20,Cash,488.59
18859,826,89,2023-03-18,2,434.88,5,Cash,826.27
18860,133,162,2024-10-20,1,322.18,5,Cash,306.07
18861,430,223,2023-02-14,5,24.72,5,PayPal,117.42
18862,147,218,2023-01-10,2,328.89,20,Cash,526.22
18863,902,349,2023-05-15,5,216.61,5,Card,1028.9
18864,954,230,2023-12-20,5,76.89,10,Cash,346.0
18865,392,276,2024-01-03,4,250.66,20,UPI,802.11
18866,497,25,2023-06-06,5,41.08,5,UPI,195.13
18867,415,123,2024-11-27,5,493.4,5,UPI,2343.65
18868,257,446,2024-06-15,2,402.0,15,PayPal,683.4
18869,981,284,2024-12-24,5,181.63,15,Cash,771.93
18870,804,387,2024-12-13,4,88.45,5,UPI,336.11
18871,692,50,2023-01-29,3,448.28,20,Cash,1075.87
18872,351,277,2023-07-08,1,74.87,20,Cash,59.9
18873,472,400,2023-04-28,1,352.18,15,Cash,299.35
18874,265,374,2023-03-03,4,286.23,5,UPI,1087.67
18875,230,158,2024-04-02,5,263.86,20,PayPal,1055.44
18876,837,277,2025-03-11,1,279.9,20,Card,223.92
18877,544,134,2023-11-08,1,462.7,15,Cash,393.29
18878,915,463,2024-04-16,2,380.46,20,Card,608.74
18879,998,41,2024-06-23,4,120.94,10,UPI,435.38
18880,2,207,2023-10-20,2,195.79,0,UPI,391.58
18881,35,224,2024-01-23,2,241.51,10,Cash,434.72
18882,402,478,2024-07-29,3,114.32,10,UPI,308.66
18883,61,198,2023-03-31,3,291.15,0,Cash,873.45
18884,590,422,2025-01-16,5,32.49,5,Cash,154.33
18885,508,33,2023-10-21,1,70.9,20,Card,56.72
18886,986,500,2023-03-03,5,374.1,0,PayPal,1870.5
18887,96,93,2023-11-13,5,49.02,20,Card,196.08
18888,644,31,2024-02-01,1,63.76,10,UPI,57.38
18889,126,283,2024-06-25,4,164.79,5,UPI,626.2
18890,35,305,2024-01-16,2,86.87,20,Card,138.99
18891,738,274,2023-11-26,2,425.41,20,Card,680.66
18892,195,390,2023-06-18,5,406.96,0,Card,2034.8
18893,785,255,2024-08-15,5,146.85,15,UPI,624.11
18894,478,418,2023-01-30,2,472.32,15,PayPal,802.94
18895,326,283,2023-05-07,2,154.78,0,Cash,309.56
18896,966,186,2023-07-07,1,104.63,5,Cash,99.4
18897,983,260,2025-01-08,5,38.01,15,Cash,161.54
18898,252,267,2025-05-04,3,205.81,10,Cash,555.69
18899,395,495,2023-01-17,3,307.92,20,PayPal,739.01
18900,669,34,2025-01-09,4,261.97,10,Card,943.09
18901,66,232,2025-01-01,2,247.18,10,Cash,444.92
18902,337,189,2025-03-21,3,299.56,5,UPI,853.75
18903,224,485,2024-02-05,1,393.76,10,UPI,354.38
18904,233,73,2024-01-26,3,450.05,20,Cash,1080.12
18905,18,137,2023-04-29,1,37.57,5,Card,35.69
18906,934,178,2025-06-06,4,234.67,10,PayPal,844.81
18907,245,499,2023-12-15,2,267.45,15,UPI,454.66
18908,720,269,2024-12-19,2,381.55,15,UPI,648.63
18909,519,500,2024-09-07,4,98.6,5,Card,374.68
18910,483,458,2024-12-08,3,6.65,10,PayPal,17.96
18911,651,63,2023-03-25,1,209.74,10,UPI,188.77
18912,794,28,2023-10-01,3,67.34,15,Cash,171.72
18913,30,97,2023-12-07,5,390.84,0,Card,1954.2
18914,454,109,2023-04-19,2,51.19,20,Card,81.9
18915,238,357,2024-04-11,5,78.38,15,Cash,333.11
18916,138,272,2024-02-02,5,174.23,15,Card,740.48
18917,53,427,2025-04-22,5,130.16,5,Card,618.26
18918,888,108,2024-04-05,2,228.48,0,Card,456.96
18919,170,147,2025-02-20,3,437.28,0,UPI,1311.84
18920,149,32,2024-06-04,2,390.91,20,Card,625.46
18921,169,405,2024-12-16,2,362.76,10,Card,652.97
18922,429,397,2025-03-19,3,96.67,20,UPI,232.01
18923,726,39,2024-09-30,1,347.54,15,Cash,295.41
18924,414,125,2025-06-15,3,239.57,5,Cash,682.77
18925,135,316,2023-07-24,2,439.73,10,Card,791.51
18926,170,333,2025-05-06,3,273.76,5,Cash,780.22
18927,696,459,2024-04-20,2,358.55,10,Cash,645.39
18928,531,21,2023-01-12,4,20.13,20,UPI,64.42
18929,440,83,2023-12-06,2,262.04,15,PayPal,445.47
18930,359,234,2023-05-28,1,401.77,15,Card,341.5
18931,127,303,2024-01-28,2,453.46,20,Card,725.54
18932,421,47,2023-09-23,5,163.39,10,Card,735.25
18933,899,152,2023-09-17,5,180.08,15,UPI,765.34
18934,429,293,2024-09-01,2,14.35,20,PayPal,22.96
18935,252,27,2024-11-02,4,446.69,15,UPI,1518.75
18936,845,198,2023-12-11,1,255.06,20,Card,204.05
18937,326,317,2023-08-09,5,240.03,10,Card,1080.14
18938,867,171,2025-04-04,1,20.76,10,Card,18.68
18939,346,230,2023-12-29,5,469.57,10,Cash,2113.07
18940,862,427,2023-12-28,1,280.19,10,UPI,252.17
18941,729,100,2024-07-24,1,202.88,10,UPI,182.59
18942,244,414,2024-03-21,3,45.14,15,Cash,115.11
18943,731,340,2023-07-06,3,435.04,0,Card,1305.12
18944,511,404,2023-07-15,1,351.16,15,Cash,298.49
18945,471,444,2025-05-19,4,248.09,20,PayPal,793.89
18946,189,285,2024-02-01,2,343.0,5,PayPal,651.7
18947,350,166,2024-01-25,3,210.83,20,Card,505.99
18948,580,208,2023-12-03,2,257.61,20,Card,412.18
18949,162,368,2025-03-26,1,15.9,0,PayPal,15.9
18950,1000,363,2024-08-16,2,245.22,20,PayPal,392.35
18951,301,19,2023-08-05,2,33.59,20,Cash,53.74
18952,592,403,2025-01-30,2,302.55,5,PayPal,574.85
18953,599,404,2023-05-26,2,420.31,20,Card,672.5
18954,736,101,2024-08-05,2,394.46,0,UPI,788.92
18955,6,225,2024-06-27,2,17.46,15,Cash,29.68
18956,203,417,2024-06-20,3,41.81,20,Cash,100.34
18957,520,469,2023-04-15,4,63.87,5,UPI,242.71
18958,419,127,2024-06-16,2,335.49,0,Card,670.98
18959,307,4,2023-08-30,5,207.36,20,UPI,829.44
18960,874,313,2025-03-25,1,277.24,10,PayPal,249.52
18961,874,486,2023-12-16,4,248.63,5,Cash,944.79
18962,2,415,2023-03-01,1,125.64,10,UPI,113.08
18963,790,359,2024-09-22,1,347.52,0,Cash,347.52
18964,98,107,2023-01-05,3,480.73,20,UPI,1153.75
18965,401,118,2025-01-31,1,98.99,15,UPI,84.14
18966,891,121,2023-05-01,2,34.83,20,Cash,55.73
18967,132,270,2024-07-08,1,435.66,10,Card,392.09
18968,466,40,2024-04-08,2,449.92,0,Cash,899.84
18969,346,219,2024-06-26,4,335.75,15,PayPal,1141.55
18970,977,56,2024-09-25,2,358.31,0,UPI,716.62
18971,295,266,2024-04-01,4,307.85,10,Cash,1108.26
18972,63,376,2023-11-26,5,344.64,10,UPI,1550.88
18973,329,95,2024-09-29,3,62.89,5,Cash,179.24
18974,86,260,2023-02-12,1,61.55,10,UPI,55.39
18975,175,186,2023-07-16,4,346.15,5,Cash,1315.37
18976,517,138,2024-08-05,2,372.82,15,UPI,633.79
18977,269,111,2024-08-08,3,445.19,10,PayPal,1202.01
18978,860,198,2025-01-13,1,40.82,0,PayPal,40.82
18979,812,209,2023-06-10,4,240.98,5,UPI,915.72
18980,487,21,2024-12-06,2,99.38,10,Cash,178.88
18981,920,71,2025-04-28,5,172.36,15,Card,732.53
18982,593,86,2024-11-11,5,131.04,15,UPI,556.92
18983,479,270,2023-11-01,1,87.58,15,Cash,74.44
18984,36,382,2025-04-02,3,246.09,5,Card,701.36
18985,732,375,2023-06-14,5,392.16,0,PayPal,1960.8
18986,213,391,2023-09-03,3,241.76,10,PayPal,652.75
18987,137,323,2023-02-17,5,244.26,10,Card,1099.17
18988,561,336,2023-06-17,4,187.19,0,UPI,748.76
18989,388,238,2025-06-16,2,398.98,10,Cash,718.16
18990,770,284,2024-09-23,1,143.62,15,PayPal,122.08
18991,457,328,2024-07-11,3,457.23,15,UPI,1165.94
18992,47,107,2024-01-27,4,105.95,15,PayPal,360.23
18993,133,380,2023-10-03,1,188.04,0,PayPal,188.04
18994,587,213,2023-03-21,4,446.94,0,Cash,1787.76
18995,963,205,2024-04-12,2,338.43,20,UPI,541.49
18996,227,456,2024-08-16,4,392.64,10,UPI,1413.5
18997,79,223,2023-12-01,1,155.91,5,Card,148.11
18998,353,146,2024-05-11,2,398.69,10,UPI,717.64
18999,874,266,2023-09-13,1,335.84,0,Card,335.84
19000,377,353,2023-01-27,1,334.35,10,Card,300.92
19001,610,266,2025-01-24,2,128.46,5,UPI,244.07
19002,387,84,2025-05-16,3,8.88,0,Cash,26.64
19003,910,491,2024-08-24,4,136.65,0,Cash,546.6
19004,671,382,2024-05-24,4,21.01,0,UPI,84.04
19005,773,478,2023-10-25,4,488.92,15,Cash,1662.33
19006,944,23,2023-03-23,2,196.45,15,Cash,333.96
19007,492,429,2024-11-07,2,210.47,5,Card,399.89
19008,830,488,2023-02-12,3,231.85,15,Card,591.22
19009,806,190,2024-07-31,2,100.29,10,PayPal,180.52
19010,895,39,2023-01-02,5,207.96,5,UPI,987.81
19011,19,129,2023-03-16,5,169.39,0,Card,846.95
19012,530,229,2025-01-22,5,394.69,0,Card,1973.45
19013,173,8,2025-02-23,4,124.54,15,UPI,423.44
19014,803,197,2024-06-11,1,120.03,0,UPI,120.03
19015,157,1,2025-04-21,3,300.64,20,Cash,721.54
19016,684,105,2023-02-10,2,19.67,15,PayPal,33.44
19017,881,246,2024-02-17,5,335.28,10,Cash,1508.76
19018,709,429,2024-05-25,3,73.48,0,Card,220.44
19019,800,216,2023-10-31,3,469.83,15,Card,1198.07
19020,910,406,2025-03-13,3,37.69,5,Card,107.42
19021,711,302,2024-12-15,5,50.67,15,Card,215.35
19022,316,416,2024-09-15,1,274.95,0,UPI,274.95
19023,207,459,2024-05-18,3,408.95,0,PayPal,1226.85
19024,914,346,2024-09-11,1,172.65,15,UPI,146.75
19025,514,315,2024-08-07,4,256.99,20,Card,822.37
19026,883,253,2023-06-27,3,147.59,15,UPI,376.35
19027,16,468,2024-06-23,3,453.46,0,Card,1360.38
19028,30,110,2025-01-11,3,386.32,5,PayPal,1101.01
19029,793,55,2023-04-19,5,35.17,0,Card,175.85
19030,718,466,2023-01-13,5,270.37,15,Cash,1149.07
19031,107,131,2025-04-25,1,90.1,0,UPI,90.1
19032,653,210,2023-11-23,5,65.75,15,Card,279.44
19033,293,95,2025-04-06,4,143.64,10,Card,517.1
19034,514,379,2024-01-07,1,252.51,0,Cash,252.51
19035,155,79,2023-08-28,4,407.9,5,UPI,1550.02
19036,765,87,2024-09-25,3,89.21,10,Cash,240.87
19037,776,390,2023-07-18,3,284.94,20,PayPal,683.86
19038,513,106,2025-02-09,5,233.18,10,Cash,1049.31
19039,770,349,2024-05-30,3,389.2,0,UPI,1167.6
19040,718,219,2024-01-22,1,23.02,20,UPI,18.42
19041,261,498,2025-01-04,1,108.84,20,UPI,87.07
19042,198,261,2023-07-28,1,207.16,15,PayPal,176.09
19043,318,217,2025-02-11,2,182.84,5,UPI,347.4
19044,759,199,2023-08-23,5,203.73,10,PayPal,916.78
19045,128,465,2024-05-20,1,27.37,10,Card,24.63
19046,785,380,2023-03-24,2,96.9,20,UPI,155.04
19047,938,40,2023-11-14,1,184.79,15,Card,157.07
19048,32,139,2023-12-31,5,459.64,5,Cash,2183.29
19049,627,169,2024-12-28,5,97.32,20,Card,389.28
19050,70,333,2023-06-26,5,36.37,5,UPI,172.76
19051,993,468,2023-03-26,5,453.52,20,Card,1814.08
19052,660,196,2023-06-08,5,285.5,0,PayPal,1427.5
19053,592,245,2024-08-18,2,326.31,5,Card,619.99
19054,932,162,2023-12-31,4,354.49,10,PayPal,1276.16
19055,255,251,2024-04-25,2,140.34,5,Cash,266.65
19056,422,42,2023-03-31,1,121.65,20,UPI,97.32
19057,150,231,2023-07-12,1,180.03,0,Card,180.03
19058,460,338,2023-01-24,5,265.16,0,UPI,1325.8
19059,383,84,2023-12-23,1,422.47,0,Card,422.47
19060,715,137,2024-11-12,3,31.46,5,PayPal,89.66
19061,451,181,2025-02-28,2,429.87,0,UPI,859.74
19062,321,309,2023-01-18,4,466.21,15,Cash,1585.11
19063,468,154,2025-01-25,4,368.74,15,Card,1253.72
19064,303,248,2023-12-31,4,497.16,10,PayPal,1789.78
19065,2,317,2024-03-12,5,187.3,5,Card,889.67
19066,378,97,2023-03-23,1,44.56,20,UPI,35.65
19067,215,430,2023-03-27,1,16.48,5,Card,15.66
19068,682,227,2024-01-16,2,327.4,10,PayPal,589.32
19069,833,225,2025-01-23,1,40.82,0,UPI,40.82
19070,187,324,2025-05-23,4,74.75,10,Card,269.1
19071,357,451,2025-02-26,2,384.71,0,Cash,769.42
19072,374,324,2025-04-15,2,264.69,10,Card,476.44
19073,368,426,2023-09-16,4,302.07,10,PayPal,1087.45
19074,164,417,2023-10-09,2,105.75,0,Cash,211.5
19075,942,162,2024-12-20,3,130.47,5,Cash,371.84
19076,553,368,2023-03-09,5,303.75,5,PayPal,1442.81
19077,269,391,2025-05-24,5,206.24,15,UPI,876.52
19078,50,81,2024-08-06,2,91.12,15,PayPal,154.9
19079,629,423,2024-10-17,4,257.59,5,UPI,978.84
19080,514,293,2024-09-23,3,447.72,20,Cash,1074.53
19081,322,331,2025-02-04,3,168.81,5,Cash,481.11
19082,298,207,2024-08-05,3,249.15,10,Card,672.71
19083,246,213,2023-12-13,2,456.61,5,UPI,867.56
19084,415,24,2024-02-22,1,64.85,5,Card,61.61
19085,57,490,2025-06-05,5,126.1,15,UPI,535.92
19086,782,29,2024-07-28,4,330.07,15,Cash,1122.24
19087,876,420,2024-04-28,3,420.48,15,Card,1072.22
19088,453,284,2024-04-02,5,211.93,0,PayPal,1059.65
19089,933,348,2024-09-06,1,162.41,15,UPI,138.05
19090,557,366,2024-05-26,2,167.59,20,PayPal,268.14
19091,890,184,2024-06-03,1,54.65,20,Card,43.72
19092,928,244,2024-02-12,3,351.41,5,UPI,1001.52
19093,962,320,2023-10-16,1,96.83,10,Cash,87.15
19094,130,307,2024-03-18,4,359.48,15,UPI,1222.23
19095,199,22,2025-03-02,5,325.8,5,PayPal,1547.55
19096,521,401,2024-11-04,4,453.65,5,Card,1723.87
19097,37,233,2023-01-20,2,63.82,5,Cash,121.26
19098,444,321,2025-05-11,1,260.35,5,PayPal,247.33
19099,143,332,2025-04-01,3,281.98,10,Card,761.35
19100,672,314,2024-05-01,1,203.93,0,UPI,203.93
19101,432,459,2023-06-27,3,90.31,10,UPI,243.84
19102,471,438,2025-03-09,1,51.87,0,Card,51.87
19103,805,409,2024-12-14,5,408.55,10,UPI,1838.48
19104,374,160,2024-08-02,4,240.77,10,Card,866.77
19105,798,314,2024-12-23,2,63.37,5,UPI,120.4
19106,730,486,2023-08-06,1,346.43,0,UPI,346.43
19107,215,292,2024-05-21,3,481.35,5,UPI,1371.85
19108,778,106,2024-02-17,2,294.91,15,UPI,501.35
19109,88,471,2025-01-16,5,191.93,10,Card,863.69
19110,221,56,2023-05-10,3,229.55,10,PayPal,619.79
19111,765,426,2024-06-22,4,47.3,5,PayPal,179.74
19112,677,245,2024-06-17,2,46.17,10,Cash,83.11
19113,141,435,2023-05-10,3,80.15,20,Cash,192.36
19114,210,263,2024-02-12,3,366.97,5,UPI,1045.86
19115,638,496,2023-12-18,3,30.65,5,Card,87.35
19116,873,443,2024-01-27,3,226.47,10,Cash,611.47
19117,775,143,2025-02-06,5,126.1,20,PayPal,504.4
19118,516,217,2023-08-09,2,474.06,10,UPI,853.31
19119,962,175,2024-05-21,2,101.96,15,PayPal,173.33
19120,270,427,2023-09-21,2,121.85,0,UPI,243.7
19121,413,60,2024-12-10,4,82.79,5,UPI,314.6
19122,63,25,2023-01-08,3,443.05,0,Cash,1329.15
19123,203,466,2025-05-24,1,176.43,20,UPI,141.14
19124,281,93,2023-09-22,4,143.56,0,PayPal,574.24
19125,611,381,2024-09-22,1,336.06,10,UPI,302.45
19126,867,317,2023-06-23,1,487.1,10,UPI,438.39
19127,316,357,2025-01-21,5,70.96,10,PayPal,319.32
19128,344,226,2023-01-29,1,200.39,20,Cash,160.31
19129,568,16,2023-07-18,3,381.49,20,Card,915.58
19130,369,428,2024-04-22,1,210.03,5,UPI,199.53
19131,549,343,2024-04-29,4,482.85,15,Card,1641.69
19132,643,113,2023-05-18,5,401.63,15,Card,1706.93
19133,931,374,2024-03-02,3,303.66,5,PayPal,865.43
19134,620,149,2024-10-03,2,150.53,20,UPI,240.85
19135,768,448,2024-06-19,4,431.47,0,Card,1725.88
19136,90,430,2024-01-27,1,231.32,5,Card,219.75
19137,713,178,2024-04-03,1,77.89,10,Card,70.1
19138,953,283,2024-07-19,1,31.93,10,Card,28.74
19139,834,191,2025-05-19,2,119.28,20,Cash,190.85
19140,102,318,2025-01-04,1,272.97,0,UPI,272.97
19141,179,83,2024-07-31,1,99.87,10,Card,89.88
19142,467,145,2024-04-21,5,300.91,20,Card,1203.64
19143,679,7,2023-05-12,3,494.0,15,UPI,1259.7
19144,829,95,2024-02-02,4,67.21,0,UPI,268.84
19145,88,174,2024-03-12,4,343.82,10,PayPal,1237.75
19146,980,237,2024-11-23,4,50.05,20,Card,160.16
19147,369,240,2024-12-05,3,453.08,5,Cash,1291.28
19148,293,334,2025-05-14,2,37.51,0,PayPal,75.02
19149,307,96,2024-11-22,5,28.98,15,Card,123.17
19150,81,27,2024-04-28,2,292.65,5,Cash,556.03
19151,475,3,2023-12-11,4,247.71,5,PayPal,941.3
19152,540,357,2024-04-11,4,413.86,5,Card,1572.67
19153,398,91,2025-03-16,5,381.13,15,UPI,1619.8
19154,363,466,2024-05-06,5,230.67,10,PayPal,1038.01
19155,421,219,2023-10-10,4,486.91,20,PayPal,1558.11
19156,202,364,2024-05-24,3,359.83,0,Card,1079.49
19157,408,440,2025-05-24,2,447.4,20,Card,715.84
19158,463,135,2024-03-10,2,400.53,15,Card,680.9
19159,420,124,2024-02-08,5,235.77,5,Card,1119.91
19160,360,452,2023-07-20,1,399.22,10,Card,359.3
19161,522,441,2024-04-03,1,218.6,15,PayPal,185.81
19162,324,57,2024-07-18,5,261.14,10,PayPal,1175.13
19163,430,67,2023-05-01,4,72.72,20,Card,232.7
19164,104,257,2023-01-21,5,419.05,20,Card,1676.2
19165,38,405,2024-03-17,1,435.02,10,UPI,391.52
19166,345,485,2024-07-26,4,28.35,15,UPI,96.39
19167,697,175,2025-04-28,2,320.73,20,Cash,513.17
19168,111,71,2024-05-31,5,168.26,5,PayPal,799.23
19169,417,435,2024-06-15,1,14.32,20,PayPal,11.46
19170,411,141,2024-03-29,5,126.45,15,Cash,537.41
19171,615,234,2023-07-25,5,141.75,15,UPI,602.44
19172,75,308,2024-12-10,3,187.7,0,Cash,563.1
19173,155,302,2025-04-13,3,491.83,0,Card,1475.49
19174,778,156,2025-05-04,1,335.1,20,PayPal,268.08
19175,779,401,2024-07-04,3,390.43,5,PayPal,1112.73
19176,848,305,2023-09-26,3,133.97,5,UPI,381.81
19177,921,76,2024-02-29,2,334.28,15,Card,568.28
19178,931,9,2023-08-06,1,291.65,0,UPI,291.65
19179,744,241,2023-05-07,2,278.8,15,Card,473.96
19180,769,282,2023-05-17,3,141.07,5,UPI,402.05
19181,765,333,2024-05-10,2,160.17,0,Cash,320.34
19182,185,220,2025-02-05,2,233.05,5,PayPal,442.8
19183,316,246,2024-07-27,2,108.07,20,Cash,172.91
19184,95,420,2024-03-09,5,398.61,0,Card,1993.05
19185,863,328,2023-08-14,1,212.4,15,UPI,180.54
19186,466,196,2023-10-19,3,376.7,10,Card,1017.09
19187,333,275,2023-10-31,4,135.14,20,UPI,432.45
19188,104,301,2023-12-20,3,31.53,20,Cash,75.67
19189,11,357,2024-06-30,4,106.99,5,Card,406.56
19190,380,56,2025-04-12,1,430.32,15,PayPal,365.77
19191,605,247,2023-07-25,2,444.3,5,UPI,844.17
19192,832,240,2024-09-30,3,20.46,15,Card,52.17
19193,597,337,2023-04-10,2,265.69,10,PayPal,478.24
19194,506,34,2024-03-10,5,157.15,0,Cash,785.75
19195,230,69,2023-05-22,3,74.98,20,Cash,179.95
19196,941,444,2024-11-14,2,320.69,5,UPI,609.31
19197,309,455,2024-09-28,3,68.46,5,Card,195.11
19198,393,431,2023-01-01,4,446.51,10,PayPal,1607.44
19199,852,240,2023-05-09,5,7.68,5,Cash,36.48
19200,777,127,2024-04-02,3,255.1,15,PayPal,650.5
19201,376,69,2025-03-10,2,337.4,5,Cash,641.06
19202,501,10,2025-04-26,3,269.76,0,Cash,809.28
19203,862,138,2024-06-29,4,176.28,0,UPI,705.12
19204,165,447,2024-11-03,3,107.21,15,Card,273.39
19205,119,31,2023-06-04,1,287.58,0,Card,287.58
19206,556,112,2024-05-15,5,117.37,20,Cash,469.48
19207,296,185,2024-11-29,4,335.06,10,Card,1206.22
19208,667,353,2023-03-10,5,51.53,20,Cash,206.12
19209,224,425,2023-07-27,2,336.93,10,PayPal,606.47
19210,602,17,2025-03-10,5,424.24,10,PayPal,1909.08
19211,215,426,2024-03-07,1,438.01,15,PayPal,372.31
19212,252,149,2023-05-15,2,490.46,10,Card,882.83
19213,574,27,2023-10-24,3,319.44,10,Card,862.49
19214,447,212,2024-01-19,2,458.68,15,Cash,779.76
19215,184,176,2023-08-26,1,85.09,0,Cash,85.09
19216,538,327,2023-01-11,1,99.19,20,Cash,79.35
19217,185,422,2023-02-08,4,499.81,5,Card,1899.28
19218,219,3,2024-09-28,4,331.42,5,Card,1259.4
19219,775,301,2025-04-18,5,293.24,15,Cash,1246.27
19220,203,1,2024-07-29,1,306.53,0,Card,306.53
19221,57,491,2023-04-20,4,149.63,15,Card,508.74
19222,784,24,2023-04-15,3,104.1,20,Cash,249.84
19223,168,250,2024-04-26,3,232.44,0,PayPal,697.32
19224,609,164,2024-09-21,5,211.78,10,Card,953.01
19225,80,79,2025-02-09,1,491.47,0,UPI,491.47
19226,924,414,2023-01-14,3,374.26,5,UPI,1066.64
19227,558,135,2023-10-08,3,407.32,20,UPI,977.57
19228,76,423,2024-02-03,2,277.26,5,PayPal,526.79
19229,997,500,2023-03-10,2,257.58,0,UPI,515.16
19230,343,357,2024-08-22,4,108.67,0,Cash,434.68
19231,148,442,2024-07-29,5,11.13,20,UPI,44.52
19232,108,444,2024-12-30,3,103.04,0,Cash,309.12
19233,670,201,2023-05-22,3,452.77,20,Card,1086.65
19234,41,358,2023-10-13,5,106.76,5,Cash,507.11
19235,556,151,2023-12-07,1,139.55,20,Card,111.64
19236,959,209,2025-02-22,5,369.21,20,PayPal,1476.84
19237,532,239,2025-03-01,5,355.66,15,UPI,1511.56
19238,241,82,2024-05-22,3,161.32,20,Card,387.17
19239,448,378,2024-12-25,3,378.65,5,UPI,1079.15
19240,891,55,2023-02-17,4,23.88,10,Cash,85.97
19241,305,326,2024-06-24,5,156.06,10,UPI,702.27
19242,786,243,2025-06-04,1,135.1,15,PayPal,114.83
19243,623,339,2023-03-04,1,375.54,5,PayPal,356.76
19244,267,163,2023-08-18,5,172.05,15,Cash,731.21
19245,456,385,2024-01-10,4,446.03,20,PayPal,1427.3
19246,509,151,2023-05-13,2,63.15,10,UPI,113.67
19247,906,75,2024-01-01,2,240.29,15,Cash,408.49
19248,109,279,2023-09-22,1,463.31,0,PayPal,463.31
19249,74,415,2023-09-04,5,473.52,0,Card,2367.6
19250,611,325,2025-04-25,5,335.9,20,UPI,1343.6
19251,591,196,2025-03-30,1,154.76,15,UPI,131.55
19252,631,60,2023-07-24,1,96.15,20,Card,76.92
19253,942,263,2024-12-18,1,203.23,15,UPI,172.75
19254,936,490,2024-08-31,1,231.09,20,UPI,184.87
19255,658,199,2025-04-16,4,54.02,0,UPI,216.08
19256,760,339,2023-06-11,2,267.12,5,UPI,507.53
19257,684,69,2024-06-16,1,421.73,0,Card,421.73
19258,567,416,2025-01-16,1,122.26,5,PayPal,116.15
19259,611,123,2024-04-10,5,243.2,10,Card,1094.4
19260,376,447,2023-12-04,4,44.71,0,Card,178.84
19261,388,399,2023-12-14,5,348.42,20,PayPal,1393.68
19262,372,478,2024-03-23,1,132.64,15,PayPal,112.74
19263,18,227,2024-04-01,1,322.62,5,Cash,306.49
19264,650,135,2023-01-11,1,219.68,15,Card,186.73
19265,946,63,2025-03-03,1,81.19,20,Card,64.95
19266,53,217,2023-10-04,5,56.2,5,Card,266.95
19267,612,445,2023-10-09,4,29.01,0,Card,116.04
19268,107,117,2025-06-15,5,473.22,5,UPI,2247.8
19269,588,34,2024-01-18,5,422.25,10,UPI,1900.12
19270,57,1,2025-04-16,1,342.84,15,Card,291.41
19271,465,468,2024-06-09,1,97.76,10,PayPal,87.98
19272,907,378,2023-12-16,1,319.66,20,Card,255.73
19273,317,49,2023-03-30,4,55.17,20,Card,176.54
19274,761,446,2025-02-05,2,9.77,15,UPI,16.61
19275,960,423,2023-07-01,2,435.32,0,Cash,870.64
19276,972,398,2023-06-12,3,254.68,5,UPI,725.84
19277,99,89,2024-07-09,4,242.04,15,Card,822.94
19278,745,168,2025-01-22,1,233.73,0,Card,233.73
19279,118,315,2023-08-06,3,325.27,10,PayPal,878.23
19280,743,356,2024-08-10,4,101.42,10,Card,365.11
19281,539,444,2024-04-10,1,480.47,10,Card,432.42
19282,701,57,2024-06-17,1,279.3,20,UPI,223.44
19283,118,170,2024-05-24,2,379.19,15,Card,644.62
19284,735,286,2023-12-03,1,138.98,10,PayPal,125.08
19285,655,61,2024-02-21,3,369.11,20,PayPal,885.86
19286,669,76,2025-06-16,4,295.48,5,Card,1122.82
19287,350,169,2024-02-19,4,299.15,20,Cash,957.28
19288,305,290,2023-09-21,2,395.22,5,PayPal,750.92
19289,917,338,2023-02-15,3,24.59,0,PayPal,73.77
19290,980,197,2025-01-28,1,182.06,15,Card,154.75
19291,453,177,2023-09-17,5,75.22,0,UPI,376.1
19292,445,464,2023-11-10,5,42.62,0,Cash,213.1
19293,94,415,2024-09-01,3,425.19,15,PayPal,1084.23
19294,132,114,2023-07-03,1,340.6,5,PayPal,323.57
19295,196,218,2024-03-26,5,223.1,20,PayPal,892.4
19296,719,117,2025-04-15,5,25.16,0,UPI,125.8
19297,651,444,2023-04-22,3,236.29,10,Card,637.98
19298,336,371,2023-08-14,5,428.82,0,Card,2144.1
19299,489,228,2025-02-14,5,79.99,20,Card,319.96
19300,12,468,2024-02-09,2,467.66,0,UPI,935.32
19301,974,448,2025-04-26,2,393.0,0,UPI,786.0
19302,433,317,2024-10-10,5,90.11,15,PayPal,382.97
19303,388,471,2023-02-11,4,299.25,10,Cash,1077.3
19304,485,41,2023-02-17,2,193.8,5,Cash,368.22
19305,848,407,2023-07-13,5,410.81,0,Cash,2054.05
19306,676,459,2025-01-05,5,461.75,20,UPI,1847.0
19307,175,282,2024-12-06,5,49.09,20,PayPal,196.36
19308,45,347,2023-05-11,3,431.79,10,UPI,1165.83
19309,429,263,2025-03-26,5,312.5,5,PayPal,1484.38
19310,469,331,2024-05-26,5,215.52,0,UPI,1077.6
19311,959,453,2024-01-05,2,417.13,5,Card,792.55
19312,783,360,2023-11-26,2,477.67,20,PayPal,764.27
19313,746,168,2024-04-24,2,139.54,5,UPI,265.13
19314,649,38,2024-07-28,5,460.77,10,UPI,2073.47
19315,133,383,2024-10-03,1,250.6,0,UPI,250.6
19316,932,151,2023-02-07,2,67.1,5,UPI,127.49
19317,979,411,2025-06-11,3,434.08,10,UPI,1172.02
19318,980,401,2023-01-30,5,423.05,20,Card,1692.2
19319,583,464,2024-10-06,3,95.63,0,Cash,286.89
19320,543,242,2025-05-26,5,124.32,0,Card,621.6
19321,888,56,2025-03-19,2,187.23,10,UPI,337.01
19322,953,304,2023-10-03,4,476.76,5,Card,1811.69
19323,721,497,2023-12-22,5,194.66,20,PayPal,778.64
19324,599,225,2024-03-25,5,374.23,5,PayPal,1777.59
19325,648,40,2024-02-27,3,248.26,5,Cash,707.54
19326,941,240,2024-06-05,4,374.37,0,Card,1497.48
19327,354,163,2023-02-20,5,121.27,15,UPI,515.4
19328,882,445,2024-11-19,2,282.18,20,Cash,451.49
19329,483,452,2024-02-22,5,182.81,5,UPI,868.35
19330,479,329,2024-06-30,2,451.93,15,PayPal,768.28
19331,585,493,2023-03-14,5,445.81,20,Cash,1783.24
19332,415,355,2023-11-14,3,296.67,15,PayPal,756.51
19333,278,17,2024-07-20,3,318.83,5,PayPal,908.67
19334,460,430,2025-06-03,5,416.52,5,Card,1978.47
19335,299,400,2024-09-11,1,341.59,15,UPI,290.35
19336,652,294,2024-05-15,3,476.5,5,Cash,1358.02
19337,771,133,2025-04-07,3,387.02,15,Card,986.9
19338,2,17,2025-03-22,2,171.81,20,Card,274.9
19339,578,471,2024-01-28,4,371.38,20,Card,1188.42
19340,594,252,2024-05-02,3,162.78,20,Cash,390.67
19341,621,302,2025-03-20,2,174.75,20,Card,279.6
19342,962,155,2025-06-17,2,495.73,20,UPI,793.17
19343,299,426,2023-05-08,3,453.27,0,PayPal,1359.81
19344,554,271,2023-09-03,1,35.19,15,Card,29.91
19345,592,483,2024-04-03,3,56.94,5,UPI,162.28
19346,561,358,2024-10-08,2,147.73,10,Cash,265.91
19347,694,317,2024-03-01,1,375.53,10,PayPal,337.98
19348,849,158,2023-07-17,5,11.61,15,Card,49.34
19349,57,469,2023-12-19,5,131.84,15,UPI,560.32
19350,250,427,2023-05-05,3,259.38,10,UPI,700.33
19351,190,55,2025-02-26,4,309.76,5,PayPal,1177.09
19352,475,400,2024-06-30,1,333.1,15,UPI,283.13
19353,202,22,2023-06-19,4,208.86,0,UPI,835.44
19354,835,280,2025-04-11,2,459.38,20,Card,735.01
19355,357,193,2023-12-23,5,437.02,15,UPI,1857.33
19356,761,484,2024-12-09,1,215.53,10,PayPal,193.98
19357,800,445,2024-01-13,1,437.77,15,Card,372.1
19358,224,282,2025-05-12,1,279.28,15,UPI,237.39
19359,776,419,2024-01-15,2,404.63,10,Cash,728.33
19360,223,419,2025-05-17,3,166.24,20,PayPal,398.98
19361,558,329,2024-03-06,3,210.65,20,PayPal,505.56
19362,616,391,2025-05-31,1,386.77,0,Cash,386.77
19363,533,77,2023-02-24,5,234.22,20,PayPal,936.88
19364,96,453,2023-09-20,4,128.92,15,Cash,438.33
19365,980,414,2025-05-04,2,345.11,0,Card,690.22
19366,513,397,2024-06-11,2,30.81,10,PayPal,55.46
19367,52,214,2024-12-28,4,459.49,15,UPI,1562.27
19368,977,9,2023-06-12,4,253.39,0,Card,1013.56
19369,649,48,2025-05-09,1,391.45,5,PayPal,371.88
19370,552,235,2023-03-02,4,285.85,5,Card,1086.23
19371,654,460,2023-04-23,2,200.09,10,Card,360.16
19372,450,50,2024-07-30,1,174.0,5,UPI,165.3
19373,240,287,2024-02-01,5,458.52,0,Card,2292.6
19374,697,426,2023-06-05,3,110.37,0,Card,331.11
19375,325,304,2025-04-04,3,456.05,5,PayPal,1299.74
19376,325,387,2023-04-11,1,354.18,0,UPI,354.18
19377,102,217,2024-11-10,3,370.92,15,Cash,945.85
19378,717,235,2024-10-25,2,406.59,10,PayPal,731.86
19379,547,65,2024-01-27,3,463.97,5,PayPal,1322.31
19380,884,5,2023-12-19,1,99.33,20,Card,79.46
19381,558,214,2023-08-11,5,429.21,5,Card,2038.75
19382,851,46,2023-12-22,1,60.13,10,Cash,54.12
19383,194,430,2023-04-23,4,166.02,5,Cash,630.88
19384,291,66,2023-08-04,1,211.88,10,Cash,190.69
19385,807,79,2024-09-18,4,133.7,5,PayPal,508.06
19386,164,437,2025-03-07,5,449.64,20,Card,1798.56
19387,132,40,2023-05-19,3,49.47,0,Cash,148.41
19388,930,192,2024-04-29,1,112.62,0,PayPal,112.62
19389,525,436,2025-06-03,4,149.6,10,Card,538.56
19390,259,99,2024-04-16,4,384.11,15,PayPal,1305.97
19391,479,47,2024-11-23,5,122.86,10,UPI,552.87
19392,767,409,2023-08-12,5,86.3,20,Cash,345.2
19393,696,339,2023-03-21,3,476.22,5,Cash,1357.23
19394,427,194,2024-09-12,4,187.78,5,Cash,713.56
19395,646,348,2023-05-04,4,410.79,0,PayPal,1643.16
19396,973,136,2024-02-23,1,186.42,10,UPI,167.78
19397,566,71,2024-03-29,2,54.87,0,UPI,109.74
19398,827,188,2024-11-02,3,415.16,0,Card,1245.48
19399,690,162,2025-01-20,2,51.3,15,PayPal,87.21
19400,238,310,2023-06-02,1,16.73,5,Cash,15.89
19401,736,441,2025-05-23,4,323.42,20,UPI,1034.94
19402,888,203,2023-07-07,5,96.72,5,UPI,459.42
19403,567,364,2023-10-20,3,309.64,15,Cash,789.58
19404,234,103,2024-09-24,5,418.92,15,PayPal,1780.41
19405,81,180,2023-02-21,1,472.5,10,PayPal,425.25
19406,383,116,2023-11-08,4,40.73,20,Cash,130.34
19407,4,47,2023-10-14,5,326.5,5,Card,1550.88
19408,680,33,2025-01-10,4,467.85,10,Cash,1684.26
19409,57,480,2024-02-01,5,73.78,15,Card,313.56
19410,773,345,2024-05-21,1,30.64,0,Card,30.64
19411,903,323,2023-07-11,2,166.96,20,UPI,267.14
19412,618,354,2024-02-17,1,478.0,10,UPI,430.2
19413,70,187,2024-10-01,5,271.18,10,UPI,1220.31
19414,759,436,2023-03-15,5,240.76,0,Card,1203.8
19415,272,405,2024-12-14,5,17.83,15,Cash,75.78
19416,697,17,2023-10-16,3,190.1,0,Card,570.3
19417,424,328,2025-03-11,1,415.02,10,PayPal,373.52
19418,521,120,2024-11-01,5,97.47,10,PayPal,438.62
19419,950,23,2025-01-04,1,58.96,20,PayPal,47.17
19420,996,397,2024-11-25,3,374.86,5,Card,1068.35
19421,383,465,2024-09-21,3,496.58,20,UPI,1191.79
19422,338,230,2025-01-31,2,123.15,5,UPI,233.99
19423,160,163,2025-05-20,5,292.52,0,PayPal,1462.6
19424,305,231,2024-02-04,3,251.23,0,PayPal,753.69
19425,420,219,2024-11-27,2,401.77,20,Cash,642.83
19426,276,300,2023-03-07,2,79.0,10,Card,142.2
19427,499,346,2023-03-13,4,356.06,0,PayPal,1424.24
19428,907,405,2023-09-08,1,452.04,10,UPI,406.84
19429,720,289,2024-06-16,3,309.57,20,PayPal,742.97
19430,990,148,2025-05-08,3,233.49,10,Cash,630.42
19431,335,366,2023-05-02,2,423.89,20,Card,678.22
19432,792,216,2023-04-19,1,174.77,0,PayPal,174.77
19433,926,457,2025-03-09,4,194.98,5,PayPal,740.92
19434,173,57,2025-03-14,2,38.29,15,Cash,65.09
19435,858,353,2023-12-01,2,370.94,10,Card,667.69
19436,869,208,2024-12-19,2,471.29,10,PayPal,848.32
19437,14,352,2023-06-09,2,129.05,0,Card,258.1
19438,120,257,2024-09-27,1,21.19,5,PayPal,20.13
19439,134,44,2024-12-30,2,144.74,5,Cash,275.01
19440,729,33,2023-05-24,2,160.6,5,UPI,305.14
19441,631,4,2025-01-02,1,478.23,0,Card,478.23
19442,800,483,2025-04-09,4,346.93,5,Cash,1318.33
19443,660,54,2023-02-18,5,443.97,20,PayPal,1775.88
19444,43,203,2023-01-07,2,97.46,10,UPI,175.43
19445,976,325,2024-01-18,2,470.41,10,Cash,846.74
19446,456,405,2025-02-01,5,386.46,20,UPI,1545.84
19447,800,472,2023-05-29,1,66.34,5,UPI,63.02
19448,437,389,2023-08-28,2,225.16,20,UPI,360.26
19449,509,407,2024-06-18,3,435.83,15,Cash,1111.37
19450,590,310,2025-01-06,5,314.13,10,Card,1413.59
19451,241,295,2024-06-05,3,123.88,15,Card,315.89
19452,251,265,2023-04-13,5,70.49,20,Card,281.96
19453,907,146,2024-06-17,1,266.81,5,Card,253.47
19454,298,448,2023-08-05,5,6.6,5,Card,31.35
19455,518,397,2025-05-26,2,49.54,0,Card,99.08
19456,925,253,2023-01-10,3,94.65,0,Card,283.95
19457,260,28,2024-09-11,4,115.72,20,PayPal,370.3
19458,331,443,2023-06-30,2,34.39,0,PayPal,68.78
19459,314,13,2025-02-27,2,92.2,0,Cash,184.4
19460,465,300,2025-02-27,2,229.41,10,Cash,412.94
19461,364,316,2024-06-18,3,346.37,10,UPI,935.2
19462,227,98,2024-06-02,4,97.4,10,UPI,350.64
19463,35,170,2024-05-06,2,258.15,20,UPI,413.04
19464,529,342,2024-03-26,5,369.35,15,Cash,1569.74
19465,933,480,2024-01-30,3,269.4,5,Cash,767.79
19466,563,286,2023-07-13,5,289.11,0,Card,1445.55
19467,651,165,2024-05-25,1,228.7,20,UPI,182.96
19468,435,60,2023-09-06,4,353.74,10,Cash,1273.46
19469,167,21,2023-02-20,1,430.47,20,PayPal,344.38
19470,612,295,2023-03-09,1,416.99,15,Cash,354.44
19471,961,153,2024-04-13,3,496.37,15,UPI,1265.74
19472,367,272,2023-01-21,2,410.43,0,PayPal,820.86
19473,200,97,2024-05-15,1,323.21,10,UPI,290.89
19474,844,483,2024-05-23,5,328.55,10,UPI,1478.48
19475,609,399,2023-03-01,1,322.39,5,PayPal,306.27
19476,476,368,2025-03-17,4,458.19,20,PayPal,1466.21
19477,247,425,2023-01-16,3,441.35,15,Card,1125.44
19478,352,145,2023-12-08,1,240.09,5,PayPal,228.09
19479,225,315,2024-06-23,3,93.18,20,Card,223.63
19480,429,256,2023-05-01,4,414.45,20,UPI,1326.24
19481,593,471,2023-10-12,2,428.63,5,PayPal,814.4
19482,953,386,2025-05-20,1,428.17,10,Cash,385.35
19483,357,252,2023-08-21,3,211.66,0,UPI,634.98
19484,564,191,2023-10-26,1,311.76,0,Cash,311.76
19485,143,484,2024-02-12,1,345.4,5,UPI,328.13
19486,698,386,2024-05-19,2,172.26,20,UPI,275.62
19487,973,301,2023-09-24,4,443.0,0,PayPal,1772.0
19488,922,238,2023-06-28,1,193.7,20,Cash,154.96
19489,603,432,2024-01-18,4,493.92,0,Cash,1975.68
19490,697,332,2023-03-11,3,380.03,15,Cash,969.08
19491,659,178,2023-01-04,5,140.85,20,PayPal,563.4
19492,976,495,2025-04-15,5,455.77,0,PayPal,2278.85
19493,646,294,2025-04-10,1,295.22,15,UPI,250.94
19494,406,390,2024-04-22,5,277.42,20,Cash,1109.68
19495,22,296,2023-09-05,2,121.7,20,Cash,194.72
19496,864,175,2024-06-13,5,31.02,5,PayPal,147.34
19497,559,311,2024-10-28,1,343.31,10,Cash,308.98
19498,608,178,2024-11-09,2,285.64,10,PayPal,514.15
19499,170,27,2023-04-06,2,487.35,10,PayPal,877.23
19500,46,423,2024-04-08,3,191.15,0,Card,573.45
19501,223,256,2023-05-23,1,335.33,15,Card,285.03
19502,239,349,2024-05-19,3,375.17,20,PayPal,900.41
19503,545,61,2025-04-23,1,379.4,10,Cash,341.46
19504,674,25,2023-08-13,4,265.61,0,Card,1062.44
19505,278,55,2025-02-22,1,5.44,15,PayPal,4.62
19506,874,260,2024-07-30,1,246.96,0,Cash,246.96
19507,943,147,2023-12-08,4,441.71,5,Card,1678.5
19508,263,138,2023-06-06,2,347.99,5,Cash,661.18
19509,409,399,2023-11-21,5,390.17,10,Card,1755.77
19510,953,487,2023-09-08,5,213.97,10,Cash,962.86
19511,268,350,2024-01-01,2,399.48,15,UPI,679.12
19512,536,127,2023-11-17,2,392.1,15,Cash,666.57
19513,130,327,2023-07-05,4,192.43,15,Cash,654.26
19514,71,238,2025-05-16,1,302.79,15,UPI,257.37
19515,850,127,2023-01-22,3,414.13,10,Cash,1118.15
19516,923,212,2024-02-26,4,335.52,10,Card,1207.87
19517,888,369,2024-10-10,2,43.29,5,Cash,82.25
19518,678,395,2023-06-12,4,220.83,20,Cash,706.66
19519,417,51,2024-10-06,1,358.72,20,Card,286.98
19520,1,345,2023-05-18,4,9.13,10,Card,32.87
19521,257,441,2023-10-05,4,211.84,20,Cash,677.89
19522,214,438,2024-12-28,1,292.98,15,Card,249.03
19523,335,325,2023-04-14,4,323.9,10,Cash,1166.04
19524,653,380,2025-04-02,5,451.22,20,UPI,1804.88
19525,950,468,2024-05-06,5,94.47,20,Cash,377.88
19526,561,303,2023-09-14,5,445.8,0,PayPal,2229.0
19527,975,59,2023-03-20,3,286.13,15,PayPal,729.63
19528,567,6,2023-09-25,3,124.4,0,UPI,373.2
19529,667,91,2023-12-02,2,151.39,5,Card,287.64
19530,840,63,2023-05-16,3,12.41,5,Card,35.37
19531,229,393,2024-02-27,4,190.2,0,Cash,760.8
19532,255,54,2024-06-19,3,352.3,10,Cash,951.21
19533,266,267,2024-02-06,2,76.69,20,Card,122.7
19534,64,179,2023-11-30,4,268.09,0,Card,1072.36
19535,655,468,2023-07-18,1,49.86,20,Cash,39.89
19536,592,457,2023-03-03,2,361.64,0,Cash,723.28
19537,372,473,2023-04-05,2,384.96,20,Card,615.94
19538,259,330,2024-07-15,3,177.41,5,PayPal,505.62
19539,769,9,2023-06-06,2,449.61,10,UPI,809.3
19540,638,57,2024-05-30,1,415.14,20,PayPal,332.11
19541,28,52,2024-02-19,3,204.37,5,Cash,582.45
19542,658,56,2025-04-19,2,338.42,15,Card,575.31
19543,497,82,2025-04-30,4,59.05,15,PayPal,200.77
19544,339,457,2025-01-27,3,311.12,20,UPI,746.69
19545,530,461,2024-12-27,4,390.06,20,Card,1248.19
19546,162,349,2023-01-29,2,358.82,15,PayPal,609.99
19547,960,149,2025-03-06,2,381.89,5,UPI,725.59
19548,305,150,2025-05-08,3,208.81,20,PayPal,501.14
19549,752,261,2023-01-19,2,90.67,15,UPI,154.14
19550,92,435,2023-06-18,1,361.78,15,Cash,307.51
19551,319,168,2025-05-13,2,465.71,5,Card,884.85
19552,779,475,2023-01-26,3,268.98,0,Cash,806.94
19553,649,337,2024-10-05,4,207.27,0,PayPal,829.08
19554,169,108,2024-03-23,1,166.42,15,PayPal,141.46
19555,386,236,2023-01-09,3,488.35,20,PayPal,1172.04
19556,911,385,2025-04-25,4,37.78,15,Card,128.45
19557,210,379,2024-05-17,1,474.12,0,UPI,474.12
19558,959,54,2023-11-27,5,344.04,20,Card,1376.16
19559,226,57,2024-08-10,4,448.8,20,UPI,1436.16
19560,530,43,2023-01-03,2,276.74,15,PayPal,470.46
19561,388,173,2024-03-31,5,437.71,10,Cash,1969.69
19562,199,91,2023-08-22,1,14.82,5,Cash,14.08
19563,737,470,2025-02-14,1,41.02,15,Card,34.87
19564,352,294,2025-05-07,3,56.92,5,Cash,162.22
19565,142,399,2023-05-13,5,346.23,5,PayPal,1644.59
19566,130,319,2024-09-15,3,33.84,10,UPI,91.37
19567,190,210,2024-07-08,4,421.11,15,PayPal,1431.77
19568,846,313,2023-01-09,4,353.73,0,Card,1414.92
19569,402,13,2024-08-25,1,9.98,10,Card,8.98
19570,328,210,2024-07-26,1,90.9,0,UPI,90.9
19571,521,490,2023-11-22,2,79.74,5,UPI,151.51
19572,842,324,2024-11-30,2,22.02,10,Card,39.64
19573,11,309,2023-06-17,1,88.37,10,Card,79.53
19574,855,239,2025-04-27,1,318.69,5,UPI,302.76
19575,537,412,2024-11-28,4,151.01,10,Card,543.64
19576,932,477,2024-08-21,5,343.88,0,Card,1719.4
19577,293,73,2024-12-29,1,10.76,5,Card,10.22
19578,362,315,2024-07-12,1,84.38,20,PayPal,67.5
19579,256,130,2023-09-11,5,436.51,20,Card,1746.04
19580,80,436,2023-12-05,3,75.1,10,UPI,202.77
19581,669,285,2024-08-20,5,491.41,15,UPI,2088.49
19582,399,17,2023-08-05,3,123.25,5,UPI,351.26
19583,505,275,2023-11-13,4,290.41,15,Card,987.39
19584,745,483,2023-05-01,3,408.38,10,UPI,1102.63
19585,397,268,2025-06-16,3,433.26,20,UPI,1039.82
19586,951,169,2024-10-31,3,328.48,15,PayPal,837.62
19587,265,282,2025-04-15,1,275.11,10,PayPal,247.6
19588,745,325,2024-12-07,5,474.78,10,PayPal,2136.51
19589,238,416,2024-06-29,5,359.01,20,PayPal,1436.04
19590,481,400,2023-08-08,1,247.71,10,Card,222.94
19591,884,465,2024-06-26,2,394.7,0,PayPal,789.4
19592,134,300,2024-01-24,5,75.63,15,Card,321.43
19593,989,433,2024-08-08,5,399.13,15,PayPal,1696.3
19594,505,236,2023-01-02,5,210.79,0,Cash,1053.95
19595,182,158,2024-07-12,5,460.43,10,Cash,2071.93
19596,261,482,2024-07-24,3,100.92,10,PayPal,272.48
19597,53,68,2023-11-02,1,488.47,10,Cash,439.62
19598,782,366,2024-03-17,3,139.98,10,Card,377.95
19599,362,458,2025-01-15,4,404.18,20,Card,1293.38
19600,453,223,2025-05-22,2,390.28,15,PayPal,663.48
19601,623,450,2024-05-28,5,492.35,5,Cash,2338.66
19602,616,32,2024-06-17,3,50.6,5,UPI,144.21
19603,352,256,2024-09-08,5,134.28,5,PayPal,637.83
19604,60,229,2023-01-18,3,124.06,5,Card,353.57
19605,767,88,2023-01-15,1,274.16,20,Card,219.33
19606,740,460,2023-09-07,5,24.2,0,UPI,121.0
19607,358,197,2024-01-23,4,50.8,0,UPI,203.2
19608,519,111,2024-07-09,3,236.39,20,UPI,567.34
19609,465,410,2024-12-30,4,361.13,15,Card,1227.84
19610,651,203,2023-11-09,1,105.34,20,UPI,84.27
19611,4,32,2024-06-19,4,458.47,15,Cash,1558.8
19612,80,427,2024-01-31,3,438.32,5,Card,1249.21
19613,730,361,2023-02-11,1,450.08,0,Card,450.08
19614,210,192,2024-02-14,5,250.47,5,Cash,1189.73
19615,455,296,2023-01-27,2,103.06,0,Card,206.12
19616,901,327,2024-06-30,2,233.85,20,PayPal,374.16
19617,950,495,2025-05-27,3,468.62,5,PayPal,1335.57
19618,484,435,2024-06-13,3,189.95,20,Cash,455.88
19619,895,225,2024-08-26,5,97.1,5,PayPal,461.22
19620,781,362,2023-01-09,1,186.16,5,Cash,176.85
19621,476,251,2023-03-12,5,305.93,0,Cash,1529.65
19622,299,171,2023-07-01,3,68.73,20,Cash,164.95
19623,967,400,2024-04-09,3,243.59,20,PayPal,584.62
19624,104,433,2025-05-19,1,351.19,20,Card,280.95
19625,265,364,2024-10-17,5,452.48,15,Cash,1923.04
19626,360,441,2024-03-11,5,429.62,10,PayPal,1933.29
19627,769,388,2024-08-31,3,326.76,15,PayPal,833.24
19628,374,237,2023-11-07,5,460.09,5,Cash,2185.43
19629,188,125,2024-04-04,1,472.07,15,Card,401.26
19630,690,353,2023-08-17,1,35.41,0,Card,35.41
19631,168,336,2023-12-14,2,249.9,15,Cash,424.83
19632,94,178,2024-08-11,4,360.05,15,Cash,1224.17
19633,905,385,2023-02-03,1,248.46,0,UPI,248.46
19634,738,176,2024-01-15,5,84.3,10,Cash,379.35
19635,194,86,2024-07-18,1,103.91,5,UPI,98.71
19636,845,164,2024-12-16,1,185.88,20,Card,148.7
19637,148,152,2023-12-10,1,292.3,15,PayPal,248.46
19638,762,79,2024-04-29,4,430.63,5,Card,1636.39
19639,476,339,2024-02-23,1,454.26,10,Cash,408.83
19640,829,453,2023-05-08,2,429.46,10,Card,773.03
19641,538,95,2024-11-20,3,134.91,5,Card,384.49
19642,85,384,2023-05-09,5,353.46,10,Card,1590.57
19643,221,422,2024-05-29,2,89.06,0,Cash,178.12
19644,118,212,2023-06-18,2,464.51,0,UPI,929.02
19645,399,327,2023-04-21,3,365.46,10,UPI,986.74
19646,709,471,2023-02-16,2,32.73,10,UPI,58.91
19647,395,347,2024-10-03,2,454.36,20,Cash,726.98
19648,761,432,2024-07-26,2,282.63,15,UPI,480.47
19649,957,326,2025-02-12,5,168.64,20,UPI,674.56
19650,503,190,2025-02-10,4,239.54,15,PayPal,814.44
19651,66,117,2024-03-16,1,374.53,15,Cash,318.35
19652,614,70,2023-10-07,4,419.87,0,Cash,1679.48
19653,347,50,2024-05-09,2,41.41,0,UPI,82.82
19654,398,436,2023-02-24,2,75.44,15,Card,128.25
19655,925,62,2023-06-18,4,150.01,15,Cash,510.03
19656,373,333,2024-12-18,2,403.7,20,Card,645.92
19657,613,379,2024-11-15,2,382.07,20,Cash,611.31
19658,763,482,2025-03-20,1,219.11,5,Card,208.15
19659,387,105,2023-09-08,1,81.25,15,UPI,69.06
19660,376,273,2024-09-27,1,225.91,20,UPI,180.73
19661,497,16,2025-04-27,1,470.12,5,UPI,446.61
19662,184,329,2024-06-08,2,11.11,5,Card,21.11
19663,779,377,2024-11-09,5,175.74,15,Card,746.89
19664,804,6,2025-05-29,3,126.12,10,Card,340.52
19665,579,50,2024-02-12,1,96.08,15,PayPal,81.67
19666,90,333,2024-04-19,3,16.95,15,Cash,43.22
19667,793,163,2024-05-23,3,367.78,20,Card,882.67
19668,93,329,2025-06-04,4,108.23,10,UPI,389.63
19669,661,371,2024-07-03,4,308.95,0,PayPal,1235.8
19670,390,418,2024-12-04,4,119.35,10,Cash,429.66
19671,822,216,2023-04-19,1,244.8,20,UPI,195.84
19672,602,415,2025-03-27,3,107.38,0,PayPal,322.14
19673,462,407,2025-01-13,3,56.26,15,PayPal,143.46
19674,559,18,2024-12-28,4,432.78,0,UPI,1731.12
19675,933,290,2023-09-28,4,445.98,5,PayPal,1694.72
19676,416,219,2023-12-21,3,81.36,5,Card,231.88
19677,511,62,2023-05-07,3,29.19,0,UPI,87.57
19678,395,240,2024-01-05,5,484.11,15,PayPal,2057.47
19679,786,457,2024-08-13,2,14.18,15,PayPal,24.11
19680,932,296,2024-11-17,5,300.47,0,PayPal,1502.35
19681,569,365,2024-07-30,2,233.53,5,PayPal,443.71
19682,951,126,2023-12-28,1,390.38,0,PayPal,390.38
19683,819,287,2023-12-23,5,197.35,20,UPI,789.4
19684,27,474,2025-05-23,3,430.97,0,UPI,1292.91
19685,37,162,2024-08-25,3,432.44,15,PayPal,1102.72
19686,945,7,2024-03-21,1,128.03,0,UPI,128.03
19687,146,457,2024-09-16,1,131.85,15,Cash,112.07
19688,813,44,2025-01-08,3,421.29,0,Card,1263.87
19689,679,58,2023-04-14,1,357.44,5,Card,339.57
19690,146,244,2025-02-28,3,407.94,15,PayPal,1040.25
19691,951,75,2023-06-01,4,56.69,10,PayPal,204.08
19692,220,488,2023-04-15,2,428.86,10,PayPal,771.95
19693,834,238,2025-03-09,1,473.26,0,Cash,473.26
19694,841,39,2024-10-27,3,64.54,15,Cash,164.58
19695,846,322,2024-11-08,4,345.78,10,Card,1244.81
19696,136,189,2025-02-27,2,449.94,15,Cash,764.9
19697,258,148,2024-03-08,4,5.36,10,UPI,19.3
19698,907,255,2024-05-13,1,6.05,20,Card,4.84
19699,449,215,2024-05-24,3,485.31,5,PayPal,1383.13
19700,73,169,2025-02-26,5,104.88,10,Card,471.96
19701,772,409,2024-06-20,2,57.38,20,UPI,91.81
19702,55,481,2023-05-01,5,14.06,5,Card,66.78
19703,896,155,2023-11-04,4,8.96,5,Card,34.05
19704,703,200,2023-03-01,5,440.08,15,PayPal,1870.34
19705,359,306,2023-07-18,4,94.13,20,PayPal,301.22
19706,939,43,2023-07-24,4,459.44,20,PayPal,1470.21
19707,722,192,2025-04-01,4,134.47,5,PayPal,510.99
19708,638,74,2024-10-17,2,471.26,15,Card,801.14
19709,402,93,2023-08-08,3,310.45,5,Cash,884.78
19710,236,363,2023-08-11,1,303.78,5,Cash,288.59
19711,579,372,2024-09-05,2,492.64,5,Cash,936.02
19712,432,297,2023-02-19,5,426.88,10,UPI,1920.96
19713,385,199,2024-07-06,4,256.86,15,UPI,873.32
19714,96,83,2025-05-15,3,21.18,0,PayPal,63.54
19715,913,118,2025-01-06,2,257.75,0,PayPal,515.5
19716,38,120,2024-04-07,4,220.78,20,UPI,706.5
19717,320,397,2024-05-29,2,135.54,10,UPI,243.97
19718,165,238,2023-04-30,1,89.93,5,UPI,85.43
19719,779,19,2024-10-27,5,45.09,20,PayPal,180.36
19720,877,308,2023-11-27,2,457.85,20,UPI,732.56
19721,493,108,2024-08-07,5,160.15,20,PayPal,640.6
19722,28,411,2024-12-20,3,36.8,0,UPI,110.4
19723,822,418,2023-11-28,2,432.53,5,UPI,821.81
19724,150,394,2023-07-10,1,183.45,15,PayPal,155.93
19725,106,22,2024-12-02,4,322.03,15,Cash,1094.9
19726,978,205,2023-09-15,4,85.52,0,Cash,342.08
19727,247,25,2025-01-30,4,257.95,5,Cash,980.21
19728,281,239,2023-05-23,1,167.32,5,Cash,158.95
19729,254,418,2025-06-13,4,401.81,10,UPI,1446.52
19730,434,15,2023-09-02,5,304.44,0,Cash,1522.2
19731,613,296,2024-10-15,3,137.58,5,Cash,392.1
19732,260,49,2023-08-01,2,338.37,0,Card,676.74
19733,331,482,2024-01-18,4,290.89,20,Cash,930.85
19734,957,165,2024-11-08,3,171.77,0,PayPal,515.31
19735,999,125,2023-06-15,2,460.22,0,PayPal,920.44
19736,259,325,2023-03-15,2,380.62,5,UPI,723.18
19737,193,495,2023-02-22,1,199.96,5,UPI,189.96
19738,746,456,2025-04-06,2,427.02,10,UPI,768.64
19739,912,154,2023-11-09,4,25.78,15,Cash,87.65
19740,177,189,2024-06-29,2,439.42,5,Card,834.9
19741,403,284,2024-05-01,4,270.01,0,Cash,1080.04
19742,309,445,2024-09-30,1,29.75,10,PayPal,26.78
19743,580,377,2025-04-05,5,218.4,0,PayPal,1092.0
19744,561,394,2023-02-09,3,275.16,5,Card,784.21
19745,781,100,2025-06-10,5,31.3,15,UPI,133.03
19746,759,390,2025-01-27,1,172.27,15,Cash,146.43
19747,395,111,2023-08-31,3,388.05,15,UPI,989.53
19748,783,377,2023-01-21,4,444.91,20,Cash,1423.71
19749,353,463,2024-04-16,1,78.59,15,Cash,66.8
19750,544,273,2024-11-04,2,268.8,20,PayPal,430.08
19751,554,449,2024-12-02,2,447.32,0,UPI,894.64
19752,707,271,2023-10-24,4,320.51,15,PayPal,1089.73
19753,417,494,2023-07-04,5,31.33,20,UPI,125.32
19754,732,231,2023-09-08,3,251.07,20,Card,602.57
19755,262,30,2024-06-13,3,316.47,10,Cash,854.47
19756,434,176,2023-09-12,4,157.01,0,Cash,628.04
19757,959,231,2023-07-19,3,251.31,10,Card,678.54
19758,640,330,2023-01-27,3,264.31,5,Card,753.28
19759,717,217,2024-01-22,5,100.8,5,PayPal,478.8
19760,840,126,2025-02-20,3,299.99,5,Cash,854.97
19761,459,492,2024-11-02,1,440.69,10,UPI,396.62
19762,952,435,2024-03-01,2,156.74,20,UPI,250.78
19763,88,143,2025-02-03,1,284.23,15,Cash,241.6
19764,435,436,2025-05-03,5,417.96,15,UPI,1776.33
19765,563,329,2023-11-15,2,30.22,0,Cash,60.44
19766,512,495,2024-12-05,4,324.04,0,PayPal,1296.16
19767,625,353,2025-04-26,1,34.98,10,Cash,31.48
19768,308,308,2024-01-29,4,105.94,20,Card,339.01
19769,304,92,2023-06-13,2,233.48,15,UPI,396.92
19770,854,32,2023-05-25,2,106.3,15,UPI,180.71
19771,575,83,2023-03-25,2,411.98,15,UPI,700.37
19772,163,408,2024-01-28,2,129.23,5,Card,245.54
19773,932,369,2024-08-30,4,374.98,10,Cash,1349.93
19774,179,482,2023-03-01,2,148.79,15,UPI,252.94
19775,428,3,2023-10-12,5,386.09,0,UPI,1930.45
19776,506,422,2025-04-05,1,124.14,15,UPI,105.52
19777,695,44,2024-11-24,4,32.53,10,Card,117.11
19778,693,75,2025-01-18,5,67.61,0,UPI,338.05
19779,712,101,2023-02-19,4,144.33,20,Card,461.86
19780,112,330,2023-08-03,1,223.37,5,Cash,212.2
19781,908,385,2024-05-11,2,5.96,5,PayPal,11.32
19782,109,398,2024-02-17,1,347.19,20,PayPal,277.75
19783,900,47,2023-08-20,2,52.33,5,Cash,99.43
19784,292,400,2023-05-28,2,382.06,0,UPI,764.12
19785,649,441,2023-02-04,4,197.67,20,Cash,632.54
19786,41,66,2025-05-27,3,260.07,10,PayPal,702.19
19787,716,337,2023-06-14,3,217.41,5,Card,619.62
19788,750,75,2024-08-20,2,363.96,20,UPI,582.34
19789,109,463,2023-08-05,5,132.13,10,UPI,594.59
19790,85,243,2024-04-16,1,55.22,15,Cash,46.94
19791,888,7,2024-02-01,2,74.74,10,PayPal,134.53
19792,858,191,2024-12-25,2,166.69,20,Cash,266.7
19793,415,51,2025-02-08,4,11.12,15,Card,37.81
19794,123,98,2024-08-24,2,358.31,5,UPI,680.79
19795,35,128,2023-06-15,2,165.41,20,PayPal,264.66
19796,564,133,2023-08-25,2,135.66,5,Cash,257.75
19797,113,193,2023-11-18,1,331.69,15,PayPal,281.94
19798,869,327,2023-06-26,2,121.86,0,Cash,243.72
19799,576,248,2024-12-11,1,225.94,5,UPI,214.64
19800,916,394,2023-03-24,3,200.41,5,PayPal,571.17
19801,478,443,2025-04-15,1,383.77,20,Card,307.02
19802,807,353,2024-12-26,4,138.22,15,PayPal,469.95
19803,889,426,2024-06-26,4,402.05,0,Cash,1608.2
19804,643,236,2023-01-30,1,266.5,10,Cash,239.85
19805,743,52,2023-11-23,3,269.1,10,Card,726.57
19806,992,85,2024-01-05,2,225.27,15,PayPal,382.96
19807,376,403,2024-08-04,1,470.32,20,Card,376.26
19808,122,285,2023-03-26,4,43.69,0,PayPal,174.76
19809,942,497,2023-01-21,5,53.25,10,Cash,239.62
19810,341,235,2023-08-14,5,26.29,5,PayPal,124.88
19811,347,389,2024-12-26,4,50.96,10,Cash,183.46
19812,986,175,2023-09-02,2,462.87,15,Card,786.88
19813,941,350,2025-05-05,2,433.48,20,Card,693.57
19814,584,343,2024-06-01,3,263.95,15,PayPal,673.07
19815,224,77,2023-07-15,1,374.99,20,Cash,299.99
19816,437,435,2024-05-31,1,220.81,10,UPI,198.73
19817,129,432,2023-12-23,5,218.88,5,UPI,1039.68
19818,784,293,2024-01-06,2,35.7,15,Cash,60.69
19819,784,446,2024-12-02,2,182.31,15,Card,309.93
19820,426,60,2024-11-07,4,362.69,20,UPI,1160.61
19821,153,210,2024-05-11,1,8.57,0,Card,8.57
19822,112,347,2024-10-26,1,459.63,0,Card,459.63
19823,369,158,2023-09-19,2,350.68,0,Cash,701.36
19824,68,178,2023-05-10,5,98.56,20,Card,394.24
19825,161,226,2023-07-28,3,174.99,10,Cash,472.47
19826,373,169,2024-07-18,1,181.46,10,Cash,163.31
19827,694,229,2024-07-24,5,50.63,5,UPI,240.49
19828,470,368,2024-07-14,3,89.9,5,Card,256.22
19829,52,312,2023-12-01,2,289.1,5,UPI,549.29
19830,533,376,2023-07-18,5,210.91,0,PayPal,1054.55
19831,500,166,2024-11-12,1,165.32,0,PayPal,165.32
19832,726,468,2025-03-31,2,27.0,0,Card,54.0
19833,618,487,2024-10-27,3,90.8,20,Cash,217.92
19834,57,230,2025-01-02,1,490.14,0,PayPal,490.14
19835,527,41,2025-05-07,2,70.88,20,PayPal,113.41
19836,94,10,2024-07-28,4,466.2,0,UPI,1864.8
19837,992,405,2025-06-06,5,157.85,0,Card,789.25
19838,920,65,2023-09-13,1,334.89,10,UPI,301.4
19839,64,102,2023-07-13,5,497.02,15,Card,2112.34
19840,467,35,2023-04-06,3,124.18,5,Cash,353.91
19841,407,240,2023-05-10,5,377.18,10,Cash,1697.31
19842,106,28,2024-07-11,4,131.61,10,Cash,473.8
19843,247,320,2025-05-03,3,45.32,10,Cash,122.36
19844,715,326,2024-04-13,1,391.02,15,Cash,332.37
19845,330,415,2023-05-18,4,335.28,5,Card,1274.06
19846,734,60,2024-01-04,4,241.09,20,PayPal,771.49
19847,917,404,2023-05-02,2,60.97,15,Card,103.65
19848,938,346,2024-07-21,2,250.5,10,PayPal,450.9
19849,520,493,2023-02-19,3,85.67,20,Card,205.61
19850,635,65,2023-03-18,4,67.6,10,Card,243.36
19851,830,471,2025-02-21,2,499.02,5,Cash,948.14
19852,111,44,2023-02-10,3,270.07,0,Card,810.21
19853,461,388,2025-01-24,1,113.89,15,PayPal,96.81
19854,313,2,2025-01-27,2,21.29,0,Card,42.58
19855,138,123,2025-05-22,3,415.05,10,PayPal,1120.64
19856,116,321,2025-02-24,5,475.14,10,UPI,2138.13
19857,350,437,2025-03-07,2,382.71,20,UPI,612.34
19858,232,318,2024-07-30,2,458.2,5,PayPal,870.58
19859,241,213,2023-09-09,4,335.57,15,Cash,1140.94
19860,727,18,2025-04-02,5,151.87,20,Cash,607.48
19861,382,390,2025-05-12,4,435.52,15,UPI,1480.77
19862,825,108,2023-03-20,1,70.02,20,Card,56.02
19863,858,166,2024-06-26,5,232.63,20,PayPal,930.52
19864,116,454,2024-06-17,1,145.28,10,Card,130.75
19865,591,298,2025-01-29,4,55.79,5,UPI,212.0
19866,921,113,2025-05-13,4,467.11,15,PayPal,1588.17
19867,781,96,2024-02-09,3,433.02,10,UPI,1169.15
19868,677,66,2024-11-08,4,403.25,0,PayPal,1613.0
19869,897,76,2024-03-18,1,417.58,10,UPI,375.82
19870,491,431,2025-04-13,4,39.23,5,PayPal,149.07
19871,578,106,2024-03-25,4,470.84,0,Cash,1883.36
19872,756,241,2025-03-25,4,354.94,0,UPI,1419.76
19873,611,490,2023-05-28,2,446.57,10,Card,803.83
19874,628,352,2024-01-09,3,420.66,20,PayPal,1009.58
19875,219,443,2024-01-22,3,217.19,15,UPI,553.83
19876,140,184,2023-03-01,4,117.54,5,Cash,446.65
19877,923,290,2023-02-16,4,418.81,10,Cash,1507.72
19878,41,142,2024-03-27,1,379.37,20,Cash,303.5
19879,31,77,2023-03-09,3,73.52,15,Card,187.48
19880,552,106,2024-04-24,2,432.61,10,Cash,778.7
19881,444,308,2023-09-26,1,109.78,10,PayPal,98.8
19882,924,122,2023-05-28,5,311.38,10,UPI,1401.21
19883,427,233,2023-08-18,2,358.8,0,Card,717.6
19884,789,240,2024-07-27,2,429.63,10,UPI,773.33
19885,477,131,2024-10-10,2,224.06,5,PayPal,425.71
19886,665,284,2025-05-03,2,488.19,15,Card,829.92
19887,909,78,2024-09-20,4,427.84,20,UPI,1369.09
19888,104,141,2025-05-14,2,23.65,10,UPI,42.57
19889,71,353,2023-12-06,4,74.53,10,PayPal,268.31
19890,623,349,2023-11-15,1,369.47,5,Card,351.0
19891,6,390,2024-07-13,5,137.79,15,Cash,585.61
19892,958,229,2025-02-25,2,419.79,5,PayPal,797.6
19893,931,460,2024-12-09,5,64.3,10,Card,289.35
19894,285,211,2025-03-17,3,210.44,15,Card,536.62
19895,524,178,2023-05-19,2,347.9,10,Card,626.22
19896,63,326,2023-12-01,2,379.26,0,UPI,758.52
19897,618,320,2023-06-15,3,223.41,15,Card,569.7
19898,231,67,2025-01-30,2,191.56,0,PayPal,383.12
19899,722,487,2023-01-22,4,395.8,15,Card,1345.72
19900,691,389,2024-11-28,4,348.16,10,PayPal,1253.38
19901,333,467,2025-06-14,5,410.36,10,Card,1846.62
19902,387,352,2025-05-17,3,368.45,5,UPI,1050.08
19903,714,481,2024-07-07,1,112.09,20,PayPal,89.67
19904,684,351,2025-06-11,5,57.32,5,Cash,272.27
19905,204,206,2024-07-11,5,188.07,10,Cash,846.31
19906,661,431,2023-05-19,5,12.29,0,Card,61.45
19907,264,12,2023-07-03,5,84.2,5,Cash,399.95
19908,916,362,2023-05-20,4,253.84,5,Card,964.59
19909,793,172,2023-12-17,4,266.1,5,UPI,1011.18
19910,776,291,2023-06-24,5,425.93,0,Cash,2129.65
19911,431,212,2025-03-08,1,191.72,15,Card,162.96
19912,154,379,2025-01-09,3,284.54,0,Card,853.62
19913,668,23,2024-01-11,5,252.21,5,PayPal,1198.0
19914,840,229,2025-05-09,1,304.82,0,UPI,304.82
19915,329,61,2024-09-29,4,346.27,20,Card,1108.06
19916,202,39,2024-07-22,4,470.54,5,UPI,1788.05
19917,858,407,2023-06-22,2,132.02,10,Cash,237.64
19918,828,296,2024-10-15,2,150.75,15,UPI,256.27
19919,561,119,2024-05-29,4,49.67,20,Cash,158.94
19920,623,196,2024-03-12,2,58.57,15,PayPal,99.57
19921,883,317,2025-05-12,5,349.24,0,PayPal,1746.2
19922,511,403,2023-10-21,2,174.85,15,Card,297.25
19923,772,469,2023-09-18,1,421.49,0,UPI,421.49
19924,742,386,2023-01-11,3,432.46,20,PayPal,1037.9
19925,937,39,2023-06-26,3,103.88,15,Card,264.89
19926,790,478,2023-01-10,3,399.63,15,UPI,1019.06
19927,694,439,2025-06-01,2,238.39,0,Cash,476.78
19928,17,188,2024-12-10,4,300.0,15,PayPal,1020.0
19929,786,475,2023-06-30,4,202.36,5,Card,768.97
19930,730,378,2024-08-21,1,57.94,0,PayPal,57.94
19931,83,209,2024-08-16,3,195.63,20,PayPal,469.51
19932,650,207,2025-03-09,3,124.35,5,Cash,354.4
19933,589,430,2023-07-01,2,28.87,10,UPI,51.97
19934,231,490,2024-04-07,2,172.83,0,UPI,345.66
19935,337,226,2023-09-03,2,337.27,20,UPI,539.63
19936,458,419,2024-02-04,2,352.15,20,UPI,563.44
19937,495,447,2024-10-08,1,382.4,5,PayPal,363.28
19938,388,340,2023-07-05,2,406.58,20,PayPal,650.53
19939,74,103,2023-04-16,5,476.75,10,PayPal,2145.38
19940,623,102,2025-05-14,4,494.46,15,PayPal,1681.16
19941,655,176,2023-10-29,4,199.08,5,UPI,756.5
19942,537,98,2023-04-07,2,55.98,5,Card,106.36
19943,285,4,2023-06-28,1,196.34,15,Card,166.89
19944,323,25,2024-06-30,1,369.86,5,PayPal,351.37
19945,940,47,2024-12-27,1,144.22,5,PayPal,137.01
19946,903,348,2023-04-30,5,193.61,5,Cash,919.65
19947,554,324,2023-09-12,2,395.76,20,PayPal,633.22
19948,770,4,2023-03-11,1,401.96,20,PayPal,321.57
19949,296,372,2025-06-19,3,41.98,20,UPI,100.75
19950,388,155,2023-04-09,2,253.92,10,Card,457.06
19951,899,325,2025-06-15,3,324.39,0,Cash,973.17
19952,50,68,2024-08-04,4,25.5,0,UPI,102.0
19953,894,13,2023-09-26,5,493.82,0,Cash,2469.1
19954,804,404,2025-03-02,5,119.71,20,PayPal,478.84
19955,197,238,2024-08-27,4,319.64,10,UPI,1150.7
19956,904,53,2025-01-13,3,338.39,10,Cash,913.65
19957,954,253,2023-08-28,2,262.2,5,PayPal,498.18
19958,399,230,2024-06-19,4,220.08,20,PayPal,704.26
19959,155,111,2023-06-02,2,400.13,15,UPI,680.22
19960,916,445,2025-03-03,2,42.82,15,Cash,72.79
19961,419,42,2023-10-27,4,286.55,10,Cash,1031.58
19962,718,14,2023-07-30,3,78.05,10,Cash,210.73
19963,278,258,2024-04-07,5,163.72,20,Card,654.88
19964,900,395,2024-03-26,5,404.4,20,Card,1617.6
19965,576,63,2023-09-24,3,462.21,15,Card,1178.64
19966,660,249,2024-11-13,4,447.65,5,Cash,1701.07
19967,149,321,2024-07-07,4,345.58,10,Card,1244.09
19968,12,455,2024-05-28,4,425.81,5,Card,1618.08
19969,300,186,2023-03-15,3,79.09,15,Card,201.68
19970,664,238,2023-07-31,5,359.47,15,UPI,1527.75
19971,496,403,2023-10-13,3,125.24,20,Card,300.58
19972,605,170,2024-03-02,3,426.95,5,UPI,1216.81
19973,26,418,2023-09-22,1,258.95,0,UPI,258.95
19974,734,478,2025-01-07,4,317.19,15,Card,1078.45
19975,832,16,2024-04-09,3,384.8,5,PayPal,1096.68
19976,843,354,2023-11-05,4,416.62,15,PayPal,1416.51
19977,680,217,2024-03-26,1,359.51,15,PayPal,305.58
19978,104,10,2024-10-04,1,142.88,10,UPI,128.59
19979,332,431,2023-05-04,5,446.26,5,PayPal,2119.74
19980,663,11,2024-05-11,2,386.45,10,UPI,695.61
19981,654,294,2025-03-08,3,154.22,0,Card,462.66
19982,829,243,2023-12-07,3,85.38,20,PayPal,204.91
19983,963,164,2025-04-14,4,11.04,20,Card,35.33
19984,883,291,2024-02-19,4,279.46,15,Cash,950.16
19985,250,4,2023-08-04,3,265.19,5,UPI,755.79
19986,448,396,2024-12-21,2,402.67,10,Card,724.81
19987,790,380,2023-02-17,1,40.7,0,UPI,40.7
19988,801,392,2024-03-07,4,494.28,15,PayPal,1680.55
19989,906,1,2023-09-05,2,348.7,5,Card,662.53
19990,770,217,2025-01-12,3,494.42,5,PayPal,1409.1
19991,909,350,2023-03-17,5,179.79,20,Card,719.16
19992,371,347,2025-04-24,5,136.07,0,Card,680.35
19993,387,153,2023-05-29,4,470.94,20,Card,1507.01
19994,904,423,2025-05-12,5,147.77,5,UPI,701.91
19995,411,11,2024-12-15,1,216.71,15,UPI,184.2
19996,409,181,2024-03-02,5,88.35,5,UPI,419.66
19997,198,108,2023-09-03,4,436.2,5,UPI,1657.56
19998,336,351,2023-05-13,2,372.35,15,UPI,633.0
19999,289,349,2023-06-10,1,250.24,20,PayPal,200.19
20000,647,395,2024-01-14,1,436.61,20,PayPal,349.29
